Gene start, Gene end, Frame (1 & 4 =top; 2 & 5 = middle; 3 & 6 = bottom), Orientation (1=left to right; 2 = right to left)
1,1394,1,1
1394,4511,3,1
1389,1394,1,1
1394,1633,3,1
1412,4508,3,1
1634,1942,3,1
1943,3636,3,1
1943,3276,3,1
3637,4508,3,1
1,1673,1,1
1,451,1,1
452,1157,1,1
1158,1211,1,1
1212,1388,1,1
1389,1439,1,1
1440,1670,1,1
4456,5047,1,1
4987,5202,3,1
5204,5306,3,1
5278,5510,2,1
8232,8289,3,1
5426,5510,3,1
8232,8541,3,1
5558,5833,2,1
5727,8690,3,1
5832,7586,3,1
7587,8685,3,1
7780,7133,1,2
8727,9556,1,1

CSV Code:, 12
Y-axis label:, Breakpoints per 200 nt window
X-axis label:, Position in alignment
Maximum X-axis value:,9556
Plot data
Lower cutoff dotted line:,40.8964385986328
Upper cutoff dotted line:,38.0054817199707
Position in alignment, Recombination breakpoint number (200nt win), Upper 99% CI, Lower 99% CI, Upper 95% CI, Lower 95% CI
1,2.130794,8.745367,8.745367,7.39164,7.39164
3,2.145329,8.850757,0.7707195,7.523633,1.267052
5,2.156145,8.891956,0.7738501,7.571486,1.280193
7,2.170051,8.914253,0.7767861,7.580788,1.311167
9,2.187048,8.932223,0.7936991,7.589994,1.344187
11,2.204045,8.950193,0.8485275,7.606068,1.361165
13,2.221042,8.968164,0.8603163,7.671574,1.388623
15,2.238039,8.986135,0.8624436,7.694818,1.403514
17,2.255035,9.007677,0.864571,7.717477,1.416063
19,2.294317,9.074599,0.9005448,7.790598,1.441583
21,2.355882,9.294633,0.93314,7.884822,1.480075
23,2.425762,9.581156,1.101793,8.032816,1.569381
25,2.518346,9.642452,1.115913,8.176932,1.635109
27,2.62625,9.774538,1.163692,8.38726,1.717464
29,2.704722,9.929673,1.230342,8.851922,1.806475
31,2.715784,10.02507,1.236837,8.937962,1.91538
33,2.72683,10.16034,1.24392,9.028297,1.977668
35,2.737139,10.25942,1.256063,9.138406,1.992076
37,2.747448,10.49685,1.260712,9.285702,2.086379
39,2.756912,10.82719,1.266417,9.420281,2.125639
41,2.769777,10.94834,1.272575,9.577729,2.149642
43,2.782591,11.12559,1.289425,9.685146,2.198227
45,2.795352,11.18054,1.324815,9.803623,2.2259
47,2.80167,11.21191,1.352431,9.927457,2.300064
49,2.808043,11.4765,1.376992,10.09112,2.361873
51,2.813664,11.59636,1.41557,10.25474,2.453839
53,2.817851,11.66319,1.467562,10.35379,2.477798
55,2.822038,11.76355,1.513909,10.43663,2.484786
57,2.826224,11.88377,1.557421,10.45338,2.501562
59,2.829782,11.99442,1.657982,10.53666,2.586619
61,2.833724,12.19334,1.713588,10.64349,2.601408
63,2.836033,12.30985,1.720114,10.78129,2.623959
65,2.838191,12.42354,1.726116,10.93318,2.70943
67,2.840343,12.53994,1.753415,11.03491,2.756549
69,2.842494,12.65908,1.83149,11.13528,2.818594
71,2.845656,13.02188,1.889496,11.26829,2.862776
73,2.848716,13.43862,1.945855,11.48876,2.884793
75,2.854265,13.66283,2.164764,11.73593,2.995173
77,2.85712,13.71191,2.175485,11.84457,3.018703
79,2.859249,13.75462,2.185806,11.96335,3.081225
81,2.860652,13.79795,2.190355,12.11939,3.163335
83,2.862688,13.88477,2.23214,12.24248,3.236465
85,2.866849,14.6568,2.515835,12.51667,3.393849
87,2.871644,15.03596,2.626474,12.89859,3.582958
89,2.876042,15.17513,2.632915,13.04695,3.618023
91,2.881073,15.54073,2.744472,13.52006,3.775388
93,2.886438,15.78511,2.81041,13.68141,3.942126
95,2.891636,15.91557,2.867606,13.80422,3.976081
97,2.898629,16.18953,3.050438,13.97799,4.092907
99,2.907586,16.25472,3.139086,14.24168,4.214239
101,2.921575,16.37893,3.340853,14.34583,4.284645
103,2.941208,16.72875,3.647433,14.59605,4.437909
105,2.974687,17.02638,3.780027,14.83872,4.578901
107,3.010006,17.32936,4.095179,15.25593,4.817501
109,3.014934,17.34962,4.141991,15.37518,4.824706
111,3.020195,17.36894,4.188763,15.43767,4.873579
113,3.025455,17.38827,4.198852,15.50016,4.893974
115,3.030716,17.40799,4.206835,15.56264,4.93626
117,3.044259,17.42942,4.206894,15.61658,5.031399
119,3.057714,17.44955,4.209002,15.79456,5.107546
121,2.946553,17.50895,4.315712,15.97136,5.074868
123,2.869157,17.63573,4.373538,16.16867,5.074742
125,2.978044,17.8415,4.490577,16.16576,5.218539
127,3.068838,17.90755,4.22148,16.23208,5.224276
129,3.223935,17.78451,4.22881,16.24554,5.325179
131,3.282553,17.73664,4.235623,16.27267,5.230701
133,3.341171,17.94347,4.144331,16.35783,5.208798
135,3.367453,17.96964,4.148564,16.48205,5.182653
137,3.465113,18.04795,4.154865,16.50924,5.204022
139,3.490212,18.36589,4.294352,16.54877,5.325605
141,3.509061,18.35784,4.270901,16.59496,5.324146
143,3.502763,18.30324,4.246685,16.50383,5.321445
145,3.441738,18.22849,4.145412,16.37591,5.14936
147,3.46626,18.37994,4.208528,16.39961,5.269853
149,3.490781,18.44924,4.235299,16.55239,5.286621
151,3.575687,18.45379,4.127493,16.67507,5.269366
153,3.677701,18.40265,4.337744,16.8924,5.370362
155,3.685328,18.3795,4.325866,16.81125,5.404854
157,3.722109,18.36986,4.307409,16.83783,5.433034
159,3.817926,18.429,4.348928,16.9546,5.533312
161,3.899932,18.40734,4.509308,17.11358,5.552375
163,3.993898,18.39832,4.50066,17.05445,5.608203
165,4.057389,18.12322,4.475313,16.92165,5.606812
167,4.092979,18.34661,4.466859,17.0533,5.699405
169,4.167943,18.60152,4.474936,17.18787,5.80166
171,4.381877,18.89124,4.720143,17.54806,5.983203
173,4.543825,19.47501,4.747378,17.90045,6.086131
175,4.688653,19.63955,4.752898,18.11196,6.125851
177,4.782579,19.69486,4.769154,18.19971,6.213497
179,4.910653,19.80342,4.795765,18.37588,6.221746
181,5.379583,19.94616,4.915923,18.54765,6.372579
183,5.513606,19.93751,4.938066,18.71586,6.470969
185,5.665648,20.1355,4.737578,18.52987,6.489555
187,5.701791,20.19492,4.669068,18.65684,6.54257
189,5.724821,20.25377,4.63728,18.63035,6.548256
191,5.584239,20.0382,4.599655,18.3326,6.381211
193,5.555579,19.63202,4.536799,18.08624,6.271617
195,5.591015,19.12556,4.471172,17.89585,6.214898
197,5.636643,19.06151,4.304502,17.83106,6.112039
199,5.686856,19.08874,4.183714,17.78909,6.054296
201,5.744049,19.11744,3.975131,17.69263,6.037706
203,5.839467,19.17023,4.247614,17.5754,6.069217
205,5.956877,19.21965,4.364132,17.53534,6.086814
207,6.071197,19.3195,4.379089,17.60175,6.178305
209,6.172207,19.58233,4.463456,17.70207,6.163638
211,6.251461,19.83256,4.778103,17.96364,6.289167
213,6.51111,19.92516,4.879213,17.91645,6.357252
215,6.591744,19.97667,4.992545,17.90158,6.445377
217,6.681207,20.1657,5.051462,17.96671,6.474531
219,6.756085,20.47569,5.01926,18.01465,6.482383
221,6.916101,20.72062,5.061052,18.24877,6.612791
223,6.990565,20.77662,5.19052,18.41089,6.609182
225,6.984155,20.73358,5.136852,18.48988,6.600418
227,6.960153,20.58599,5.170059,18.61274,6.596509
229,7.009216,20.32972,5.312217,18.60454,6.551301
231,7.173439,20.42743,5.512304,18.71727,6.571392
233,7.223233,20.40206,5.494481,18.60268,6.615267
235,7.273764,20.35499,5.480743,18.55075,6.622209
237,7.324294,20.17854,5.39494,18.56256,6.607758
239,7.378174,20.32123,5.437846,18.5711,6.562605
241,7.675826,20.48867,5.412271,18.79316,6.676774
243,7.784468,20.37633,5.307632,18.86794,6.664942
245,7.943349,20.46333,5.194891,19.01533,6.705053
247,8.111584,20.94263,5.252177,19.21004,6.708271
249,8.703376,21.43695,5.28589,19.28437,6.693577
251,9.611194,21.2464,5.368571,19.61294,6.88988
253,10.00954,21.54928,5.337703,19.86119,6.962341
255,10.4824,21.74344,5.463387,19.86374,6.968084
257,10.61389,22.00418,5.466148,19.9737,7.145477
259,10.72199,22.19618,5.48394,20.08379,7.277976
261,10.83571,22.2902,5.432323,20.33679,7.285727
263,10.93188,22.4406,5.435266,20.37049,7.37254
265,11.05256,22.40746,5.419719,20.47253,7.433137
267,11.16636,22.39956,5.404621,20.51237,7.450724
269,11.22036,22.36626,5.360135,20.39388,7.319408
271,11.27334,22.23663,5.157287,20.28667,7.226881
273,11.32642,22.17263,4.930867,20.16268,7.128918
275,11.37702,21.71912,4.846785,19.87532,6.957317
277,11.43031,21.57172,4.780719,19.83525,6.909078
279,11.48433,21.46513,4.698152,19.72748,6.851521
281,11.53907,21.37604,4.690955,19.67278,6.845445
283,11.59318,21.34286,4.688624,19.61127,6.774355
285,12.19372,21.59558,4.827592,19.74167,6.61761
287,13.04992,21.9227,4.865893,19.74738,6.966179
289,13.683,22.10732,5.149508,20.12032,7.142983
291,14.11297,22.21863,5.298494,20.5489,7.194931
293,14.39843,22.4395,5.511974,20.66888,7.23883
295,14.803,22.92123,5.687212,20.89275,7.599726
297,15.20068,23.13336,5.724259,20.97808,7.808646
299,15.57708,23.49122,5.844728,21.09584,7.892817
301,16.46254,23.46999,5.771522,21.22931,7.917696
303,17.28768,23.32059,5.90753,21.34571,7.93397
305,17.3685,23.05896,5.931136,21.24214,7.85804
307,17.44721,22.85243,5.742634,20.91707,7.691779
309,17.55603,22.78859,5.73806,20.87386,7.641644
311,17.66485,22.74674,5.734601,20.82306,7.6077
313,17.77367,22.70543,5.731142,20.77227,7.573756
315,17.88249,22.67332,5.630116,20.72148,7.546007
317,17.98296,22.53961,5.59792,20.57719,7.510466
319,18.0835,22.48234,5.583388,20.52924,7.43462
321,18.1789,22.41346,5.573371,20.46653,7.308477
323,18.2691,22.35021,5.566497,20.17421,7.163432
325,18.19276,22.25251,5.560676,20.1535,6.975679
327,18.0808,22.19576,5.555219,19.96481,6.909621
329,17.98421,22.02818,5.396199,19.8525,6.807889
331,17.9841,21.89887,5.266769,19.81495,6.736441
333,17.98398,21.75614,5.13734,19.71818,6.662125
335,17.98408,21.73802,5.007774,19.65026,6.594483
337,17.9505,21.64508,4.911855,19.48383,6.500955
339,17.97678,21.26029,4.885489,19.42856,6.441861
341,18.17979,21.23838,4.693456,19.34937,6.315181
343,18.51742,21.08149,4.591164,19.40771,6.309926
345,18.83592,20.91776,4.646937,19.40296,6.295063
347,18.93383,20.98162,4.661244,19.43881,6.280125
349,19.03175,21.03856,4.780282,19.31944,6.265186
351,19.0693,20.93208,4.900366,19.13732,6.247101
353,19.05398,20.55467,4.913394,18.82348,6.088906
355,19.137,20.563,4.980519,18.86427,6.070912
357,19.25613,20.48457,5.005487,18.7392,6.11551
359,19.31632,20.15682,5.029637,18.48692,6.055619
361,19.53349,20.07707,5.0524,18.45165,6.009282
363,19.89458,19.98999,4.967934,18.32509,6.027596
365,20.05117,20.02234,4.928504,18.37045,6.151063
367,20.2642,20.41634,4.935058,18.62038,6.127479
369,20.59912,20.98538,5.202818,19.02136,6.360183
371,20.58819,20.50933,5.122979,18.91076,6.289504
373,20.71847,20.40062,4.936266,18.70614,6.164059
375,20.93196,20.38328,4.885264,18.49117,6.114332
377,20.87521,20.37927,4.832611,18.42191,6.011585
379,20.79292,20.08171,4.789718,18.34533,6.044125
381,20.38625,19.68271,4.752892,18.13384,6.068022
383,20.43483,19.79071,4.876031,18.08299,6.127322
385,20.59877,19.78643,4.770461,17.76345,6.139937
387,20.63239,19.81724,4.825489,17.86546,6.055091
389,20.79934,19.7408,4.895813,18.16211,6.220125
391,21.13609,19.98889,5.138288,18.24546,6.345089
393,21.63038,20.31746,5.355121,18.61423,6.617826
395,22.10673,20.52205,5.430861,18.78623,6.692391
397,22.09936,20.53473,5.5028,18.92355,6.669429
399,22.07268,20.52249,5.544959,18.95821,6.618725
401,22.03933,20.51115,5.550778,18.91223,6.668575
403,21.97337,20.39154,5.500474,18.81016,6.674245
405,21.88272,20.3829,5.46508,18.80257,6.700676
407,21.79284,20.21081,5.437272,18.79071,6.771987
409,21.71257,20.08201,5.405886,18.56096,6.591651
411,21.65716,20.03894,5.349917,18.29605,6.541209
413,21.41683,20.02296,5.370214,18.30478,6.547504
415,21.35459,19.90859,5.382567,18.32687,6.596688
417,21.28262,19.8188,5.373886,18.31718,6.566822
419,21.20287,19.85649,5.30562,18.29032,6.565914
421,21.01571,19.54849,5.103053,18.09679,6.375788
423,20.90578,19.3015,4.977083,17.97705,6.189281
425,20.88521,19.2618,4.904955,17.94925,6.250109
427,20.98202,19.23373,4.824929,17.93199,6.158282
429,21.13159,19.298,4.706347,17.74252,6.208432
431,21.39625,19.47985,4.588123,17.72675,6.094287
433,21.42284,19.56578,4.692048,17.71029,6.074118
435,21.44942,19.76702,4.770774,17.69493,6.074247
437,21.47741,19.95936,4.763535,17.72486,6.123581
439,21.50465,20.047,4.762996,17.78849,6.224737
441,21.28649,19.90723,4.703514,17.68111,6.206008
443,21.33438,19.91164,4.707564,17.49083,6.157856
445,21.35821,19.78132,4.678015,17.50865,6.071606
447,21.37895,19.7875,4.641059,17.53376,5.988885
449,21.10812,19.61997,4.494905,17.61538,5.951955
451,20.4416,18.95024,4.464226,17.23512,5.889027
453,20.21509,18.84742,4.421775,17.14412,5.818707
455,19.81893,18.77326,4.358158,16.87797,5.704867
457,19.76662,18.66421,4.090115,16.87579,5.594956
459,19.73714,18.58982,4.038349,16.72517,5.509293
461,19.6631,18.31908,4.019978,16.66057,5.308938
463,19.60823,18.00994,4.11766,16.46124,5.203777
465,19.529,17.95703,4.104932,16.42176,5.104743
467,19.45666,17.78124,3.892779,16.19345,5.107278
469,19.44412,17.69938,3.92662,16.18961,5.12505
471,19.43159,17.61752,3.960461,16.21937,5.127752
473,19.45128,17.59419,4.029166,16.4957,5.302421
475,19.50271,17.7125,4.004745,16.53482,5.33321
477,19.55413,17.8306,3.978284,16.59748,5.326682
479,19.57573,17.93084,3.948249,16.67661,5.353695
481,19.56748,18.05822,3.917182,16.65109,5.371131
483,19.56011,18.24429,3.886116,16.66648,5.37692
485,19.00418,17.74825,3.799585,16.51759,5.234666
487,18.19224,17.3588,3.752872,16.27535,5.180314
489,17.60407,17.02544,3.619312,15.81713,5.001796
491,17.24051,16.82424,3.362204,15.23658,4.757727
493,17.02004,16.7332,3.24053,14.86587,4.508215
495,16.68063,16.38379,3.088144,14.68159,4.376703
497,16.29415,16.06274,3.006324,14.2965,4.267257
499,15.9363,15.95212,2.90556,14.14897,4.184092
501,15.06766,15.96443,2.69652,13.97434,3.953397
503,14.23855,15.28581,2.768067,13.68147,3.886748
505,14.13972,15.34499,2.831924,13.75761,3.919414
507,14.04312,15.42076,2.827161,13.8591,3.916269
509,13.94653,15.38059,2.822398,14.04306,4.012079
511,13.85628,15.3589,2.889848,14.14003,4.071811
513,13.78905,16.12719,3.328092,14.4923,4.213437
515,13.72199,16.25985,3.400784,14.56817,4.342747
517,13.65493,16.2969,3.452902,14.72394,4.376034
519,13.63413,16.46351,3.449104,14.8076,4.437483
521,13.61328,16.75438,3.473409,14.92585,4.557916
523,13.65673,16.85573,3.597471,15.17176,4.759068
525,13.73474,17.17458,3.73225,15.36889,4.882565
527,13.78643,17.24116,3.757764,15.49043,4.941418
529,13.77323,17.31,3.774083,15.63276,4.993543
531,13.69514,17.38106,3.781212,15.61741,5.035513
533,13.61768,17.43898,3.869539,15.66837,5.120465
535,13.53942,17.46815,3.905585,15.78044,5.160417
537,13.46035,17.46857,3.905979,15.89702,5.220231
539,13.41496,17.55054,3.93852,15.85067,5.222874
541,13.17855,17.53175,4.007659,15.95018,5.30379
543,12.81726,17.57493,4.060123,16.08236,5.372521
545,12.46449,17.63719,4.096973,16.1828,5.351438
547,12.35962,17.67743,4.137898,16.24441,5.377507
549,12.26248,17.70382,4.182553,16.21955,5.35046
551,12.16532,17.7297,4.227208,16.20761,5.316903
553,12.10562,17.67772,4.211559,16.1826,5.335731
555,12.02462,17.62683,4.175474,16.18669,5.268661
557,11.94252,17.74189,4.170321,16.16979,5.298954
559,11.86391,17.85887,4.165549,16.1881,5.300134
561,11.63711,17.82146,4.16049,16.12218,5.318713
563,11.26126,17.82467,4.155145,16.05543,5.336852
565,11.10875,17.89312,4.148434,15.98612,5.25733
567,10.89906,17.37243,4.022644,15.85563,5.001819
569,10.52582,16.89439,3.60133,15.47442,4.721375
571,10.36445,16.69916,3.491928,15.35933,4.679996
573,10.11387,16.68994,3.383582,15.29285,4.669429
575,9.774073,16.69358,3.338192,15.21687,4.673129
577,9.767691,16.69583,3.337143,15.17091,4.67999
579,9.765002,16.73974,3.337687,15.14381,4.654251
581,9.825639,16.75102,3.226198,14.97888,4.603114
583,9.740743,16.74871,3.205747,14.76059,4.515601
585,9.414216,16.6735,3.131438,14.63603,4.481462
587,9.41698,16.60633,3.072685,14.67797,4.334639
589,9.315808,16.45114,3.091952,14.46616,4.327525
591,9.082707,16.38567,3.100575,14.2158,4.270742
593,8.692077,16.01652,2.945777,13.94869,4.10134
595,8.357495,15.99353,2.982508,13.66764,3.988793
597,8.546548,16.12957,2.964229,13.66735,3.941001
599,8.808108,16.28581,3.151082,13.96722,4.089084
601,8.877012,16.38327,3.209169,14.12797,4.018352
603,8.892131,16.40765,3.166315,14.1945,4.035183
605,8.911366,16.42872,3.117827,14.19002,4.044557
607,8.930175,16.47147,3.097987,14.2583,4.044745
609,9.067913,16.61531,3.163755,14.38501,4.248723
611,9.110107,16.7128,3.223147,14.48422,4.311138
613,9.139576,16.62502,3.273702,14.66793,4.340442
615,9.152707,16.71083,3.288027,14.64759,4.335562
617,9.166754,16.80375,3.330861,14.60609,4.356491
619,9.209716,16.86435,3.406898,14.64752,4.356754
621,9.281526,16.90241,3.469052,14.7494,4.393246
623,9.686497,17.06496,3.625548,15.07414,4.527504
625,10.16028,17.49418,3.69759,15.48829,4.744483
627,10.11779,17.65149,3.850037,15.6138,4.926887
629,9.944219,17.76217,3.868756,15.5453,4.837871
631,9.608785,17.81727,3.796343,15.46206,4.845384
633,9.626838,17.87202,3.802756,15.42986,4.869259
635,9.658078,17.92557,3.866709,15.43186,4.940475
637,9.733614,17.79223,3.876365,15.53856,4.824175
639,9.875096,17.37162,3.885484,15.45078,4.885698
641,9.964025,17.33973,3.846975,15.46408,4.801378
643,9.931434,17.32751,3.821131,15.40189,4.661527
645,9.828225,17.30128,3.71608,15.3705,4.719158
647,9.671165,17.27397,3.729254,15.33343,4.687374
649,9.376127,17.10538,3.741358,15.20924,4.550179
651,9.155576,17.07186,3.754505,15.12292,4.563076
653,9.005909,17.08281,3.767831,15.086,4.546083
655,8.951384,17.0784,3.768199,15.06382,4.542097
657,8.891663,16.93739,3.712508,15.02136,4.540291
659,8.833129,16.87162,3.628883,14.96575,4.518814
661,8.813162,16.80947,3.646185,14.98979,4.549945
663,8.788761,16.82457,3.658886,15.02336,4.602867
665,8.764359,16.84545,3.623697,15.00614,4.624493
667,8.739958,16.8547,3.588508,15.06516,4.641149
669,8.706703,16.86837,3.586577,15.08267,4.65177
671,8.673448,16.88172,3.597482,15.03616,4.646993
673,8.607962,16.46688,3.56266,14.92319,4.591523
675,8.510757,16.46312,3.538543,14.98821,4.577493
677,8.413553,16.46202,3.52722,15.03755,4.568449
679,8.346186,16.44898,3.54913,15.06131,4.559589
681,8.316221,16.45829,3.591458,15.15697,4.62214
683,8.289054,16.69499,3.704662,15.25136,4.708379
685,8.259069,16.80488,3.766821,15.29887,4.754802
687,8.227925,16.97758,3.788665,15.42061,4.743021
689,8.202713,17.13189,3.825442,15.42457,4.742493
691,8.161587,17.15067,3.823817,15.40505,4.761368
693,8.128554,17.40071,3.794158,15.35769,4.821488
695,8.10878,17.44176,3.764613,15.33901,4.874092
697,8.136113,17.5218,3.731356,15.46684,4.931705
699,8.323838,17.68687,3.697206,15.83917,5.026721
701,8.626206,17.69647,3.64397,15.80046,4.956787
703,8.641245,17.72678,3.62307,15.76503,4.935258
705,8.656469,17.7461,3.602152,15.81839,4.931875
707,8.66945,17.78248,3.581216,15.86541,4.986248
709,8.682423,17.80575,3.500426,15.82471,4.919156
711,8.686147,17.62912,3.267666,15.57585,4.807167
713,8.66686,17.01529,3.100584,14.9564,4.593375
715,8.647398,16.94525,3.084596,14.85506,4.51817
717,8.627936,16.73792,3.13503,14.75372,4.489565
719,8.562222,16.38157,3.187486,14.55249,4.350994
721,8.630193,16.51534,3.294733,15.11621,4.489667
723,8.548206,16.45636,3.216687,15.09489,4.58073
725,8.414348,16.43549,3.031957,15.00378,4.585981
727,8.290065,16.53041,3.007931,14.90658,4.551562
729,8.231899,16.58597,3.032855,14.83953,4.566685
731,8.239317,16.42798,3.086129,14.99596,4.548628
733,8.2403,16.55778,3.159075,14.97788,4.524521
735,8.240872,16.64322,3.093884,14.83204,4.47757
737,8.242247,16.72864,3.146025,14.75986,4.470752
739,8.217553,16.61487,3.203417,14.55421,4.425319
741,8.232918,16.58026,3.275075,14.52017,4.356636
743,8.252035,16.56989,3.271789,14.51353,4.367705
745,8.259486,16.52927,3.224205,14.56198,4.399415
747,8.259184,16.51579,3.263201,14.50371,4.414706
749,8.244507,16.5202,3.273474,14.54465,4.402497
751,8.223191,16.56973,3.291008,14.56138,4.468095
753,8.198321,16.71043,3.293019,14.62218,4.424207
755,8.172473,16.76218,3.2945,14.6345,4.41826
757,8.10275,16.71378,3.286814,14.62424,4.412126
759,8.027842,16.66302,3.269112,14.62412,4.31539
761,7.952643,16.67669,3.249277,14.64822,4.302471
763,7.878128,16.51153,3.22735,14.60096,4.395429
765,7.794212,16.37456,3.2478,14.59078,4.378746
767,7.755313,16.26868,3.193929,14.45162,4.350902
769,7.724856,16.23007,3.205115,14.48639,4.413607
771,8.673682,16.3125,3.220795,14.66075,4.502749
773,8.711926,16.37294,3.235339,14.83141,4.576449
775,8.718884,16.35526,3.249786,14.84962,4.635976
777,8.696762,16.39177,3.265924,14.8659,4.588584
779,8.646385,16.35937,3.283158,14.73975,4.544041
781,8.515962,16.28465,3.31203,14.71856,4.516995
783,8.410732,16.16286,3.339583,14.74179,4.507678
785,8.305726,16.04104,3.358115,14.70109,4.487103
787,8.200945,15.99426,3.352118,14.66853,4.44417
789,8.066766,15.93039,3.353173,14.61524,4.425904
791,7.90332,15.87773,3.327405,14.60243,4.425072
793,7.740006,15.82294,3.301637,14.58546,4.426035
795,7.540654,15.73417,3.103136,14.57006,4.360181
797,7.303055,15.62923,3.033533,14.42494,4.26467
799,7.005562,15.24036,2.786491,14.17168,4.061812
801,6.900001,15.06582,2.519062,14.01482,4.018104
803,6.854887,14.97438,2.362594,13.89425,3.990839
805,6.812352,14.88653,2.508837,13.74326,3.970997
807,6.8029,15.47401,2.880495,13.96801,4.002184
809,6.641129,15.51576,2.810104,13.85244,3.942371
811,6.572445,15.06185,2.737926,13.74696,3.906258
813,6.520023,14.85431,2.605196,13.6886,3.883623
815,6.484739,14.81112,2.717157,13.67214,3.917844
817,6.449218,14.92826,2.709857,13.61557,3.871735
819,6.384848,14.88472,2.689893,13.63482,3.890423
821,6.298164,14.96181,2.685199,13.67454,3.94118
823,5.884852,14.3707,2.516068,13.47868,3.85868
825,5.373527,14.01103,2.126868,13.1964,3.675666
827,5.263228,14.01011,2.155725,13.15769,3.480095
829,5.179188,14.06604,2.213607,13.19966,3.472203
831,5.094246,14.11022,2.274779,13.2277,3.503407
833,5.009915,14.07928,2.286334,13.28856,3.469202
835,4.913986,14.03767,2.177151,13.29669,3.416621
837,4.772863,13.95234,2.157892,13.25376,3.318836
839,4.55777,14.04548,2.13838,13.12188,3.347134
841,4.387211,14.11115,2.154599,13.00755,3.381911
843,4.261162,14.08495,2.144995,12.9863,3.42844
845,4.182486,14.14221,2.169686,13.00241,3.392456
847,4.160692,14.34827,2.220739,13.079,3.486419
849,4.153258,14.46418,2.253314,13.24904,3.497678
851,4.146807,14.5602,2.315612,13.30213,3.49574
853,4.135409,14.55275,2.363286,13.31672,3.547464
855,4.117702,14.64572,2.381603,13.29547,3.584521
857,4.102712,14.74489,2.405555,13.30863,3.594692
859,4.087722,14.88271,2.461118,13.36597,3.629883
861,4.0764,15.02215,2.471275,13.4521,3.629972
863,4.067666,15.19103,2.516366,13.66426,3.753608
865,4.061059,15.48293,2.665724,13.79482,3.768389
867,4.05472,15.5321,2.680258,14.01866,3.811833
869,4.056041,15.57489,2.743797,14.11831,3.866854
871,4.069862,15.61988,2.769734,14.21623,3.909915
873,4.093043,15.72636,2.840896,14.32218,3.962654
875,4.153157,15.97755,2.922724,14.33754,3.941171
877,4.26895,16.23813,3.004712,14.49117,3.946568
879,4.343281,16.63723,3.126365,14.62263,4.127076
881,4.396665,16.81174,3.229674,14.76315,4.181922
883,4.448193,16.5423,3.165811,14.72625,4.1989
885,4.521584,16.60927,3.094047,14.72106,4.262311
887,4.628608,16.9359,3.1654,14.74396,4.220096
889,4.751667,17.08851,3.341033,14.76206,4.257578
891,4.822096,17.11258,3.363585,14.81938,4.27989
893,4.883631,17.35105,3.384566,14.89625,4.453293
895,4.930017,17.28246,3.405254,14.90663,4.433581
897,4.998788,17.33999,3.477047,14.96169,4.497453
899,4.906647,17.06213,3.483419,14.80995,4.476295
901,4.688625,17.05569,3.58877,14.96508,4.462635
903,4.720241,17.11197,3.682443,15.19366,4.57999
905,4.738599,17.35055,3.691155,15.27967,4.645236
907,4.74371,17.42913,3.696458,15.35297,4.690104
909,4.748717,17.50772,3.701691,15.48378,4.695484
911,4.824719,17.59076,3.744353,15.60166,4.732531
913,4.986408,18.02916,3.768418,15.87483,4.851509
915,5.010332,18.0132,3.763341,15.89184,4.876382
917,5.034256,18.00848,3.758265,15.89129,4.905426
919,5.05818,18.01112,3.761326,15.89074,4.87255
921,4.948461,17.49238,3.60408,15.40222,4.699247
923,4.924404,17.32207,3.643869,15.30401,4.651217
925,4.917654,17.29526,3.597301,15.26438,4.578066
927,4.932201,17.44954,3.614628,15.25884,4.627862
929,4.98312,17.58172,3.63855,15.34879,4.686849
931,5.000158,17.76453,3.711965,15.42643,4.696795
933,5.101188,17.96547,3.710954,15.44678,4.874776
935,5.154389,18.06398,3.732379,15.66459,4.933543
937,5.196435,18.08052,3.811224,15.5931,4.950026
939,5.240624,18.09237,3.82781,15.65332,4.865642
941,5.258849,18.03026,3.793869,15.73297,4.892689
943,5.287416,17.96622,3.777885,15.65504,4.937683
945,5.328251,17.86337,3.765622,15.57471,4.900805
947,5.392107,17.85308,3.783846,15.40756,4.821269
949,5.485,17.87594,3.796643,15.59618,4.782723
951,5.561793,18.03633,3.790233,15.67192,4.807122
953,5.641687,18.18898,3.789883,15.75486,4.834264
955,5.722106,18.17954,3.789533,15.82298,4.893128
957,5.805302,18.12146,3.87317,15.79086,4.882172
959,5.893232,17.90596,3.963662,15.80871,4.914442
961,5.988864,17.858,3.957227,15.83881,4.936759
963,6.153734,18.11236,4.127208,16.03066,5.008213
965,6.245382,18.58788,4.132076,16.16969,5.078041
967,6.327236,18.52444,4.233587,16.15654,5.085472
969,6.394541,18.46067,4.232793,16.20161,5.201386
971,5.527583,18.43074,4.151597,16.29692,5.24249
973,5.57776,18.43922,4.173028,16.31797,5.127329
975,5.617159,18.33628,4.176604,16.36636,5.224221
977,5.682713,18.23663,4.18328,16.46945,5.301146
979,5.821486,18.27975,4.257987,16.599,5.351114
981,6.071331,18.32543,4.344805,16.74329,5.412653
983,6.343971,18.68904,4.437026,16.95267,5.616748
985,6.658738,18.9384,4.45501,17.09583,5.70614
987,6.97235,19.08465,4.512608,17.42473,5.80809
989,7.709508,19.23466,4.617333,17.71976,5.963632
991,8.121911,19.37441,4.630826,17.77124,5.964565
993,8.55311,19.42364,4.641513,17.9684,6.110137
995,8.973674,19.46799,4.642396,18.19224,6.283643
997,9.370843,19.46459,4.64082,18.20237,6.385866
999,9.74555,19.46088,4.639241,18.1948,6.411186
1001,10.15236,19.45711,4.684841,18.24124,6.416628
1003,10.59032,19.45251,4.737651,18.31117,6.451814
1005,10.7913,19.4478,4.721279,18.25319,6.482298
1007,10.95884,18.98119,4.597812,18.10965,6.106451
1009,11.17503,18.85462,4.489563,17.91866,6.024515
1011,11.39702,18.83673,4.404943,17.95292,5.894105
1013,11.61229,18.82271,4.434743,17.79592,5.866712
1015,11.8487,18.80651,4.583814,17.81422,5.864752
1017,12.20157,18.98645,4.611957,17.71812,5.880109
1019,12.58667,18.97409,4.624827,17.62015,5.906388
1021,12.99747,18.72725,4.621567,17.65511,5.945685
1023,13.14109,18.77694,4.522346,17.57111,5.977983
1025,13.28271,19.33869,4.575096,17.5399,5.995298
1027,13.42449,19.45384,4.609891,17.5504,6.018489
1029,13.75935,19.51064,4.642958,17.54041,6.053467
1031,14.09687,19.49108,4.6165,17.53898,6.059976
1033,14.44837,19.66763,4.549999,17.57515,6.06691
1035,14.79641,19.82423,4.528234,17.53798,5.995786
1037,15.68735,20.30187,4.824831,17.59967,6.112067
1039,16.18129,20.46219,4.90718,17.69742,6.177144
1041,16.37816,20.56295,4.852184,17.82037,6.251974
1043,16.52914,20.61945,4.898073,17.93701,6.265488
1045,16.63206,20.62822,4.954321,17.95699,6.263666
1047,16.69866,20.61816,4.851511,17.93967,6.280849
1049,16.75717,20.63537,4.775915,17.90344,6.257027
1051,16.82156,20.67045,4.688729,17.96317,6.2417
1053,17.1068,20.75508,4.924343,18.09728,6.146224
1055,17.41857,20.73781,5.0704,18.16264,6.212197
1057,17.75031,20.69476,5.205131,18.26357,6.31161
1059,18.0582,20.92926,5.256587,18.29698,6.399341
1061,18.26348,20.93826,5.349957,18.32025,6.334314
1063,18.37388,20.54191,4.790177,18.3528,6.228616
1065,18.42319,20.34038,4.611,18.1743,6.194707
1067,18.47201,20.17034,4.551543,18.07998,6.164516
1069,18.5218,20.00021,4.495869,18.01646,6.130439
1071,18.56096,20.11292,4.500547,17.95533,6.108755
1073,18.61691,19.88013,4.525933,18.09092,6.075747
1075,18.64509,20.20662,4.66717,18.25054,6.098134
1077,18.69277,20.48694,4.68276,18.41559,6.105829
1079,18.85758,20.85051,4.803559,18.53886,6.273887
1081,19.09921,20.89031,5.115436,19.13618,6.703841
1083,19.63343,21.87022,5.223449,19.51869,7.049096
1085,20.27783,22.25126,5.429176,19.83175,7.338635
1087,20.25772,22.27519,5.494806,19.81224,7.396886
1089,20.19246,22.11068,5.509128,19.56735,7.153267
1091,20.17361,21.94183,5.43548,19.53436,7.094134
1093,20.15666,21.78391,5.364659,19.4984,7.062059
1095,20.1416,21.62284,5.363111,19.45932,6.996869
1097,20.10921,21.31891,5.223078,19.37142,6.863969
1099,20.06801,21.15844,5.173657,19.23205,6.804924
1101,20.03475,21.14117,5.142201,19.13329,6.813365
1103,20.05434,20.98829,5.070761,18.92581,6.706974
1105,20.51122,21.54711,5.323025,19.31637,6.910657
1107,20.58675,21.599,5.506017,19.52379,6.964315
1109,20.58885,21.57785,5.701047,19.50639,6.969622
1111,20.50956,21.39105,5.70121,19.50339,6.958056
1113,20.34581,21.09548,5.477339,19.24804,6.876657
1115,20.32077,21.04216,5.427942,19.21391,6.944266
1117,20.29667,20.99029,5.378546,19.20659,6.934675
1119,20.29631,21.0382,5.339139,19.36563,6.984438
1121,20.33287,21.34059,5.693735,19.48716,7.133266
1123,20.33154,21.49993,5.840267,19.53943,7.2637
1125,20.31888,21.44919,5.812096,19.5525,7.372663
1127,20.30441,21.50854,5.759757,19.59006,7.369211
1129,20.25625,21.52565,5.685113,19.6081,7.321681
1131,20.27288,21.76588,5.601031,19.57484,7.473572
1133,20.17912,21.91474,5.557062,19.57419,7.402059
1135,20.12768,22.15253,5.626736,19.58963,7.431036
1137,20.0894,22.46927,5.745089,19.86115,7.47747
1139,20.073,22.43198,5.789574,20.18423,7.535892
1141,20.39528,22.4394,6.185541,20.80953,7.64862
1143,21.05118,22.441,6.334559,21.02188,7.746463
1145,21.18602,22.52116,6.438411,21.1879,7.966779
1147,21.29685,22.84674,6.569744,21.72305,8.177759
1149,21.2378,22.90533,6.559145,21.77926,8.226216
1151,21.20061,23.06363,6.547501,21.84671,8.149761
1153,21.14533,23.14134,6.538217,21.98991,8.128314
1155,21.09544,23.22836,6.540384,22.03409,8.254718
1157,21.04469,23.42624,6.544261,22.00947,8.259356
1159,20.99202,23.5515,6.547191,21.9172,8.498274
1161,20.94308,23.71204,6.584171,21.81055,8.490952
1163,20.80971,23.44468,6.653117,21.40742,8.128442
1165,20.73407,23.47197,6.453949,21.20123,8.036276
1167,20.67199,23.4025,6.34111,21.20668,8.045998
1169,20.61832,23.42728,6.284404,21.16986,8.084479
1171,20.51963,23.51081,6.1815,21.03607,8.111886
1173,20.4425,23.56723,6.056462,21.01223,8.013195
1175,20.49925,23.60188,5.965959,20.99829,7.955242
1177,20.55946,23.63354,5.884743,20.88528,7.867551
1179,20.60519,23.65384,5.842854,20.86233,7.977185
1181,20.54336,23.77817,5.814928,20.8179,8.093354
1183,20.46222,23.62126,5.91566,20.78219,8.321224
1185,20.38036,23.75736,5.942427,20.79521,8.474649
1187,20.27579,23.62363,5.981468,20.77529,8.396645
1189,19.74701,23.4981,6.017471,20.71978,8.357242
1191,19.65747,23.44374,6.016598,20.85231,8.359505
1193,19.39646,23.30167,5.968091,20.81482,8.305412
1195,19.14399,23.26805,5.909139,20.84262,8.261188
1197,18.91557,23.38378,5.908505,20.80378,8.1987
1199,18.70916,23.36011,5.907586,20.82937,8.186145
1201,18.518,23.30182,5.906699,20.88412,8.154354
1203,18.26034,23.23398,5.918559,20.90327,8.167892
1205,18.19852,23.20596,5.92668,20.86348,8.223166
1207,18.09695,23.26826,5.936202,20.86689,8.301599
1209,17.98623,23.32992,5.95207,20.9329,8.312161
1211,17.93443,23.58053,6.067083,21.01066,8.362809
1213,17.9535,23.81417,6.065721,21.06284,8.365286
1215,17.94864,23.83549,6.334001,21.13407,8.36499
1217,17.7432,23.76716,6.328872,21.28316,8.399853
1219,17.47374,23.70209,6.320816,21.29444,8.399608
1221,17.22039,23.754,6.305514,21.24968,8.390126
1223,17.22199,23.80406,6.291389,21.28258,8.399048
1225,17.21787,23.52163,6.277265,21.25585,8.406484
1227,17.21811,23.46776,6.263119,21.29931,8.308487
1229,17.08539,23.44141,6.242851,21.12158,8.293215
1231,16.88597,23.41129,6.200315,21.05585,8.276018
1233,16.67117,23.37394,6.179322,21.27073,8.247082
1235,16.80511,23.38227,6.154036,21.19801,8.027822
1237,16.55556,23.38231,6.073339,21.27902,7.877843
1239,16.3816,23.27918,6.009261,21.05183,7.809521
1241,16.47326,23.2431,6.090644,20.91162,7.802993
1243,16.57311,23.25672,6.173619,20.82561,7.759609
1245,16.73266,23.30818,5.825678,20.70919,7.80869
1247,16.92327,23.26382,5.790581,20.67259,7.811734
1249,17.11106,23.22897,5.755456,20.64577,7.742916
1251,17.25945,23.11467,5.717488,20.53349,7.718389
1253,17.20446,22.8329,5.704611,20.29782,7.640458
1255,17.13594,22.64585,5.726717,20.23259,7.5317
1257,17.03605,22.54377,5.769843,20.24174,7.547935
1259,17.06452,22.57254,5.876948,20.29744,7.514487
1261,17.29649,22.7026,5.857561,20.46617,7.661429
1263,17.4937,22.57832,5.896967,20.44522,7.620953
1265,17.68682,22.36737,5.935075,20.41429,7.64748
1267,17.83921,22.12819,5.962801,20.36066,7.568528
1269,17.99182,21.88901,5.93328,20.34241,7.491758
1271,18.14256,21.64983,5.857324,20.32168,7.444993
1273,18.26715,21.61126,5.776547,20.14396,7.414227
1275,18.38257,21.56795,5.729915,19.79871,7.312541
1277,18.45133,21.51352,5.645139,19.62517,7.255571
1279,18.37788,21.14092,5.722635,19.25611,7.149151
1281,18.24599,20.34959,5.331724,18.54048,6.93553
1283,17.81969,20.00434,4.959888,18.06969,6.643456
1285,17.27386,19.80057,4.777165,17.61935,6.361452
1287,17.31696,19.72789,4.764353,17.55868,6.278265
1289,17.38298,19.79183,4.803697,17.53103,6.21181
1291,17.449,19.78409,4.849371,17.51826,6.268525
1293,17.51502,19.78804,4.895046,17.49574,6.294326
1295,17.58104,19.7888,4.899391,17.45193,6.257741
1297,17.64878,19.75574,4.884212,17.4811,6.226142
1299,17.85126,19.73357,4.895648,17.54821,6.184861
1301,18.30037,19.46804,5.014059,17.65992,6.228313
1303,18.53902,19.52276,5.146899,17.78303,6.266129
1305,18.28285,19.39953,4.809293,17.49206,6.132294
1307,18.42128,19.29235,4.648821,17.40604,6.048513
1309,18.66576,19.20405,4.441483,17.41586,6.0747
1311,18.93422,19.26557,4.528473,17.40787,6.062676
1313,19.20788,19.28544,4.64184,17.50952,6.015004
1315,19.80456,19.30375,4.797361,17.77341,6.200809
1317,20.0626,19.28787,4.73127,17.68939,6.28371
1319,20.30344,19.26135,4.722807,17.67071,6.21383
1321,20.50736,19.2571,4.74821,17.44235,6.150478
1323,20.82859,19.41428,4.780915,17.38835,6.109025
1325,21.18867,19.5428,4.786511,17.44448,6.112582
1327,21.56803,19.42658,4.775556,17.5125,6.114178
1329,21.94347,19.41084,4.665236,17.58018,6.146843
1331,22.26144,19.24645,4.572192,17.47212,6.186783
1333,23.06574,19.24029,4.383918,17.27173,6.134767
1335,23.60784,19.39185,4.394903,17.25917,6.112392
1337,24.11587,19.12777,4.407836,17.28513,5.949168
1339,24.56782,18.83001,4.408555,17.20025,5.893533
1341,25.12341,18.50558,4.336306,17.16097,5.892113
1343,25.05418,18.59042,4.333014,16.90547,5.662241
1345,25.21162,18.5153,4.063207,16.67815,5.628443
1347,25.29533,18.37679,3.942835,16.52822,5.495097
1349,25.56228,18.5275,3.799233,16.49973,5.422746
1351,25.72789,18.30596,3.795106,16.46424,5.372608
1353,26.00557,18.16076,3.79742,16.60769,5.417991
1355,26.19427,18.29687,3.837439,16.71182,5.512394
1357,26.33305,18.38829,3.836833,16.697,5.541932
1359,26.42914,18.23003,3.773476,16.68549,5.565979
1361,26.52118,18.15466,3.822507,16.69625,5.558941
1363,26.50613,18.26298,3.815473,16.78606,5.495922
1365,26.50441,18.10311,3.812475,16.5882,5.425917
1367,26.4844,17.95965,3.79506,16.48708,5.39511
1369,26.46439,17.90014,3.777645,16.40382,5.348425
1371,26.44438,17.8415,3.743138,16.28483,5.316576
1373,26.39627,17.78287,3.587867,16.1623,5.258302
1375,26.25632,17.32967,3.587074,16.05435,5.124389
1377,26.11311,17.31586,3.479927,15.99794,4.930594
1379,25.93667,17.3045,3.417939,15.83173,4.793291
1381,25.75674,17.28918,3.423847,15.6165,4.62569
1383,25.5733,17.24473,3.41947,15.4582,4.513927
1385,25.34824,16.57437,3.301169,15.20656,4.218947
1387,25.14682,16.42645,3.14369,15.07362,4.138324
1389,24.94606,16.31935,2.953667,14.95066,3.993098
1391,24.63068,16.16261,2.721306,14.5847,3.845962
1393,24.46786,16.12221,2.678716,14.50053,3.794423
1395,24.30504,16.08289,2.66004,14.39304,3.784484
1397,24.14171,16.09488,2.641681,14.30676,3.761452
1399,23.97882,16.04984,2.624645,14.25498,3.703601
1401,23.77111,15.99046,2.609333,14.19204,3.703872
1403,23.60703,15.92468,2.621265,13.98819,3.704196
1405,23.49234,15.96382,2.693867,13.86339,3.704003
1407,23.4234,16.01765,2.780149,13.92213,3.709544
1409,23.35024,15.85202,2.85658,13.99707,3.773034
1411,23.20271,15.7361,2.841221,13.96187,3.866372
1413,22.99204,15.80308,2.781314,14.01622,3.907936
1415,22.80589,15.87913,2.830132,13.96878,3.967804
1417,22.74845,15.84215,2.83699,14.03899,4.08978
1419,22.74746,15.97362,2.946921,14.13791,4.171678
1421,22.78718,16.49022,3.030652,14.73456,4.476422
1423,22.99725,16.96444,3.113146,14.77247,4.523822
1425,23.4369,17.33196,3.158755,15.10491,4.612377
1427,23.64887,17.53427,3.388902,15.49992,4.94783
1429,23.66899,17.70538,3.486569,15.62016,4.975469
1431,23.54789,17.73664,3.580574,15.74025,4.968541
1433,23.41962,17.72269,3.570908,15.69737,4.877964
1435,22.94449,17.65071,3.554509,15.49654,4.867282
1437,22.30945,17.54037,3.44683,15.14619,4.704603
1439,22.0021,17.24383,3.427108,15.07472,4.710374
1441,21.73244,17.107,3.349858,14.90847,4.673092
1443,21.50048,17.048,3.269738,14.83364,4.598054
1445,21.25402,17.09897,3.286444,14.78235,4.516217
1447,21.00996,17.13256,3.309349,14.74135,4.546631
1449,20.76839,16.87713,3.337741,14.74178,4.486948
1451,20.60493,16.84365,3.429641,14.71598,4.546744
1453,20.46361,17.05401,3.48182,14.85123,4.584876
1455,20.30545,17.1883,3.506621,15.02142,4.726022
1457,20.25296,17.22761,3.573524,15.19049,4.721126
1459,20.09389,17.23955,3.59661,15.26065,4.684988
1461,19.87945,17.45359,3.58302,15.36216,4.897543
1463,19.99719,17.98457,3.607741,15.68026,5.019589
1465,20.37544,18.27634,3.816482,16.10141,5.147555
1467,20.99334,18.49628,3.905888,16.43835,5.426679
1469,21.27749,18.62841,3.877495,16.84978,5.539712
1471,21.24984,18.78662,3.833596,17.07453,5.611584
1473,21.1502,18.89588,3.857463,17.20721,5.714403
1475,21.05681,19.44688,3.976695,17.31576,5.818611
1477,21.04972,19.48726,4.039117,17.43982,5.904112
1479,20.96721,19.6056,4.006402,17.66281,5.87323
1481,20.84917,19.65459,4.063591,17.94432,6.039629
1483,20.74639,19.81317,4.176983,18.16869,6.128198
1485,20.62118,20.21397,4.350177,18.5006,6.380816
1487,20.52581,20.79197,4.600881,19.06844,6.679924
1489,20.39751,21.45631,4.754171,19.52275,6.879728
1491,20.27257,22.02215,5.056953,19.84731,7.127896
1493,20.15483,22.60383,5.252785,20.21809,7.368097
1495,20.05287,22.758,5.712238,20.71651,7.513353
1497,20.13854,23.42648,5.858197,21.26172,7.688264
1499,19.95745,23.95887,5.982755,21.97249,7.98049
1501,19.55379,23.85969,6.077577,22.04486,7.92442
1503,19.26297,23.6253,5.953289,21.74488,7.854411
1505,19.04294,23.63624,5.942536,21.77422,7.806514
1507,18.82291,23.64717,5.90089,21.78898,7.758616
1509,18.57039,23.59163,5.899878,21.75047,7.712006
1511,18.30717,23.33996,5.855593,21.73696,7.654635
1513,18.03752,23.1832,5.76958,21.66455,7.61717
1515,17.44391,23.09945,5.758923,21.36132,7.583676
1517,17.188,23.03898,5.768878,21.31617,7.572973
1519,16.92554,22.99816,5.778833,21.29845,7.621663
1521,16.75112,23.46536,5.873631,21.3539,7.858131
1523,16.46786,23.50182,5.894195,21.67091,7.823278
1525,16.15781,23.56734,5.90882,21.70083,7.754068
1527,15.91608,23.62908,5.886927,21.81886,7.80592
1529,15.7014,23.95035,5.866794,22.05127,8.010061
1531,15.86888,24.34959,5.930183,22.19379,8.146421
1533,15.11825,24.16432,5.935346,22.01578,8.114714
1535,14.63616,23.96142,5.998516,21.94337,8.080231
1537,14.18613,23.7719,6.070731,21.88436,7.866711
1539,13.76816,23.62948,6.15199,21.8031,7.759904
1541,12.88499,23.04715,6.253195,21.30556,7.590069
1543,12.28824,22.77697,6.142693,21.13675,7.477694
1545,11.98527,22.83154,6.073664,21.02917,7.451209
1547,11.75815,22.74935,6.028027,20.79113,7.358522
1549,11.49638,22.55486,6.007076,20.55278,7.211225
1551,11.33683,22.49054,5.972885,20.36102,7.271698
1553,11.0833,22.29003,5.891003,20.01335,7.172691
1555,10.97525,22.18254,5.686219,19.91354,7.07029
1557,10.97782,22.11907,5.655737,19.73112,7.078192
1559,11.02187,22.19124,5.727898,19.66504,7.064531
1561,11.02735,22.43917,5.773788,19.66999,7.09473
1563,11.44812,22.53941,5.813035,19.8217,7.120046
1565,11.74754,22.64141,5.675218,20.02208,7.268245
1567,11.95831,22.74777,6.003688,20.22832,7.280292
1569,12.16257,22.91485,6.26138,20.46182,7.371319
1571,12.34546,23.07146,6.307147,20.61458,7.459768
1573,12.48411,23.28247,6.363037,20.88211,7.587972
1575,12.62756,23.6612,6.402099,21.37356,7.750475
1577,12.83613,23.97994,6.623316,21.70772,8.064062
1579,12.90986,24.1278,6.760377,21.96824,8.117754
1581,13.04542,24.32082,6.925703,22.11527,8.246985
1583,13.11106,24.49495,7.050879,22.35277,8.289779
1585,13.18367,24.64084,7.182216,22.59718,8.469604
1587,13.24873,25.05005,7.306103,22.71399,8.691043
1589,13.65928,25.30414,7.476675,23.10659,8.931746
1591,14.15486,25.49592,7.637428,23.27825,9.065551
1593,14.5545,25.75866,7.950471,23.57375,9.293148
1595,14.7572,25.8134,8.051536,23.65526,9.340104
1597,14.89646,26.02169,8.128169,23.74201,9.402487
1599,14.92569,26.09675,8.104593,23.81086,9.504679
1601,14.94797,26.20052,8.056915,23.8787,9.564422
1603,14.95972,26.28484,8.127614,23.95673,9.612698
1605,14.961,26.33143,8.157196,23.94399,9.618153
1607,14.95628,26.37649,8.175464,23.93236,9.613925
1609,14.9503,26.40779,8.196275,23.64024,9.536291
1611,14.9533,26.44712,8.220347,23.55348,9.57328
1613,14.97093,26.47819,8.362601,23.72217,9.580245
1615,14.96005,26.43723,8.358274,23.48807,9.530012
1617,14.89795,26.15829,8.292488,23.26683,9.360068
1619,14.8058,25.96336,7.962071,23.20001,9.058898
1621,14.62419,25.53873,7.641716,22.83524,8.806879
1623,14.27752,24.95748,7.533169,22.67846,8.658049
1625,13.70658,24.41086,7.506272,22.34896,8.421774
1627,13.35662,24.33159,7.496959,21.81593,8.243523
1629,13.1445,24.2543,7.211717,21.67208,8.145761
1631,13.13759,24.2345,7.20532,21.71602,8.128006
1633,13.13767,24.21084,7.263216,21.88301,8.121379
1635,13.14294,24.18089,7.311936,21.94573,8.142497
1637,13.14898,24.14665,7.376988,21.90996,8.131046
1639,13.16308,24.13182,7.369223,21.86002,8.119596
1641,13.18737,24.12011,7.391491,21.81009,8.11294
1643,13.21972,24.10255,7.387413,21.78164,8.189496
1645,13.25206,24.08499,7.39443,21.8117,8.316752
1647,13.2844,24.06743,7.379349,21.97693,8.372741
1649,13.35783,24.05385,7.37797,22.15197,8.440312
1651,13.43589,23.97879,7.433033,22.1569,8.466628
1653,13.44688,24.21129,7.496445,22.11347,8.529166
1655,13.45804,23.97488,7.42525,21.96627,8.480737
1657,13.3701,23.94999,7.398446,21.81848,8.435027
1659,13.27938,23.90445,7.370818,21.62584,8.428346
1661,13.13883,23.8252,7.117949,21.53094,8.230276
1663,12.81757,23.71609,7.059918,21.30254,8.101624
1665,12.53545,22.78571,6.77475,20.9752,8.02519
1667,12.02238,22.6105,6.591141,20.71208,7.812252
1669,11.57375,22.36331,6.393377,20.30328,7.712753
1671,11.4369,21.86253,6.322877,20.03871,7.532224
1673,11.37791,21.83763,6.304746,19.95518,7.480309
1675,11.32643,21.80391,6.29077,19.83223,7.408158
1677,11.16012,21.65735,6.190465,19.59043,7.280663
1679,11.13784,21.47866,6.023308,19.36979,7.145113
1681,11.14189,21.12524,5.949897,19.1475,7.021484
1683,11.1307,20.34413,5.872604,18.88521,6.883029
1685,11.13223,19.78789,5.833418,18.58065,6.7727
1687,11.14676,19.48886,5.720308,17.96538,6.399807
1689,11.20084,19.19628,5.511442,17.43653,6.150998
1691,11.25821,18.59305,5.096142,17.06869,5.921277
1693,11.30841,18.27749,4.666687,16.68883,5.591123
1695,11.34283,17.77272,4.432132,16.31847,5.435351
1697,11.18749,16.79273,3.952589,15.76733,5.118707
1699,11.14459,16.48636,3.757483,15.33639,4.742686
1701,11.0808,16.46761,3.638506,15.17709,4.53807
1703,11.11777,16.60947,3.657104,15.18701,4.573348
1705,11.16424,16.60545,3.746806,15.18462,4.633164
1707,11.22832,16.60145,3.767463,15.14529,4.643796
1709,11.30275,16.6493,3.786792,15.23448,4.673037
1711,11.56705,16.77588,3.804807,15.4154,4.660404
1713,11.83183,16.90344,3.822821,15.39381,4.703708
1715,12.14026,17.46048,3.842746,15.61356,4.822371
1717,12.32871,17.47576,3.990415,15.60244,4.859436
1719,12.51172,17.48414,4.045146,15.61705,4.87476
1721,13.14779,17.26416,3.984979,15.34196,4.760474
1723,13.26522,17.19248,3.95556,15.35053,4.742343
1725,13.5227,17.10295,3.928037,15.40882,4.693988
1727,13.65423,17.10808,3.933802,15.30689,4.660715
1729,13.70748,17.11129,3.957549,15.25097,4.609185
1731,13.33623,17.19205,3.559865,15.00797,4.464174
1733,13.59714,17.49204,3.690446,15.36674,4.796272
1735,13.64423,17.59657,3.745052,15.45197,4.874987
1737,13.63078,17.60963,3.795754,15.48971,5.017582
1739,13.60704,17.65508,3.841347,15.52391,5.053884
1741,13.60224,17.71073,3.955235,15.59554,5.138317
1743,13.60927,17.90202,4.122817,15.71008,5.278052
1745,13.66301,18.07197,4.32593,15.93075,5.379348
1747,13.68405,18.17441,4.388261,16.03641,5.454938
1749,13.89988,18.21036,4.442509,16.25651,5.468192
1751,13.93704,18.58444,4.47092,16.56915,5.573835
1753,14.02315,18.84088,4.554174,16.88904,5.712921
1755,14.12605,19.20364,4.469668,17.05738,5.866914
1757,14.01613,19.30685,4.320089,17.14652,5.880211
1759,13.9026,19.41728,4.304723,17.33909,5.93765
1761,13.81993,19.37448,4.316523,17.41058,5.817702
1763,13.44844,19.11491,4.268047,17.15172,5.788078
1765,13.20172,18.897,4.144681,16.86568,5.71604
1767,13.05691,18.66867,4.108487,16.7117,5.578647
1769,12.92511,18.42341,4.017433,16.56864,5.58389
1771,12.89324,18.30132,3.980968,16.45523,5.491672
1773,12.87346,18.20138,3.952531,16.37474,5.517012
1775,12.77644,18.13294,3.922989,16.23569,5.293542
1777,12.60379,17.47952,3.869608,15.98361,5.221281
1779,12.56384,17.28599,3.851824,15.87964,5.171885
1781,12.46003,17.18196,3.828975,15.47809,5.145228
1783,12.4254,17.10301,3.768865,15.313,5.074616
1785,12.38305,16.95362,3.628131,15.11347,4.906457
1787,12.33968,16.93245,3.585238,15.00344,4.820233
1789,11.95124,16.66935,3.366704,14.79936,4.705242
1791,11.47421,16.60482,3.20311,14.62057,4.534012
1793,11.0888,16.20703,2.872407,14.22094,4.411671
1795,10.90032,16.11907,2.82849,14.09557,4.356986
1797,10.77529,15.98878,2.763689,14.01471,4.330436
1799,10.76029,15.70254,2.742068,13.97047,4.333605
1801,10.7518,15.3972,2.746907,13.93983,4.162735
1803,10.74671,15.30952,2.7547,13.9607,4.000942
1805,10.81009,15.33157,2.963112,14.06876,4.150858
1807,10.87579,15.3327,2.970869,14.09017,4.262164
1809,10.94206,15.34349,2.977521,14.15758,4.30592
1811,11.01991,15.57729,3.184932,14.27491,4.400526
1813,11.10863,15.59567,3.228132,14.32633,4.410706
1815,11.20133,15.66032,3.272501,14.32319,4.428711
1817,11.301,15.81058,3.364726,14.36541,4.452629
1819,11.43603,15.9551,3.461067,14.49005,4.497313
1821,11.60146,16.18033,3.560685,14.53086,4.543706
1823,11.8033,16.35148,3.63809,14.54853,4.629743
1825,12.01559,16.50987,3.659751,14.83289,4.72154
1827,12.23077,16.66573,3.669906,15.09091,4.709456
1829,12.47628,16.76294,3.678449,15.16847,4.728312
1831,12.735,16.94598,3.690441,15.22023,4.736014
1833,13.00689,17.06069,3.807905,15.39143,4.766659
1835,13.90105,17.1799,3.83552,15.49016,4.771365
1837,14.24459,17.24611,3.827922,15.57349,4.764727
1839,14.55573,17.36699,3.820288,15.59522,4.858174
1841,14.83156,17.47176,3.856042,15.5408,4.842703
1843,15.04808,17.58015,4.019275,15.64617,4.889316
1845,15.24773,17.52999,3.999652,15.7358,4.865277
1847,15.58914,17.44089,3.978449,15.83137,4.912795
1849,15.82567,17.33981,3.938798,15.68378,4.89641
1851,15.95736,17.28608,3.889335,15.54689,4.855697
1853,16.11659,17.29728,3.840158,15.49201,4.74715
1855,16.3163,17.38799,3.798104,15.40062,4.865996
1857,16.55739,17.5579,3.772634,15.42478,4.801129
1859,16.79655,17.74291,3.772292,15.44032,4.857099
1861,16.80604,17.739,3.776307,15.52012,4.880602
1863,16.80356,17.81063,3.782864,15.5391,4.889022
1865,16.54301,17.88403,3.795259,15.58899,4.897223
1867,16.2997,17.96915,3.765434,15.52999,4.886984
1869,16.30786,17.96034,3.781538,15.5759,4.859936
1871,16.31595,17.97862,3.828017,15.6218,4.88715
1873,16.31758,17.99549,3.870722,15.59586,4.908992
1875,16.33894,18.12059,3.892298,15.5982,4.945602
1877,16.3795,18.15401,3.938692,15.60502,4.958711
1879,16.41924,18.14984,4.000248,15.61205,4.960678
1881,16.46045,18.12881,4.037731,15.75101,4.99708
1883,16.49674,18.10648,4.035247,15.80252,5.035235
1885,16.53324,18.0815,4.032763,15.86663,5.023564
1887,16.56974,18.05651,4.030279,15.8682,5.056585
1889,16.59286,18.00823,4.047818,15.9511,5.089818
1891,16.60934,17.97231,4.070848,16.02572,5.12465
1893,16.62576,17.9433,4.093877,16.10034,5.149071
1895,16.60126,17.91432,4.116355,16.11004,5.100557
1897,16.61159,17.89008,4.219373,16.13878,5.111818
1899,16.67589,17.86473,4.293174,16.26177,5.20913
1901,16.73708,17.84802,4.339882,16.2692,5.183234
1903,16.92603,18.3494,4.312859,16.52626,5.278965
1905,16.98367,18.35352,4.252536,16.60222,5.334188
1907,17.01838,18.45162,4.362081,16.65537,5.381839
1909,17.04275,18.49792,4.369845,16.65162,5.424531
1911,16.87726,18.44943,4.343203,16.54017,5.445393
1913,16.6813,18.25243,4.288486,16.3927,5.337945
1915,16.44169,18.05501,4.235938,16.26652,5.226299
1917,16.32169,17.91182,4.190962,16.15054,5.154653
1919,16.20683,17.78952,4.152666,16.06459,5.040144
1921,15.55252,17.86752,3.868521,15.97486,5.00938
1923,15.5047,17.75554,3.886782,15.90981,5.017238
1925,15.32333,17.41695,3.792392,15.76038,4.991032
1927,15.19014,17.40932,3.744932,15.57077,4.948413
1929,15.11962,17.37809,3.684296,15.35144,4.858798
1931,15.0145,17.23157,3.612053,15.27732,4.818088
1933,14.74183,16.3075,3.266791,14.80247,4.47854
1935,14.68396,16.15291,3.20749,14.65632,4.3592
1937,14.68577,15.99211,3.162393,14.56149,4.315029
1939,14.70068,15.87247,3.142181,14.34606,4.25455
1941,14.72412,15.74103,3.133036,14.29622,4.203916
1943,14.75622,15.63974,3.094599,14.33569,4.176862
1945,14.76422,15.55966,2.921947,14.12599,4.111835
1947,14.92667,16.10198,2.889687,14.54144,4.336274
1949,14.99269,16.14914,2.845575,14.58397,4.286325
1951,15.0555,15.64572,2.920394,14.19569,4.203477
1953,15.1049,15.29128,2.854488,13.89293,4.119042
1955,15.04579,15.09474,2.790895,13.5745,3.872582
1957,15.14058,15.108,2.787641,13.56418,3.85006
1959,15.885,15.34039,3.132831,14.22137,4.20222
1961,16.26418,15.62091,2.991527,14.29293,4.379086
1963,16.55819,15.91184,2.991929,14.45441,4.422488
1965,16.61078,16.15969,3.047749,14.47087,4.435513
1967,16.66269,16.34253,3.102072,14.45158,4.415431
1969,16.74734,16.37981,3.080889,14.52355,4.499836
1971,17.01242,16.40326,3.037034,14.50199,4.530726
1973,17.34696,16.42391,3.014179,14.46117,4.513603
1975,17.74287,16.43057,2.996849,14.37791,4.566824
1977,18.13821,16.43529,2.990394,14.39571,4.619869
1979,18.9321,16.40783,3.00415,14.40868,4.628006
1981,19.58377,16.3852,3.017928,14.39524,4.636258
1983,20.09704,16.36793,3.032401,14.46335,4.645975
1985,20.53208,16.51078,3.066708,14.50536,4.662768
1987,20.86822,16.53798,3.122582,14.5934,4.670196
1989,21.14842,16.56735,3.178624,14.59642,4.579309
1991,21.36814,16.60398,3.236039,14.59345,4.600466
1993,21.5192,16.64068,3.231223,14.57252,4.660966
1995,21.59728,16.67829,3.204376,14.68882,4.700787
1997,21.67642,16.70536,3.263808,14.75967,4.69302
1999,21.76034,16.70811,3.422824,14.79687,4.679982
2001,21.84497,16.67462,3.334757,14.83786,4.664443
2003,21.89936,16.62695,3.361032,14.85528,4.654918
2005,21.88644,16.56248,3.525981,14.76612,4.56217
2007,21.87043,16.53359,3.59426,14.70465,4.499325
2009,21.851,16.5159,3.610948,14.68579,4.579515
2011,21.81577,16.47938,3.513278,14.45606,4.554022
2013,21.7508,16.43142,3.535613,14.47928,4.533669
2015,21.69007,16.39698,3.501075,14.49203,4.532644
2017,21.67336,16.38864,3.466536,14.4873,4.506062
2019,21.67076,16.37707,3.461858,14.45536,4.516794
2021,21.65404,16.41536,3.392292,14.45541,4.544242
2023,21.611,16.4545,3.108003,14.37574,4.547503
2025,21.55766,16.42275,3.139491,14.36717,4.461768
2027,21.45434,16.31717,3.170418,14.31474,4.441391
2029,21.32448,16.4172,3.213822,14.2833,4.350598
2031,21.1829,16.31244,3.279424,14.1877,4.281811
2033,21.03108,16.34813,3.337822,14.01272,4.269886
2035,20.26258,16.28039,3.289732,13.94563,4.21839
2037,20.04976,16.16634,3.332876,13.94616,4.287533
2039,19.86817,16.02908,3.364833,13.92491,4.33045
2041,19.74076,15.96805,3.402463,14.12947,4.333072
2043,19.63096,16.02795,3.303459,14.18402,4.391979
2045,19.60069,16.11236,3.142373,14.28311,4.486971
2047,19.36471,16.33669,3.17929,14.1735,4.505194
2049,19.29269,16.55548,3.30573,14.16622,4.50154
2051,19.18621,16.62798,3.310068,14.22768,4.530711
2053,19.07186,16.71553,3.31483,14.31183,4.530921
2055,18.90831,16.68188,3.32841,14.35131,4.573169
2057,18.71083,16.63501,3.376447,14.41183,4.583581
2059,18.52775,16.70818,3.384112,14.41355,4.595725
2061,18.57998,16.67435,3.333886,14.19675,4.588065
2063,18.73722,16.64146,3.358731,14.21327,4.571391
2065,18.82478,16.57495,3.399263,14.22741,4.584068
2067,18.84291,16.47237,3.44485,14.25466,4.623953
2069,18.87042,16.36969,3.626741,14.35187,4.650927
2071,18.89767,16.26652,3.648363,14.38277,4.668689
2073,18.92615,16.16261,3.587466,14.42594,4.681462
2075,18.9437,16.22439,3.533581,14.48693,4.650562
2077,19.02441,16.31058,3.490066,14.52022,4.754939
2079,19.18821,16.41935,3.452749,14.5647,4.79725
2081,19.59469,16.60639,3.60974,14.84932,4.849599
2083,19.91234,16.72627,3.80579,15.02396,4.893233
2085,20.13603,16.89181,3.794873,15.05703,4.883934
2087,20.35971,17.22372,3.783956,15.18558,4.901258
2089,20.58469,17.34049,3.786435,15.32324,4.883469
2091,20.77112,17.35141,3.795212,15.35765,4.860379
2093,21.21314,17.36151,3.807841,15.32933,4.848068
2095,21.56304,17.34702,3.820493,15.30202,4.90972
2097,21.74571,17.33785,3.831702,15.38078,4.969449
2099,22.00532,17.38057,3.870802,15.43285,5.034289
2101,22.39233,17.61554,3.830229,15.43216,5.073299
2103,22.77591,17.76215,3.919649,15.22924,5.045841
2105,22.97573,17.73505,3.933632,15.21313,4.918916
2107,23.18085,17.73399,3.849971,15.1691,4.968315
2109,23.38597,17.73706,3.841746,15.14067,5.003607
2111,23.59109,17.74426,3.833143,15.24647,5.04704
2113,23.82311,17.77545,3.855464,15.39884,5.068317
2115,24.05206,17.8109,3.846942,15.53016,5.078376
2117,24.23262,17.8337,3.902417,15.61743,5.076105
2119,24.52665,17.79499,3.93849,15.82007,5.044153
2121,24.99471,17.72724,3.963485,15.97587,5.066185
2123,25.15166,17.72688,3.984342,16.01373,5.057702
2125,25.25286,17.86713,4.054989,16.10149,5.09047
2127,25.29299,18.06631,4.167184,16.14856,5.104503
2129,25.32167,18.14983,4.252069,16.26728,5.071113
2131,25.45805,18.19953,4.281287,16.3264,5.14174
2133,25.59869,18.28289,4.317343,16.35943,5.221204
2135,25.88524,18.37595,4.347155,16.54555,5.236727
2137,26.09966,18.50845,4.349635,16.72334,5.24985
2139,26.22692,18.64341,4.311618,16.78245,5.337112
2141,26.31994,18.88437,4.535477,16.8472,5.423226
2143,26.38947,19.12436,4.50111,17.16171,5.510779
2145,26.39625,19.03622,4.458296,17.19641,5.587803
2147,26.24356,18.34819,4.140758,17.04863,5.571136
2149,25.98612,18.57039,4.156605,16.90657,5.514971
2151,25.90509,18.83009,4.095387,16.96044,5.468336
2153,25.78852,18.83664,4.10268,16.80925,5.435696
2155,25.80511,18.74135,4.143325,16.71707,5.352286
2157,25.83966,18.75569,4.189734,16.62812,5.355502
2159,25.34229,18.51645,3.625408,16.33499,5.203808
2161,25.10684,18.45188,3.629694,16.06885,5.076628
2163,24.83878,18.36554,3.498816,15.90185,5.033407
2165,24.81917,18.35842,3.599529,15.91587,5.032408
2167,24.79559,18.31605,3.59634,15.89148,4.96963
2169,24.73193,18.25424,3.568432,15.73111,4.917301
2171,24.44453,18.28934,3.65012,15.89563,4.903659
2173,24.16003,18.47172,3.62548,15.90271,4.922122
2175,23.92669,18.38149,3.713481,15.92102,4.949392
2177,23.65155,18.27562,3.805835,16.0683,4.874408
2179,23.08606,18.37773,3.926789,15.99717,4.869912
2181,22.94772,18.47893,3.962396,16.17116,5.00428
2183,22.66991,18.51142,4.108573,16.27383,5.171229
2185,22.41656,18.5354,4.12602,16.23947,5.219056
2187,22.21615,18.54747,4.041694,16.20945,5.172961
2189,22.07011,18.56261,3.986713,16.27216,5.156097
2191,21.98616,18.6195,3.981562,16.25142,5.173949
2193,21.97146,18.90564,3.978364,16.24909,5.1845
2195,21.90899,18.95364,3.96819,16.2643,5.236214
2197,21.84546,18.96104,3.960503,16.19504,5.233404
2199,21.80469,18.97064,4.031984,16.14422,5.246369
2201,21.82374,18.96301,4.042171,16.15719,5.29856
2203,21.88288,19.01356,4.052437,16.2223,5.397054
2205,21.94846,19.09377,4.048094,16.30369,5.419635
2207,22.05145,19.17857,4.053508,16.444,5.456587
2209,22.1654,19.13179,4.140404,16.63601,5.516268
2211,22.30421,19.02824,4.186749,16.81599,5.55559
2213,22.52161,18.95483,4.276615,17.04071,5.676338
2215,23.58829,19.23231,4.416243,17.82582,6.005505
2217,24.14911,19.45205,4.456808,18.02554,6.139502
2219,24.79616,19.74348,4.671757,18.13479,6.20301
2221,25.58371,19.78427,4.65928,18.16784,6.286596
2223,25.81631,19.92245,4.633684,18.31373,6.320705
2225,25.93665,20.0028,4.636211,18.27458,6.345875
2227,25.96676,20.00076,4.712879,18.19455,6.353698
2229,25.98657,19.93884,4.739268,18.13387,6.353276
2231,26.00179,19.91778,4.767236,18.08901,6.332195
2233,26.01095,19.99161,4.807573,18.04398,6.375604
2235,25.97623,20.05286,4.685318,17.95606,6.387439
2237,25.93624,20.09484,4.496902,17.95338,6.368834
2239,25.88599,19.99802,4.323196,17.75409,6.379661
2241,25.78908,19.65726,4.307234,17.50412,6.284852
2243,25.72596,19.11942,4.287157,17.38373,6.27403
2245,25.60029,18.88575,4.262403,17.26939,6.190363
2247,25.54306,18.69055,4.24273,17.06132,6.123796
2249,25.456,18.70028,4.258925,16.97731,6.079998
2251,25.73595,18.89463,4.453449,17.1007,6.283864
2253,25.62793,18.90542,4.52049,17.09274,6.237027
2255,25.53487,18.83406,4.547472,17.25516,6.247493
2257,25.43552,18.90055,4.556527,17.37204,6.255822
2259,25.32855,18.97849,4.585051,17.36475,6.229454
2261,25.21015,19.03004,4.648848,17.47491,6.24878
2263,24.97383,19.05865,4.651355,17.52401,6.244725
2265,24.84754,19.09046,4.581638,17.59801,6.269004
2267,24.79246,19.12215,4.551762,17.62333,6.276034
2269,24.73246,19.15565,4.525111,17.65482,6.282357
2271,24.7005,19.19637,4.551417,17.92915,6.359482
2273,24.67306,19.31199,4.586383,18.06808,6.416644
2275,24.61736,19.417,4.597901,18.18397,6.423641
2277,24.4687,19.37767,4.614495,18.13162,6.360037
2279,24.23382,19.26838,4.65298,17.99641,6.272966
2281,23.76478,19.33712,4.571111,17.89828,6.190798
2283,23.37596,19.26448,4.553377,17.8608,6.123981
2285,23.0736,19.28493,4.584317,17.9402,6.120337
2287,22.76395,19.2985,4.582508,17.97923,6.087186
2289,22.46243,19.31048,4.582589,17.87405,6.000145
2291,22.20547,19.35449,4.591817,17.86016,5.969799
2293,21.69894,19.42638,4.608464,17.79759,5.947821
2295,21.32547,19.4214,4.613558,17.80301,5.992011
2297,21.08483,19.40661,4.609807,17.86645,6.01405
2299,20.73285,19.38992,4.580883,17.80992,6.031753
2301,20.26256,19.2571,4.550536,17.62558,5.958439
2303,19.66478,19.04279,4.576571,17.41975,5.837111
2305,19.37254,18.99473,4.613227,17.41488,5.823927
2307,19.08031,19.00449,4.649883,17.41,5.797448
2309,18.78866,19.01594,4.686481,17.4104,5.761228
2311,18.4976,19.14926,4.723023,17.41238,5.762755
2313,18.25111,19.15475,4.675085,17.39124,5.759122
2315,18.00769,19.14677,4.647393,17.37856,5.705141
2317,17.81303,19.13322,4.598659,17.3884,5.676535
2319,17.51694,19.1617,4.599657,17.31684,5.603908
2321,17.01898,19.07688,4.613909,17.37818,5.546214
2323,16.74751,19.04344,4.620521,17.36541,5.499936
2325,16.51865,19.03437,4.662467,17.37387,5.47719
2327,16.34856,19.02924,4.748222,17.37791,5.463422
2329,16.18873,19.05262,4.812483,17.4269,5.50936
2331,16.07408,19.11199,4.882535,17.72073,5.625895
2333,15.88496,19.21126,4.904561,17.70455,5.649196
2335,15.52559,18.97548,4.794561,17.64287,5.616657
2337,15.23193,18.79351,4.682528,17.51662,5.58198
2339,15.02265,18.75008,4.537448,17.31057,5.514275
2341,14.8437,18.63217,4.419776,17.1227,5.49368
2343,14.67327,18.48866,4.294066,17.01262,5.300833
2345,14.54296,18.45634,4.250032,16.94302,5.296813
2347,14.44925,18.43627,4.210361,16.78996,5.306705
2349,14.36536,18.42021,4.194297,16.77609,5.295371
2351,14.28671,18.40949,4.191201,16.82309,5.31683
2353,14.22684,18.46542,4.20146,16.76475,5.348069
2355,14.07014,18.55102,4.238115,16.87902,5.545996
2357,13.88788,18.58799,4.315758,16.9854,5.647584
2359,13.60596,18.68224,4.278771,17.05477,5.692034
2361,13.40859,18.73033,4.220834,17.13067,5.728021
2363,13.32513,18.84717,4.226348,17.44729,5.788558
2365,13.30936,19.41,4.527082,17.82421,6.161968
2367,13.27664,19.84132,4.723565,17.96124,6.438712
2369,13.22121,19.96115,4.717943,18.10984,6.476481
2371,13.12953,19.988,4.825036,18.03793,6.40285
2373,12.98998,20.09365,4.791025,18.06355,6.36374
2375,12.81004,20.09229,4.601017,18.04074,6.305478
2377,12.68272,20.13865,4.43245,18.00049,6.355664
2379,12.96093,20.16217,4.648284,18.22309,6.380139
2381,13.05584,20.19192,4.857825,18.34938,6.523996
2383,12.99692,20.20154,5.024209,18.25049,6.403846
2385,12.89753,20.17776,5.1593,18.30837,6.378518
2387,12.79438,20.15665,5.115292,18.29468,6.540378
2389,12.66539,20.20935,5.109913,18.3492,6.525923
2391,12.53826,20.20724,5.063118,18.32281,6.51227
2393,12.41346,20.17189,4.906328,18.27639,6.498135
2395,12.40804,20.10277,4.843753,18.20867,6.498838
2397,12.40676,20.09619,4.778589,18.17666,6.581196
2399,12.38197,20.12845,4.715398,18.23882,6.634615
2401,12.29523,20.11533,4.665035,18.28944,6.665265
2403,12.19725,19.95187,4.520496,18.2666,6.501987
2405,12.12267,19.97199,4.546503,18.10086,6.456589
2407,12.0405,19.8532,4.594913,18.11332,6.439123
2409,11.91153,19.69955,4.625497,17.8706,6.322945
2411,11.76247,19.20312,4.649274,17.71062,6.208146
2413,11.53958,18.76169,4.624204,17.26716,5.910298
2415,10.46521,18.09859,4.241126,16.61459,5.537877
2417,9.851905,17.97064,4.236804,16.41589,5.452876
2419,9.110981,17.8707,4.222341,16.39192,5.394985
2421,8.293313,17.73688,4.197408,16.29479,5.264465
2423,7.993803,17.40479,4.207074,16.19111,5.215821
2425,7.779708,17.33001,4.2183,16.09505,5.112594
2427,7.703905,17.37605,4.224843,16.00849,5.164674
2429,7.622334,17.45797,4.227027,15.97206,5.187718
2431,7.529267,17.44284,4.204061,15.95841,5.138405
2433,7.439319,17.59136,4.134575,15.98459,5.043423
2435,7.39476,17.61785,4.155259,16.10627,5.108632
2437,7.357914,17.70174,4.185039,16.16406,5.176445
2439,7.519771,17.72216,4.194605,16.23773,5.197079
2441,7.618462,17.7872,4.215209,16.24483,5.299888
2443,7.618779,17.86527,4.234247,16.29826,5.344743
2445,7.644741,18.41501,4.259627,16.48838,5.502279
2447,7.608031,18.39637,4.265412,16.50334,5.549599
2449,7.500938,18.35945,4.172131,16.48703,5.572376
2451,7.121458,18.13297,4.07153,16.41975,5.49257
2453,7.142554,18.18785,4.02236,16.35791,5.472202
2455,7.167343,18.25335,4.05502,16.3141,5.446088
2457,7.265028,18.45941,4.134913,16.40154,5.569947
2459,7.338553,18.80753,4.28008,16.78843,5.635831
2461,7.415851,19.08405,4.425426,16.97204,5.804711
2463,7.508379,19.26366,4.543707,17.14377,5.890567
2465,7.608649,19.45844,4.699962,17.56671,6.067977
2467,7.757664,19.84545,4.936273,18.06546,6.328829
2469,7.893098,20.03855,4.943619,18.1436,6.411657
2471,8.039562,20.172,5.043769,18.05295,6.441062
2473,8.220084,20.2785,5.123906,17.97082,6.239224
2475,8.558084,20.34441,5.263294,18.06483,6.12614
2477,8.819394,20.44521,5.415317,18.27819,6.4169
2479,9.079469,20.8655,5.508398,18.64389,6.644118
2481,9.156591,20.87448,5.484214,18.62326,6.656391
2483,9.247251,20.78245,5.278113,18.64086,6.682761
2485,9.376597,20.82434,5.179343,18.82281,6.709369
2487,9.514975,20.80856,5.20942,19.00748,6.881017
2489,9.621577,20.83239,5.248842,19.09498,6.941476
2491,9.716027,21.0068,5.449601,19.28365,6.988664
2493,9.8741,21.02667,5.484817,19.27136,7.052476
2495,10.03213,21.0425,5.520193,19.27678,7.040183
2497,10.18759,21.07687,5.628583,19.32213,7.023203
2499,10.34048,21.13093,5.666757,19.36026,6.996509
2501,10.48429,21.20525,5.625779,19.33573,7.0284
2503,10.63259,21.29087,5.66212,19.47317,7.10942
2505,10.78526,21.36251,5.696361,19.50352,7.128602
2507,11.02685,21.36235,5.73596,19.53914,7.218813
2509,11.22475,21.36113,5.754057,19.56718,7.297908
2511,11.30458,21.36778,5.790131,19.60584,7.319531
2513,11.34768,21.36395,5.82578,19.72418,7.341262
2515,11.47174,21.40874,5.863315,19.76612,7.376601
2517,11.73801,21.56203,5.902734,19.81607,7.388358
2519,11.78681,21.54497,5.807098,19.75025,7.39121
2521,11.86173,21.549,5.852103,19.79745,7.399556
2523,11.96286,21.55314,5.90154,19.76924,7.389678
2525,12.17427,21.58498,5.951526,19.7407,7.431503
2527,12.35661,21.68227,5.996936,19.71612,7.467703
2529,12.50987,21.81056,6.008066,19.61268,7.292608
2531,12.74062,21.33128,5.411559,19.3905,7.206916
2533,12.89896,21.16818,5.409815,19.36453,7.207583
2535,13.01616,21.14253,5.41639,19.29143,7.17748
2537,13.14063,21.19358,5.488532,19.35374,7.204494
2539,13.2651,21.36839,5.45769,19.35556,7.203374
2541,13.67318,21.5018,5.53263,19.29629,7.17606
2543,13.94278,21.50966,5.578286,19.26557,7.211998
2545,14.1962,21.66049,5.622507,19.37204,7.259242
2547,14.44963,21.85714,5.662735,19.38571,7.257829
2549,14.63958,21.88155,5.704516,19.2513,7.28547
2551,14.84391,21.899,5.731768,19.283,7.249993
2553,15.00228,21.8952,5.742723,19.21222,7.228831
2555,15.15104,21.88799,5.703711,19.15442,7.150932
2557,15.30443,21.88673,5.67665,19.07214,7.130783
2559,15.46785,21.8922,5.606917,18.89227,7.112852
2561,15.59082,22.00849,5.457108,18.8747,7.118134
2563,15.58682,21.51944,5.347809,18.80715,6.997766
2565,15.5007,20.39914,5.14957,18.36786,6.814745
2567,15.4355,19.91846,4.766817,17.85174,6.539717
2569,15.39417,19.8243,4.773916,17.86384,6.532101
2571,15.35416,19.98575,4.777984,17.85813,6.540783
2573,15.32667,20.057,4.680032,17.9358,6.527617
2575,15.29938,20.15893,4.86643,18.0008,6.608479
2577,15.27327,20.24841,4.775219,17.99022,6.610676
2579,14.73699,20.19601,4.649892,17.87066,6.54065
2581,14.10177,20.18724,4.469527,17.73919,6.50009
2583,14.00949,21.02808,5.063199,18.21029,6.852971
2585,13.95047,21.14957,5.088539,18.28297,6.896482
2587,13.91632,21.13923,5.085409,18.43674,6.941798
2589,13.90915,21.0573,5.083115,18.53918,6.95807
2591,13.90767,21.10022,5.026346,18.58099,7.04585
2593,13.94265,21.15985,4.988569,18.68591,7.000747
2595,14.00849,21.59204,4.97291,18.81762,7.030114
2597,14.09596,21.99838,5.066778,19.19494,7.083871
2599,14.27465,22.26134,5.173596,19.18852,7.148236
2601,14.43067,22.35382,5.205982,19.21454,7.101665
2603,14.4676,22.37067,5.20626,19.19899,7.116344
2605,14.47547,22.35423,5.203386,19.06789,7.049078
2607,14.45428,22.30142,5.197367,19.00137,7.047101
2609,14.49031,22.26664,5.212945,18.9201,7.050878
2611,14.48602,22.22675,5.22851,18.95316,7.062855
2613,14.44141,22.18684,5.244084,18.90668,6.994452
2615,14.39766,22.14293,5.25966,18.87211,6.987194
2617,14.35316,22.02408,5.300034,18.88872,7.000723
2619,14.30449,21.84373,5.430337,18.90917,7.003964
2621,14.18017,21.68777,5.444754,18.82028,7.015562
2623,14.0806,21.63892,5.51692,18.80595,7.027243
2625,14.00704,21.49197,5.59674,18.82376,6.99018
2627,13.94349,21.39472,5.684264,18.83007,7.006891
2629,13.89969,21.32649,5.747869,18.901,7.052037
2631,13.87191,21.24957,5.823954,19.06152,7.096563
2633,13.84123,21.31012,5.899754,19.0317,7.1186
2635,13.79489,21.2892,5.879943,19.06381,7.057661
2637,13.73707,21.31339,5.704325,19.08345,7.076895
2639,13.48706,21.10039,5.724518,19.27855,7.223551
2641,13.31125,20.85352,5.888216,19.49041,7.323781
2643,13.23328,20.66818,5.839554,19.47684,7.335207
2645,13.12795,20.74844,5.767369,19.29265,7.223764
2647,13.07922,20.54129,5.71965,19.10394,7.212943
2649,13.03056,20.45181,5.668263,19.08169,7.227114
2651,12.98305,20.31096,5.616502,19.04529,7.222475
2653,12.93608,20.24938,5.586993,19.06462,7.212877
2655,12.9147,20.33451,5.593716,19.03315,7.183429
2657,12.82472,20.12956,5.526861,18.90043,7.03508
2659,12.75949,20.05722,5.533397,18.54337,6.981942
2661,12.69512,19.77113,5.433393,18.40022,6.846103
2663,12.62246,19.89391,5.37222,18.54916,6.893384
2665,12.52499,19.71697,5.266082,18.5422,6.747028
2667,12.392,19.19405,4.706208,18.13621,6.370977
2669,12.30208,19.27585,4.726786,18.09739,6.257582
2671,12.18949,19.19885,4.681006,17.96667,6.231535
2673,12.0384,19.10517,4.742466,17.8518,6.177744
2675,11.72197,19.04882,4.690102,17.58214,6.114051
2677,11.47885,19.05358,4.922275,17.50608,6.018713
2679,11.25599,18.82403,4.675751,17.2629,5.714912
2681,11.48019,19.005,4.888985,17.56496,5.904525
2683,11.52706,18.92041,4.840113,17.68702,5.900445
2685,11.42162,19.23267,4.987788,17.96024,6.107246
2687,11.30244,19.28602,5.185005,18.17043,6.145074
2689,11.20352,19.23942,5.226593,18.06252,6.118785
2691,11.10532,19.18036,5.084323,17.81358,6.115667
2693,10.93536,19.36766,5.058284,17.81407,6.130676
2695,10.78441,19.55574,5.090215,18.0206,6.315495
2697,10.61161,19.61568,5.177424,18.01053,6.343503
2699,10.44185,19.98414,5.267324,17.98454,6.386914
2701,10.27153,20.10566,5.268406,18.16877,6.44665
2703,10.09605,20.21982,5.229147,18.24508,6.430504
2705,9.917811,20.316,5.189114,18.41581,6.402651
2707,9.649037,20.39212,5.275938,18.58532,6.522514
2709,9.423231,20.41003,5.24386,18.60321,6.595974
2711,9.319131,20.43533,5.226039,18.55045,6.685604
2713,9.214484,20.55773,5.212247,18.64163,6.782093
2715,9.034311,20.63218,5.205332,18.68024,6.908392
2717,8.708145,20.67352,5.177478,18.71441,6.827054
2719,8.578399,20.70566,5.158444,18.81942,6.866611
2721,8.448726,20.73779,5.139708,18.82602,6.843252
2723,8.367873,21.01479,5.251357,19.06557,7.107505
2725,8.187158,21.19956,5.283084,19.11221,7.289939
2727,8.073206,21.32791,5.298733,19.21979,7.317143
2729,8.02027,21.65078,5.28752,19.31718,7.277235
2731,7.857684,22.20508,5.322143,19.46969,7.223736
2733,7.841518,22.6378,5.405672,19.70468,7.269564
2735,7.856435,22.91774,5.53175,19.80162,7.293812
2737,7.865318,23.26123,5.620211,20.03394,7.299964
2739,7.801942,23.66082,5.797297,20.27679,7.623196
2741,7.490819,23.7106,5.836901,20.3279,7.797582
2743,7.291403,23.65211,5.906384,20.3957,7.703224
2745,7.101506,23.5729,5.874053,20.40021,7.708816
2747,6.911609,23.49459,5.827566,20.3982,7.716309
2749,6.78066,23.4667,5.722178,20.40977,7.667155
2751,6.73907,23.74865,5.671732,20.64641,8.03919
2753,6.72375,23.77691,5.858016,20.74697,8.013686
2755,6.743202,23.79515,5.867327,20.59024,7.999
2757,6.744973,23.82378,6.005662,20.93402,7.981768
2759,6.714679,23.82565,6.027212,20.96899,7.993889
2761,6.756531,23.72,6.044797,20.83066,8.066735
2763,6.905935,23.66861,6.098881,20.75176,8.092641
2765,7.061991,23.65375,6.194858,20.76086,8.083566
2767,7.218137,23.63779,6.326107,20.78164,8.135754
2769,7.427134,23.60752,6.382195,20.81799,8.07783
2771,7.63436,23.61638,6.526971,20.91147,8.149983
2773,7.835,23.54566,6.557629,20.97486,8.106458
2775,8.222406,23.47085,6.60326,21.15997,8.167219
2777,8.507226,23.41407,6.666949,21.27079,8.267187
2779,8.674349,23.35715,6.671755,21.22162,8.317703
2781,8.807543,23.31368,6.649244,21.28755,8.352592
2783,8.886294,22.93668,6.042546,20.57735,7.982152
2785,9.072012,22.95213,6.025588,20.91667,8.142838
2787,9.489553,23.47112,5.979822,20.97151,8.259996
2789,9.990196,23.54471,5.891243,21.02483,8.292436
2791,10.5424,23.90157,5.985672,21.17066,8.396158
2793,10.98837,23.80949,5.895125,21.09914,8.349952
2795,11.40488,23.7118,5.743557,20.91427,8.253774
2797,11.79562,23.6585,5.233906,20.81813,8.128333
2799,12.20187,23.60734,5.24216,20.97864,8.105516
2801,12.85205,24.13435,5.408247,21.19998,8.160029
2803,13.06582,24.22452,5.403735,21.20445,8.173323
2805,13.18083,24.2072,5.398988,21.25914,8.179174
2807,13.29583,24.18991,5.39878,21.41212,8.185026
2809,13.40005,24.17263,5.504626,21.40568,8.195934
2811,13.53678,24.16372,5.62636,21.34838,8.207284
2813,13.71174,24.25221,5.691635,21.47034,8.222374
2815,13.8604,24.41758,5.672973,21.52702,8.288125
2817,14.00521,24.40585,5.65435,21.54105,8.306419
2819,14.15756,24.37979,5.636997,21.54559,8.292729
2821,14.31202,24.35929,5.635616,21.55563,8.303558
2823,14.55167,24.38696,5.599521,21.59644,8.344007
2825,14.82331,24.83881,5.577227,21.686,8.342047
2827,15.30844,25.08182,5.54247,21.67078,8.450012
2829,15.48538,25.04309,5.532284,21.68307,8.478011
2831,15.6434,24.95029,5.550173,21.63518,8.356349
2833,15.7868,24.88877,5.576862,21.68202,8.398184
2835,15.95756,24.82881,5.627151,21.74694,8.367769
2837,16.0746,24.72552,5.622968,21.72829,8.244081
2839,16.18854,24.59109,5.588548,21.58342,8.04682
2841,16.20865,24.38365,5.590778,21.3514,8.017202
2843,16.22939,24.33352,5.754833,21.50219,8.010038
2845,16.24377,24.34265,6.062262,21.58492,8.075327
2847,16.27466,24.44437,6.293357,21.73102,8.172663
2849,16.34345,24.54703,6.332983,21.97502,8.279157
2851,16.40282,24.89911,6.408124,22.27884,8.439289
2853,16.43359,25.27707,6.690946,22.47175,8.638925
2855,16.44407,25.27738,6.742385,22.55855,8.693792
2857,16.41078,25.35933,6.670745,22.52355,8.743494
2859,16.37578,25.21227,6.525879,22.46063,8.762926
2861,16.34256,25.16125,6.540348,22.30195,8.742724
2863,16.3073,25.01119,6.521391,22.18068,8.464523
2865,16.27024,24.9111,6.403977,21.99744,8.272174
2867,16.23318,24.80298,6.315523,21.86896,8.187016
2869,16.17918,24.71582,6.268829,21.89052,8.164408
2871,16.1091,24.64583,6.264865,21.89425,8.133633
2873,16.04865,24.55168,6.2721,21.64932,8.099844
2875,16.01711,24.58678,6.317363,21.75201,8.073117
2877,16.00279,24.37007,6.428987,21.63988,7.97612
2879,15.96459,24.2671,6.521193,21.65994,7.901322
2881,15.64631,23.95663,6.355999,21.49578,7.707947
2883,15.52046,23.74424,6.3216,21.38879,7.809555
2885,15.48794,23.46219,6.253603,21.33187,7.760467
2887,15.4632,23.84311,6.395844,21.38563,7.790665
2889,15.44313,23.64992,6.417182,21.29062,7.807772
2891,15.42895,23.38118,6.277918,21.13136,7.79861
2893,15.43362,23.30535,6.139491,21.01799,7.838996
2895,15.41609,23.07208,5.975916,21.09631,7.805957
2897,15.40621,23.21157,5.900259,20.89595,7.733128
2899,15.39635,23.13586,5.892364,20.84163,7.752221
2901,15.38623,23.1398,5.909628,20.68542,7.697174
2903,15.3761,22.83259,5.939839,20.33074,7.546863
2905,15.36439,22.7769,5.940321,20.25716,7.538762
2907,15.35654,22.77456,5.974199,20.14301,7.529796
2909,15.35109,22.90183,6.00777,20.31234,7.539934
2911,15.33778,22.90674,6.005043,20.39767,7.513742
2913,15.32024,22.93786,5.893355,20.3474,7.50716
2915,15.29731,22.95334,5.888145,20.36305,7.489073
2917,15.27817,22.81801,6.077744,20.38307,7.477958
2919,15.27252,22.94614,6.096607,20.37864,7.469167
2921,15.26654,22.98067,6.087805,20.24274,7.455762
2923,15.21235,22.63101,5.936523,20.15624,7.140316
2925,15.17016,22.66105,6.057127,20.36503,7.374059
2927,15.07417,22.92155,6.110866,20.43599,7.396476
2929,14.9343,23.30295,6.139811,20.8989,7.495604
2931,14.77602,23.32832,6.056912,20.88385,7.673542
2933,14.60962,23.45671,5.945714,20.76565,7.750839
2935,14.47579,23.12919,5.889966,20.72675,7.743968
2937,14.34496,23.28247,5.851381,20.55076,7.71982
2939,14.28336,22.49692,5.742896,20.52395,7.519419
2941,14.18545,22.32468,5.723708,20.48233,7.456457
2943,14.11492,22.32866,5.764335,20.5042,7.530365
2945,14.05106,22.35443,5.762985,20.52915,7.52346
2947,13.99877,22.41083,5.777475,20.49628,7.573575
2949,13.94614,22.47836,5.794968,20.46251,7.595966
2951,13.79745,22.39219,5.854523,20.4687,7.634591
2953,13.64256,22.44615,5.869586,20.42018,7.744838
2955,13.46305,22.46474,5.813824,20.32124,7.783547
2957,13.29631,22.32515,5.725128,20.24184,7.694473
2959,13.15563,22.65334,5.828456,20.20162,7.562785
2961,13.00725,22.72605,5.881402,20.15945,7.518701
2963,12.85944,22.92708,5.914807,20.12782,7.72015
2965,12.72375,23.31682,6.334645,20.30897,7.880258
2967,12.66891,23.42758,6.33247,20.54187,8.057484
2969,12.48902,23.20715,6.343647,20.44324,8.028993
2971,12.30827,23.27689,6.036217,20.41164,8.11335
2973,12.13068,23.34423,6.039192,20.35124,8.108667
2975,11.76786,23.40036,6.142068,20.30734,8.174139
2977,11.52508,23.49487,6.118232,20.45496,8.228064
2979,11.45501,23.60003,6.20564,20.60615,8.404514
2981,11.59838,23.82109,6.358413,20.81508,8.390879
2983,11.83764,24.27349,6.39172,21.3133,8.774849
2985,11.84371,24.52557,6.449718,21.34689,8.564072
2987,11.53872,24.13066,6.495661,21.25701,8.546528
2989,11.33063,23.8314,6.513351,21.2654,8.434474
2991,10.97213,23.53705,6.43742,21.16947,8.277609
2993,10.58794,23.45355,6.461116,21.27489,8.299845
2995,10.2048,23.36128,6.479748,21.22358,8.232858
2997,9.796786,23.261,6.486865,21.13416,8.289109
2999,9.252068,22.96344,6.481553,20.89493,8.153401
3001,8.594621,22.71908,6.473094,20.78328,8.066247
3003,8.492647,22.61448,6.460046,20.7049,8.058709
3005,8.489449,22.61052,6.408647,20.72481,8.097196
3007,8.39984,22.89242,6.366182,20.76402,8.111656
3009,8.303822,23.00697,6.345642,20.73557,8.070586
3011,8.216414,22.82414,6.325969,20.71374,8.153127
3013,8.130556,22.59652,6.311163,20.76385,8.1828
3015,8.059247,22.5073,6.342532,20.72796,8.241263
3017,8.003414,22.49679,6.386103,20.68505,8.233918
3019,7.941496,22.51419,6.39573,20.71286,8.223855
3021,7.89071,22.534,6.506273,20.74824,8.209253
3023,7.774322,22.55687,6.727754,20.65857,8.199088
3025,7.681062,22.61966,6.860144,20.61955,8.160603
3027,7.473281,22.80321,6.916699,20.8332,8.27323
3029,7.4965,22.92846,6.946334,20.86588,8.359237
3031,7.484647,23.21839,6.942505,20.7606,8.295627
3033,7.48762,23.09449,6.941635,20.73066,8.331088
3035,7.470177,22.9823,6.948207,20.70866,8.369957
3037,7.639576,23.22444,6.955163,21.06328,8.429938
3039,7.77609,23.5346,7.034517,21.11612,8.487127
3041,7.884361,23.72976,7.373976,21.26027,8.634961
3043,7.989319,23.88835,7.412597,21.31878,8.688139
3045,8.09191,23.95663,7.409128,21.38523,8.680909
3047,8.169673,23.79824,7.288943,21.27047,8.665709
3049,8.208841,23.63655,7.165725,21.12639,8.636889
3051,8.256645,23.47899,6.897769,20.93012,8.327891
3053,8.371773,23.08455,6.81109,20.71513,8.253572
3055,8.703501,22.98436,6.810493,20.95639,8.233365
3057,8.875823,22.88022,6.822414,20.95379,8.242299
3059,9.02705,23.00325,6.838865,21.01821,8.317145
3061,9.178277,23.12628,6.855315,21.05622,8.335766
3063,9.329504,23.24931,6.871766,21.11035,8.307478
3065,9.918919,23.47542,7.018504,21.55755,8.533898
3067,10.10602,23.58362,7.090382,21.68576,8.647347
3069,10.26848,23.6336,7.155256,21.71819,8.638782
3071,10.40413,23.61984,7.21133,21.77457,8.635134
3073,10.52615,23.59258,7.208248,21.80611,8.673009
3075,10.63281,23.71821,7.165289,21.83219,8.602506
3077,10.73625,23.81709,7.099853,21.86632,8.631266
3079,11.61705,23.4834,7.19451,21.97495,8.783471
3081,12.17216,23.37897,7.20573,22.03302,8.735529
3083,12.37619,23.43489,7.179972,21.85271,8.711883
3085,12.59949,23.20609,7.153593,21.70427,8.688566
3087,12.8405,22.92695,7.171786,21.27574,8.532546
3089,12.95944,22.8786,7.081381,21.24101,8.448854
3091,13.07731,22.90261,6.947021,21.20989,8.334759
3093,13.17756,22.82418,6.888812,21.20768,8.293927
3095,13.28101,23.05958,6.842512,21.10542,8.321445
3097,13.4007,23.0229,6.751258,21.02425,8.222222
3099,13.51991,22.9948,6.824445,21.00838,8.21323
3101,13.63985,22.9706,6.912109,21.12579,8.227251
3103,13.75874,22.91977,6.948155,21.0507,8.299722
3105,13.88,22.86894,6.984201,21.02864,8.266294
3107,14.02254,22.72383,6.978608,20.96809,8.230466
3109,14.13048,22.68182,6.745306,20.90767,8.23889
3111,14.26373,22.76331,6.737277,20.92902,8.25077
3113,14.44188,22.79458,6.76316,20.95199,8.193445
3115,14.65367,22.70312,6.881685,20.88222,8.156236
3117,14.79516,22.69815,6.847351,20.76653,8.112541
3119,14.93282,22.58083,6.9084,20.79821,8.134398
3121,15.09879,22.79584,7.006656,21.08337,8.246137
3123,15.16088,22.46395,6.943764,20.91284,8.22845
3125,15.20645,22.12313,6.530177,20.59736,8.142349
3127,15.44109,21.81363,6.43009,20.4628,7.986557
3129,15.5526,21.15148,6.137863,20.05716,7.619022
3131,15.64395,20.85116,6.084973,19.8139,7.420012
3133,15.73077,20.73865,5.799949,19.58119,7.294395
3135,15.81884,20.65043,5.78881,19.53469,7.215652
3137,15.90994,20.54469,5.777838,19.55602,7.133445
3139,16.0348,20.54185,5.784626,19.57111,7.229974
3141,16.16505,20.98938,5.917219,19.75048,7.467803
3143,16.20898,21.16398,5.863388,19.77907,7.628421
3145,16.25286,21.3209,5.790715,19.88313,7.662908
3147,16.2864,21.50488,5.729198,19.94768,7.631935
3149,16.35863,21.80329,5.897738,20.11066,7.650361
3151,16.44981,21.9935,6.022094,20.23932,7.583396
3153,16.53355,22.20342,6.121906,20.29498,7.634443
3155,16.5953,22.25215,6.205276,20.26062,7.630457
3157,16.6611,22.24856,6.236727,20.21968,7.540284
3159,16.70844,22.2541,6.271451,20.24758,7.42927
3161,16.7716,22.24816,6.365163,20.28553,7.551435
3163,16.88481,22.10928,6.360764,20.43161,7.492887
3165,16.95425,21.62184,6.11415,20.2196,7.318673
3167,16.94419,21.3693,5.963712,19.84121,7.211504
3169,17.0075,21.31057,5.993533,19.80071,7.131104
3171,17.04971,21.38801,5.913648,19.81215,7.16557
3173,17.06628,21.50866,5.879198,19.80761,7.152461
3175,17.07368,21.49647,5.927853,19.85258,7.112659
3177,17.06269,21.30247,5.589694,19.40923,6.947554
3179,16.99526,21.17215,5.38945,19.23874,6.803941
3181,16.74772,20.60914,5.34711,19.1293,6.603088
3183,16.34819,19.82254,5.305632,18.47978,6.532349
3185,16.13664,19.70634,5.09686,18.35151,6.499442
3187,16.07492,19.72886,4.859262,18.07209,6.380683
3189,15.83224,19.71504,4.627725,17.93663,6.232379
3191,15.68181,19.70117,4.616126,17.93402,6.204584
3193,15.62699,19.73736,4.626046,17.99579,6.236174
3195,15.56179,19.77792,4.654054,17.90816,6.349578
3197,15.5133,19.87071,4.695837,17.94675,6.502349
3199,15.47925,19.92514,4.764699,18.08201,6.452719
3201,15.34284,20.08573,4.866288,18.26062,6.571315
3203,15.21119,20.39438,4.978086,18.47118,6.691406
3205,15.06509,20.51684,5.153566,18.68704,6.786419
3207,14.99235,20.46312,5.169699,18.82438,6.875994
3209,14.90528,20.45381,5.466515,18.91906,6.906755
3211,14.90591,20.98884,5.706832,19.35165,7.213426
3213,14.8048,21.14344,5.74772,19.43242,7.305406
3215,14.71459,21.13971,5.781962,19.36292,7.14539
3217,14.6135,21.25876,5.773459,19.34388,7.134618
3219,14.5123,21.27216,5.666338,19.37747,7.066444
3221,14.39388,21.22682,5.617889,19.29028,7.023943
3223,14.25825,21.27932,5.627617,19.1525,7.060036
3225,14.07785,21.33625,5.620193,19.01947,7.113304
3227,13.79907,21.02406,5.523247,18.87652,7.05251
3229,13.64204,20.79168,5.602714,18.99913,7.097703
3231,13.56252,20.99023,5.652024,18.9944,7.120195
3233,13.4609,20.93115,5.740325,18.86974,7.171407
3235,13.35838,20.87987,5.707183,18.93256,7.122915
3237,13.32149,20.78427,5.747316,19.23859,7.364065
3239,13.36748,20.78342,5.826208,19.29397,7.286873
3241,13.39857,20.59305,5.851522,18.99509,7.00002
3243,13.43741,20.63642,5.894515,18.96905,6.989636
3245,13.45596,20.55123,5.946781,19.07314,7.122217
3247,13.40561,20.686,6.043664,19.27942,7.202609
3249,13.35138,20.79646,6.173675,19.48965,7.25271
3251,13.29323,20.87696,6.22659,19.56296,7.414079
3253,13.18814,21.40221,6.323739,19.71512,7.406471
3255,12.83618,21.6744,5.929795,19.75607,7.574113
3257,12.68607,21.8522,6.060981,20.02317,7.783952
3259,12.54286,22.25421,6.329118,20.34147,8.047676
3261,12.40015,22.39149,6.596812,20.64154,8.143435
3263,12.25408,22.47525,6.616046,20.72816,8.171087
3265,11.66325,22.25291,6.557552,20.38879,7.931263
3267,11.46939,22.13312,6.563344,20.3786,7.864833
3269,11.30103,22.15953,6.48841,20.42583,7.846228
3271,11.22321,22.41784,6.434668,20.51544,7.907529
3273,11.13968,22.46932,6.462365,20.49868,7.909328
3275,11.04713,22.40326,6.391405,20.55808,7.848379
3277,10.95459,22.32038,6.346098,20.49471,7.832682
3279,10.09141,22.13751,6.230809,20.36401,7.794873
3281,9.564088,22.19475,6.106882,20.38093,7.717864
3283,9.421098,22.52488,6.151966,20.4667,7.76155
3285,9.285302,22.64429,6.149251,20.49763,7.839943
3287,9.073547,22.73667,6.192428,20.53808,7.852068
3289,8.988769,22.92204,6.256445,20.5567,7.939834
3291,8.893048,23.03222,6.439514,20.5828,7.989137
3293,8.791354,23.10828,6.528624,20.63251,8.072744
3295,8.694772,23.01226,6.562812,20.70207,8.149787
3297,8.60789,23.03797,6.609271,20.80775,8.187383
3299,8.512281,23.18402,6.7845,21.02138,8.247001
3301,8.412696,23.31813,6.882762,21.0994,8.286071
3303,8.319569,23.585,7.000133,21.27919,8.418247
3305,8.359284,23.95784,7.209983,21.75736,8.698089
3307,8.344942,24.11251,7.24694,22.20571,8.909753
3309,8.335681,24.47587,7.224898,22.3523,8.93718
3311,8.305244,24.59971,7.271465,22.52332,9.000685
3313,8.253367,24.65159,7.367194,22.54048,9.154523
3315,8.139988,24.70515,7.450966,22.50717,9.132776
3317,8.084902,24.81731,7.51318,22.63547,9.111464
3319,8.030611,24.82373,7.526272,22.493,9.047891
3321,7.949631,24.76887,7.526823,21.93405,8.827146
3323,7.973196,24.83863,7.533656,21.95355,8.818102
3325,8.04177,24.79087,7.600536,22.02874,8.815012
3327,7.927643,24.67746,7.563842,22.17566,8.865759
3329,8.305879,24.6107,7.529199,22.16965,8.877532
3331,8.290085,24.50185,7.524082,22.11057,8.933234
3333,8.269869,24.44866,7.510353,22.17415,8.971932
3335,8.24953,24.39155,7.49686,22.13675,8.990269
3337,8.249891,24.30151,7.482965,22.10337,8.98191
3339,8.195685,24.2376,7.428451,22.08049,8.927078
3341,8.112968,24.11221,7.219634,21.88518,8.786823
3343,8.116582,23.92668,7.037112,21.76873,8.674201
3345,8.117253,23.84988,6.905807,21.63509,8.576607
3347,8.113705,23.69891,6.969624,21.43051,8.546792
3349,8.071811,23.42258,6.932024,21.21976,8.438896
3351,8.001307,23.23729,6.736871,20.97665,8.334249
3353,7.943167,23.08578,6.721709,20.79847,8.276665
3355,7.900327,22.96355,6.719123,20.76435,8.28762
3357,7.855215,22.86554,6.723557,20.74452,8.274347
3359,7.80697,22.76201,6.725761,20.63452,8.244185
3361,7.738245,22.49713,6.690347,20.2333,8.071051
3363,7.635345,22.41662,6.534865,20.18554,8.012502
3365,7.563585,22.39711,6.435945,20.15181,7.90618
3367,7.492472,22.32625,6.310188,20.1656,7.921421
3369,7.450579,22.35223,6.211491,20.12809,7.906654
3371,7.46485,22.3824,6.26616,20.19611,7.819557
3373,7.464673,22.27657,6.416976,20.18623,7.826758
3375,7.472095,22.24109,6.385474,20.20878,7.843675
3377,7.47941,22.2968,6.321346,20.2811,7.897922
3379,7.504745,22.54708,6.299407,20.28696,7.990865
3381,7.507952,22.59529,6.261858,20.18832,8.010637
3383,7.489062,22.59401,6.209112,20.2376,8.040836
3385,7.474436,22.60854,6.139944,20.25773,8.042672
3387,7.422603,22.80951,6.146053,20.28218,8.013176
3389,7.386954,22.89698,6.173172,20.33645,8.021457
3391,7.416057,23.27299,6.367805,20.55283,8.228044
3393,7.460968,23.29771,6.333479,20.71147,8.294001
3395,7.430068,23.1514,6.308795,20.74223,8.312182
3397,7.40734,23.01822,6.272649,20.68531,8.272171
3399,7.384412,22.92828,6.187718,20.60908,8.14854
3401,7.355399,22.62447,6.061817,20.44165,8.145633
3403,7.32162,21.87731,6.043818,20.23286,8.066181
3405,7.400866,22.02922,6.163366,20.23808,8.158957
3407,7.440164,22.09209,6.32208,20.24565,8.10633
3409,7.469388,21.75103,6.400842,20.27352,8.000331
3411,7.427977,21.20929,6.332801,19.69652,7.692267
3413,7.557439,21.51988,6.454238,19.61682,7.747629
3415,7.888807,21.6954,6.439013,19.67127,7.723054
3417,8.110053,21.93988,6.423095,19.71749,7.744188
3419,8.220569,22.09641,6.398188,19.6937,7.719171
3421,8.331085,22.21617,6.373405,19.6925,7.710519
3423,8.441601,22.10155,6.348626,19.68244,7.66882
3425,8.542905,21.96814,6.288407,19.66849,7.602281
3427,8.776208,22.17515,6.38084,19.94509,7.897264
3429,8.887741,22.36009,6.29615,20.10006,7.960049
3431,8.864531,22.42398,6.173689,20.27187,7.97801
3433,8.865982,22.40648,6.061297,20.16715,7.948083
3435,8.871194,22.1656,5.972316,20.10633,7.950912
3437,9.009443,22.239,5.96916,20.39087,8.182843
3439,9.063734,22.1544,5.716116,20.28093,8.16482
3441,9.280504,22.20134,5.694129,20.46065,8.233117
3443,9.489767,22.21442,5.722462,20.51819,8.262065
3445,9.904029,22.38124,5.93409,20.57048,8.238889
3447,10.25039,22.56214,6.228809,20.58594,8.283652
3449,10.47061,22.52401,6.275978,20.49746,8.273181
3451,10.6069,22.21979,6.164461,20.27297,8.143128
3453,10.77139,21.75294,6.040601,19.81763,8.018052
3455,10.99341,21.67505,5.930637,19.61135,7.929505
3457,11.22868,21.48118,5.8088,19.44551,7.824725
3459,11.30187,21.02458,5.553164,19.02158,7.718544
3461,11.37386,20.81863,5.368925,18.87752,7.495132
3463,11.44922,20.61137,5.317215,18.73087,7.402955
3465,11.54111,20.44946,5.275171,18.59541,7.342011
3467,11.64829,20.38381,5.293098,18.45268,7.199469
3469,11.73291,20.31645,5.29976,18.38129,7.179151
3471,11.75379,20.28456,5.291566,18.20914,7.143039
3473,11.78369,20.24202,5.29144,18.11584,7.129392
3475,11.86309,20.23292,5.284912,18.14252,7.106618
3477,12.15116,20.54472,5.322922,18.29975,7.170183
3479,12.64789,20.58035,5.363767,18.3236,7.213603
3481,12.72723,20.71142,5.28353,18.28592,7.161467
3483,12.75822,20.5134,5.242189,18.25018,7.112799
3485,12.79035,20.04206,5.172431,18.21861,7.022953
3487,12.85917,19.76278,5.099629,18.23594,6.973596
3489,12.92054,19.49055,5.028792,18.10629,6.945237
3491,12.98676,19.16937,4.967568,17.85619,6.809175
3493,13.05972,18.9356,4.919567,17.76896,6.699529
3495,13.12756,18.56751,4.770785,17.58134,6.630133
3497,13.20689,18.35508,4.667478,17.33967,6.490593
3499,13.29273,18.32541,4.583498,17.18092,6.330422
3501,13.3639,18.17947,4.593698,17.00948,6.167806
3503,13.43059,17.80081,4.658694,16.69672,5.994491
3505,13.38781,17.64731,4.612665,16.35179,5.821527
3507,13.3783,17.53007,4.301766,16.17642,5.667643
3509,13.39881,17.46648,4.330458,16.00519,5.609005
3511,13.41883,17.40756,4.365723,15.91043,5.505857
3513,13.43131,17.31858,4.430876,15.87958,5.508621
3515,13.48757,17.24851,4.476276,15.79751,5.368431
3517,14.1307,17.82419,4.634112,16.36154,5.535076
3519,14.30397,18.13757,4.842898,16.79594,5.706088
3521,14.38919,18.27693,4.843294,16.84914,5.765683
3523,14.46218,18.37699,4.723955,16.94166,5.78525
3525,14.48175,18.16767,4.753318,16.81466,5.744114
3527,14.49104,18.2354,4.743289,16.77394,5.649245
3529,14.18839,18.42272,4.883565,16.92173,5.68077
3531,14.40195,18.80725,5.049462,17.05527,5.965354
3533,14.53686,18.99876,5.086266,17.07555,6.083811
3535,14.6021,19.28996,5.151894,17.258,6.286205
3537,14.61998,19.49704,5.179982,17.41323,6.332989
3539,14.65167,19.55252,5.238006,17.44635,6.34714
3541,14.71173,19.73303,5.247105,17.59242,6.445211
3543,14.75141,19.82905,5.269119,17.74884,6.52001
3545,14.76875,19.87876,5.332014,17.7638,6.594358
3547,14.78909,19.92505,5.395037,17.78722,6.610427
3549,14.82346,19.96952,5.457897,17.86216,6.661357
3551,14.87657,19.94955,5.517358,17.90816,6.638696
3553,14.93188,19.97631,5.573803,17.85129,6.684859
3555,14.99001,19.97756,5.615121,17.89017,6.747471
3557,15.05448,19.95359,5.661094,17.95308,6.785521
3559,15.37239,20.06063,5.769259,17.95533,6.781918
3561,15.58622,20.09639,5.823895,18.33188,6.844932
3563,15.69893,20.01896,5.825003,18.44925,6.863445
3565,15.77352,20.00448,5.822164,18.48519,6.878886
3567,15.84602,19.99,5.893111,18.51269,6.801014
3569,15.88754,19.9795,5.895042,18.50952,6.770954
3571,15.96756,20.03429,5.858699,18.62126,6.714054
3573,16.17059,20.17397,5.844298,18.53458,6.750768
3575,16.4581,20.35075,5.828568,18.47054,6.784628
3577,16.74574,20.65835,5.816035,18.53013,6.829118
3579,17.08963,20.82215,5.768499,18.59343,6.937449
3581,17.41742,21.11324,5.749871,18.85883,7.134866
3583,17.62843,21.17337,5.712295,18.94625,7.129055
3585,17.84561,21.21643,5.686625,19.0232,7.162684
3587,18.02232,21.16325,5.664338,19.09931,7.171594
3589,18.21483,21.3532,5.699435,19.21295,7.29147
3591,18.39792,21.11965,5.540018,19.02178,7.191454
3593,18.4374,20.97595,5.498366,18.99372,7.089293
3595,18.54215,20.88316,5.453159,18.93375,7.066095
3597,18.64691,20.79332,5.407953,18.89212,7.042897
3599,18.76466,20.70218,5.362781,19.02794,7.097464
3601,18.8983,20.61016,5.399567,19.10354,7.106954
3603,19.04453,20.52378,5.529344,19.10775,7.117623
3605,19.09016,20.33944,5.318745,18.91885,7.048028
3607,19.18879,20.31615,5.328256,18.75421,6.980303
3609,19.24872,20.23736,5.417044,18.65207,6.941096
3611,19.28839,20.32288,5.356963,18.63245,6.899548
3613,19.25671,19.95576,5.277944,18.36448,6.809207
3615,19.02625,20.03806,5.251605,18.24981,6.794194
3617,18.90891,19.89636,5.280232,18.12465,6.781307
3619,18.91935,19.99242,5.324706,18.13785,6.833931
3621,19.14103,20.03888,5.600661,18.34879,6.990883
3623,19.19399,20.30094,5.691298,18.58493,7.098
3625,19.18537,20.39205,5.726102,18.66696,7.109498
3627,19.04126,20.15942,5.708385,18.3749,7.003319
3629,18.95498,19.89826,5.565259,17.84792,6.782979
3631,19.17696,19.86181,5.525285,18.12416,6.788758
3633,19.41072,19.82166,5.559427,18.04918,6.81893
3635,19.56272,19.65605,5.529859,18.02447,6.808494
3637,19.38494,19.44052,5.189847,17.78419,6.603706
3639,19.24622,19.4027,5.107696,17.71408,6.5622
3641,19.0773,19.34152,4.939056,17.59428,6.511924
3643,18.82792,19.258,4.875563,17.47575,6.476998
3645,18.3208,19.12305,4.848211,17.31561,6.372945
3647,17.96307,18.61441,4.762664,17.1076,6.149951
3649,17.73603,18.48891,4.720795,17.01287,6.120097
3651,17.5981,18.37094,4.651432,17.04376,6.11061
3653,17.48461,18.32144,4.69611,17.06535,6.092624
3655,17.32118,18.23299,4.629722,17.12815,6.130401
3657,17.10446,18.24114,4.609746,17.11041,6.173773
3659,17.05376,18.27368,4.589052,17.0783,6.146311
3661,17.00375,18.33584,4.568578,17.06437,6.107348
3663,16.9505,18.38827,4.54795,17.11297,6.076251
3665,16.8873,18.45943,4.527296,17.04584,6.064323
3667,16.81206,18.50381,4.506616,17.06477,6.042658
3669,16.75732,18.49229,4.487608,17.10802,6.016048
3671,16.70257,18.48198,4.469938,17.16457,6.050295
3673,16.64739,18.47892,4.463996,17.24015,6.0285
3675,16.57014,18.65416,4.441138,17.40304,6.061901
3677,16.30066,18.6992,4.256683,17.37858,5.990606
3679,15.82267,18.63013,4.283329,17.31061,5.977648
3681,15.76153,18.62117,4.396253,17.31284,6.016942
3683,15.69986,18.61103,4.511891,17.34269,6.088794
3685,15.78387,18.66282,4.272292,17.34326,6.097081
3687,15.89319,18.67754,4.227979,17.36594,6.090183
3689,16.00879,18.65885,4.242198,17.39531,6.083349
3691,16.14459,18.97646,4.29078,17.58989,6.079518
3693,16.11265,19.17891,4.301041,17.61644,6.18203
3695,16.0773,19.20397,4.334013,17.5645,6.168162
3697,16.02117,19.22649,4.362964,17.64226,6.190778
3699,15.96716,19.24869,4.397162,17.70921,6.21714
3701,15.93792,19.15023,4.431626,17.73514,6.237287
3703,15.90466,19.1563,4.468168,17.56598,6.252374
3705,15.84188,19.12718,4.508921,17.55387,6.155077
3707,15.78467,19.149,4.557153,17.54176,6.154243
3709,15.72391,19.03456,4.628342,17.51593,6.151734
3711,15.65403,18.86738,4.721509,17.50468,6.146243
3713,15.59446,18.8239,4.553108,17.43023,6.198198
3715,15.49131,18.72085,4.657763,17.43968,6.135622
3717,14.78604,18.50777,4.256085,16.87397,5.792467
3719,14.54921,18.33211,4.278068,16.6313,5.658092
3721,14.39324,18.18647,4.299313,16.6307,5.649025
3723,14.24223,18.16278,4.240855,16.57247,5.643846
3725,14.09661,18.06294,4.167489,16.56953,5.620829
3727,13.96076,18.03743,4.11593,16.52531,5.584799
3729,13.76931,17.88383,4.043609,16.49968,5.478799
3731,13.47828,17.7438,3.724802,16.31616,5.373566
3733,13.27708,17.49588,3.53944,16.21873,5.319228
3735,13.14567,17.14283,3.396939,16.00799,5.298527
3737,13.04091,17.10284,3.445523,15.92671,5.318734
3739,12.95526,17.22985,3.538646,15.84727,5.28047
3741,12.87446,17.29233,3.597162,15.81914,5.113935
3743,12.81406,17.23246,3.675706,15.66404,5.055395
3745,12.78272,17.22251,3.805389,15.71703,5.052171
3747,12.73646,17.27658,3.886139,15.64315,4.989064
3749,12.67616,17.31455,3.928049,15.55671,4.94655
3751,12.59931,17.31993,3.944737,15.48566,4.945091
3753,12.52244,17.31838,3.973958,15.49134,5.002867
3755,12.46127,17.33501,3.941683,15.47828,5.000069
3757,12.39622,17.07005,3.866848,15.49704,5.060246
3759,12.13931,17.34245,3.90185,15.50142,5.134624
3761,11.95376,17.49204,4.062225,15.64557,5.223724
3763,11.92295,17.60472,4.013452,15.72209,5.264763
3765,11.84705,17.63121,3.818371,15.77333,5.308616
3767,11.75428,17.69764,3.766399,15.75061,5.314638
3769,11.66089,17.78998,3.739697,15.72294,5.320697
3771,11.49536,17.75619,3.712032,15.65449,5.292034
3773,11.24548,17.72777,3.667958,15.54716,5.299355
3775,10.90902,17.70581,3.61097,15.53378,5.256309
3777,10.57033,17.68497,3.557345,15.41285,5.315291
3779,10.15739,17.60841,3.498199,15.50453,5.313446
3781,9.781576,17.54979,3.45553,15.42665,5.161268
3783,9.543579,17.57108,3.472005,15.51335,5.208779
3785,9.296352,17.42954,3.503748,15.41392,5.143148
3787,9.089592,17.21676,3.537201,15.29939,5.135388
3789,8.853937,16.90404,3.572228,15.1624,5.039568
3791,8.561959,17.00145,3.603368,14.96654,4.984526
3793,8.403089,17.29856,3.672918,14.90632,5.146725
3795,8.260726,17.46344,3.699783,14.8019,5.14652
3797,8.113555,17.44042,3.72086,14.85217,5.089144
3799,7.964556,17.3327,3.772923,14.9383,5.052759
3801,7.799128,17.24268,3.774087,14.91228,5.036702
3803,7.621118,17.12926,3.775346,14.91243,5.061275
3805,7.446477,17.06354,3.777995,14.92032,5.114743
3807,7.273187,16.99306,3.782401,14.87039,5.073411
3809,7.157312,16.9157,3.81899,14.87798,5.139047
3811,7.043229,16.8187,3.99046,14.83775,5.14861
3813,6.931282,16.75047,4.102215,14.93218,5.108628
3815,6.81752,16.69139,4.128439,14.86806,5.070536
3817,6.70101,16.53895,4.147727,14.84644,5.03792
3819,6.56756,16.47892,4.143232,14.76966,4.999305
3821,6.222859,16.11729,4.122139,14.67296,4.985608
3823,6.047383,15.7661,4.024647,14.57203,4.945184
3825,5.933951,15.73534,3.930699,14.46411,4.937261
3827,5.820452,15.75059,3.86489,14.5029,4.938591
3829,5.720561,15.88678,3.830403,14.50773,4.983919
3831,5.421613,15.96272,3.651943,14.42527,4.951925
3833,5.112047,15.99222,3.708394,14.45169,4.871844
3835,4.873465,16.04866,3.673895,14.46171,4.832568
3837,4.63607,16.13511,3.707236,14.48099,4.842329
3839,4.397005,16.32627,3.746257,14.528,4.92578
3841,4.169641,16.47837,3.77386,14.58026,4.904597
3843,4.02612,16.50798,3.808903,14.65015,4.94168
3845,3.973878,16.79612,4.175335,15.09909,5.144743
3847,3.924321,17.30541,4.357422,15.60892,5.440215
3849,3.86692,17.6509,4.550295,15.6844,5.574498
3851,3.801132,17.57864,4.588646,15.8071,5.607295
3853,3.690178,17.60046,4.589879,15.7306,5.521506
3855,3.596164,17.50843,4.560217,15.65848,5.473071
3857,3.542964,17.17018,4.565097,15.62393,5.35937
3859,3.501137,17.0682,4.582977,15.593,5.350093
3861,3.45935,17.06576,4.558915,15.56701,5.323138
3863,3.426709,17.07064,4.527569,15.52155,5.259141
3865,3.390468,17.07227,4.481273,15.46237,5.245436
3867,3.354617,17.07005,4.443172,15.39755,5.228875
3869,3.320845,17.069,4.404073,15.31288,5.226677
3871,3.287072,17.06795,4.299646,15.23259,5.169937
3873,3.253735,17.06396,4.211291,15.20833,5.111372
3875,3.216772,17.10513,4.26846,15.23369,5.06003
3877,3.17425,17.5042,4.309531,15.39302,5.119748
3879,3.126733,17.7304,4.341414,15.75085,5.222466
3881,3.077875,17.68233,4.384342,15.76044,5.331597
3883,3.028506,17.64308,4.391428,15.92101,5.393198
3885,2.833461,17.75543,4.437646,15.9,5.354701
3887,2.668909,17.78165,4.484751,15.85156,5.452272
3889,2.504796,17.83141,4.496678,15.76447,5.355522
3891,2.327194,17.88568,4.482868,15.697,5.257525
3893,2.302011,17.88624,4.486114,15.52811,5.320629
3895,2.280469,17.97565,4.49582,15.57481,5.38912
3897,2.25904,18.15187,4.504554,15.67669,5.373556
3899,2.723986,18.36779,4.535296,16.01813,5.606284
3901,2.754519,18.51534,4.56651,16.1911,5.686072
3903,2.776934,18.52568,4.592552,16.22815,5.689789
3905,2.803467,18.53142,4.597702,16.28516,5.676564
3907,2.82942,18.50884,4.597397,16.39888,5.669015
3909,2.842523,18.54511,4.612897,16.47392,5.712634
3911,2.84198,18.53786,4.661552,16.63508,5.844191
3913,2.84396,18.94482,4.736426,17.09142,5.898591
3915,2.898618,19.11854,4.948448,17.53256,6.043158
3917,2.921891,19.60478,5.107664,17.98615,6.229964
3919,2.940062,19.72301,5.225521,18.13376,6.290078
3921,2.966985,19.85077,5.319222,18.27689,6.310949
3923,2.996478,20.09038,5.301095,18.29463,6.442123
3925,3.048267,20.28903,5.403158,18.39923,6.518788
3927,3.112495,20.47029,5.352991,18.56059,6.590765
3929,3.17383,20.48267,5.303408,18.64915,6.622289
3931,3.231369,20.45302,5.29799,18.5515,6.641893
3933,3.288606,20.44371,5.311183,18.6375,6.617169
3935,3.34584,20.42957,5.365499,18.54354,6.512187
3937,3.403074,20.43769,5.31075,18.44122,6.455535
3939,3.451241,20.38396,5.282916,18.31866,6.440168
3941,3.490433,20.30118,5.284601,18.2079,6.395525
3943,3.54031,20.41164,5.212932,18.31789,6.559083
3945,3.884093,20.74017,5.2428,18.63365,6.750065
3947,3.948497,20.9623,5.385325,19.07469,7.150362
3949,3.962827,21.1182,5.476097,19.33107,7.3903
3951,4.007972,21.67529,5.599235,19.70712,7.569367
3953,4.04611,21.75998,5.705492,19.69959,7.640214
3955,4.051341,21.66358,5.75181,19.68609,7.689956
3957,4.044347,21.74186,5.785091,19.55291,7.66295
3959,3.974544,21.54494,5.645886,19.13778,7.458357
3961,3.937942,21.12478,5.392257,18.93935,7.397871
3963,3.851161,21.0245,5.286298,18.77285,7.353643
3965,3.860074,20.98107,5.385468,18.84522,7.331436
3967,3.879497,20.9791,5.499823,18.76896,7.270866
3969,3.891436,20.9551,5.628697,18.77169,7.267237
3971,3.902102,20.92689,5.703022,18.77155,7.25648
3973,3.912769,20.86724,5.698164,18.7233,7.243903
3975,3.925668,20.77636,5.622987,18.63375,7.219472
3977,3.938588,20.68129,5.621659,18.49535,7.173679
3979,3.951509,20.54332,5.607221,18.2903,7.126883
3981,3.965497,20.45411,5.532943,18.21988,7.073109
3983,3.984357,20.41086,5.474549,18.218,7.089733
3985,4.007658,20.30965,5.490777,18.22068,7.105082
3987,4.036599,20.25467,5.523239,18.16507,7.095492
3989,4.073343,20.19221,5.584084,18.08417,7.012626
3991,4.108151,20.04593,5.385359,17.93116,6.98431
3993,4.13498,19.8729,5.311089,17.77372,6.886786
3995,4.167916,19.68076,5.37079,17.76439,6.800222
3997,4.207664,19.50928,5.374804,17.84739,6.885752
3999,4.247257,19.38768,5.431813,17.82918,6.895135
4001,4.287455,19.43687,5.47406,17.92168,6.900875
4003,4.330112,19.44938,5.48263,17.91992,6.938058
4005,4.373877,19.31901,5.476867,17.90627,6.969391
4007,4.424184,19.20778,5.470698,17.84998,6.974862
4009,4.479363,19.23576,5.467853,17.82907,6.955174
4011,4.535147,19.30094,5.460915,17.75617,6.94753
4013,4.833852,19.24479,5.471784,17.67578,6.979241
4015,5.019893,19.1665,5.506344,17.68726,7.020425
4017,5.185639,19.08607,5.538636,17.73142,7.035897
4019,5.354025,19.04337,5.57093,17.80757,7.074819
4021,5.525663,18.99372,5.594888,17.79101,7.086275
4023,5.678416,18.99817,5.637077,17.88828,7.158066
4025,5.796651,19.15685,5.743131,17.9266,7.193043
4027,5.914489,19.12728,5.728751,17.76808,7.156404
4029,6.038251,18.92861,5.601019,17.68961,7.015943
4031,6.268341,19.09981,5.63819,17.65388,6.965939
4033,6.431271,19.13207,5.834222,17.72112,6.997452
4035,6.626888,19.11931,5.863853,17.79863,7.050231
4037,6.821587,19.21676,5.78269,17.89589,7.11589
4039,6.960241,19.50017,5.690143,17.85649,7.113834
4041,7.094152,19.49132,5.646996,17.76147,7.101521
4043,7.192812,19.339,5.640673,17.80138,7.059463
4045,7.29164,19.23375,5.58426,17.58382,6.823644
4047,7.393237,19.02011,5.511228,17.18455,6.523294
4049,7.497586,19.16559,5.552824,17.056,6.425781
4051,7.595386,19.34343,5.599551,17.08444,6.376652
4053,7.670593,19.54779,5.60346,17.01863,6.363833
4055,7.739202,19.53512,5.621819,17.1377,6.442865
4057,7.825646,19.46096,5.597052,17.26091,6.483432
4059,7.929952,19.43502,5.569366,17.28549,6.55051
4061,8.079262,19.41956,5.567513,17.34792,6.549923
4063,8.187056,19.37675,5.397803,17.41772,6.520963
4065,8.265265,19.43112,5.387616,17.40964,6.499973
4067,8.345161,19.48295,5.376386,17.44596,6.512908
4069,8.424524,19.53477,5.365156,17.42842,6.50888
4071,8.503352,19.58659,5.353926,17.4358,6.504852
4073,8.626556,19.57334,5.34502,17.44212,6.561615
4075,8.692544,19.33247,5.308801,17.26175,6.39535
4077,8.705228,19.30626,5.305527,17.12631,6.270386
4079,8.722761,19.059,5.276281,16.9816,6.222631
4081,8.742164,18.845,5.24933,16.83458,6.17111
4083,8.762607,18.56989,5.217673,16.72442,6.06576
4085,8.791486,18.41109,5.15499,16.58234,6.077284
4087,8.790114,18.39178,5.129726,16.55151,6.060555
4089,8.788557,18.39508,5.080959,16.55683,5.940007
4091,8.764354,18.3464,5.050395,16.52635,5.862128
4093,8.755615,18.30473,4.997529,16.45798,5.891604
4095,8.746652,18.2629,4.948584,16.36262,5.912472
4097,8.737687,18.21811,4.852875,16.26201,5.749681
4099,8.242462,18.0526,4.766695,16.01779,5.671254
4101,8.175512,17.82664,4.715885,15.80601,5.558527
4103,8.118594,17.63824,4.677236,15.66612,5.506143
4105,8.061313,17.60519,4.623799,15.5785,5.451385
4107,7.998607,17.58857,4.570119,15.49843,5.448482
4109,7.946392,17.48802,4.547566,15.41375,5.441022
4111,7.916947,17.36658,4.238451,15.31464,5.28411
4113,7.858739,17.21822,3.92624,15.03185,5.013889
4115,7.775498,16.6284,3.653925,14.62052,4.814266
4117,7.750872,16.33443,3.311704,14.47275,4.605723
4119,7.731638,15.98541,3.174883,14.21903,4.577452
4121,7.709545,15.75092,3.071968,14.06394,4.478444
4123,7.696685,15.82917,3.032449,14.02164,4.388607
4125,7.670003,15.52915,3.007211,13.75419,4.294547
4127,7.629783,15.29447,2.982485,13.52586,4.189934
4129,7.595557,15.11472,2.832984,13.34954,4.069248
4131,7.563174,14.99313,2.84268,13.21698,4.011147
4133,7.532552,14.92944,2.852656,13.17428,3.962238
4135,7.510808,14.87129,2.86306,13.15847,3.921651
4137,7.497937,14.81299,2.873472,13.15868,3.890812
4139,7.486452,14.75511,2.884884,13.14381,3.855783
4141,7.474704,14.70181,2.896218,13.17557,3.833228
4143,7.452268,14.63036,2.878858,12.89336,3.624699
4145,7.174888,13.74236,2.455287,12.24981,3.350139
4147,7.234511,13.53724,2.321026,11.96362,3.139692
4149,7.344209,13.43815,2.256132,11.60042,2.94398
4151,7.483812,12.72548,2.015055,11.17677,2.64111
4153,7.614629,12.58829,1.985366,11.12092,2.599704
4155,7.74365,12.4233,1.968599,11.08582,2.584156
4157,7.869332,12.33803,1.953146,11.00073,2.590192
4159,7.983104,12.25961,1.968409,10.97921,2.52487
4161,8.147728,12.3096,1.987862,10.98061,2.50957
4163,8.312319,12.35712,1.938035,10.97903,2.49427
4165,8.505452,12.40865,1.891824,10.96977,2.534807
4167,8.63496,12.42662,1.892187,10.93773,2.549784
4169,8.772828,12.44483,1.881399,10.91361,2.565567
4171,8.91282,12.4794,1.867566,10.90208,2.577783
4173,9.05279,12.50928,1.853985,10.88463,2.564623
4175,9.142481,12.52291,1.843119,10.94215,2.580275
4177,9.525087,12.50849,1.851244,11.02435,2.604785
4179,10.06392,12.48378,1.967408,11.02407,2.659854
4181,10.38109,12.46307,2.027057,11.03446,2.722117
4183,10.47164,12.43813,2.053206,11.10541,2.766923
4185,10.5554,12.54878,2.076792,11.21249,2.8151
4187,10.63362,12.56008,2.100728,11.19062,2.853813
4189,10.72943,12.53008,2.1118,11.13643,2.830016
4191,10.85686,12.53323,2.118642,11.16078,2.88988
4193,10.96526,12.67424,2.170278,11.22234,2.867931
4195,11.08439,12.84986,2.226237,11.2348,2.942063
4197,11.26224,13.00796,2.229078,11.31652,2.96701
4199,11.3217,12.69125,2.220567,11.32046,2.937418
4201,11.37408,12.57122,2.186767,11.27405,2.921921
4203,11.41705,12.54204,2.143898,11.21572,2.805627
4205,11.44733,12.51778,2.121295,11.18914,2.853608
4207,11.5279,12.49236,2.106822,11.14216,2.823889
4209,11.57629,12.43198,2.120758,11.12808,2.830149
4211,11.57548,12.25958,2.144368,11.14101,2.83994
4213,11.32466,12.11773,2.010986,11.14552,2.858559
4215,11.17361,11.93722,1.932266,11.00031,2.750151
4217,11.04331,11.8793,1.902569,10.91284,2.645061
4219,10.91038,11.82202,1.878311,10.85426,2.63793
4221,10.77419,11.7632,1.830997,10.79314,2.565107
4223,10.65667,11.70227,1.708478,10.71974,2.540452
4225,10.57189,11.57322,1.637546,10.623,2.602243
4227,10.48053,11.44709,1.602983,10.53594,2.603951
4229,10.3821,11.37789,1.610386,10.44591,2.486949
4231,10.17622,11.12482,1.617417,10.27254,2.422988
4233,10.03646,11.04555,1.614255,9.995738,2.277694
4235,9.902306,10.98556,1.5675,9.86913,2.247096
4237,9.769073,10.70241,1.507091,9.717206,2.224142
4239,9.727404,10.79922,1.451787,9.663836,2.163551
4241,9.737543,10.88635,1.539706,9.704494,2.208901
4243,9.751644,10.98937,1.428802,9.691226,2.326062
4245,9.891186,11.011,1.407011,9.788428,2.425998
4247,9.89409,10.95405,1.408859,9.687212,2.357661
4249,9.902006,10.90348,1.410216,9.589767,2.341207
4251,9.923607,10.82522,1.411798,9.463099,2.323907
4253,9.925653,10.77361,1.413603,9.38912,2.249324
4255,9.892204,10.68324,1.398609,9.339329,2.153672
4257,9.840889,10.54433,1.398529,9.226172,2.078764
4259,9.771711,10.31444,1.379874,9.207111,2.053797
4261,9.65749,10.26942,1.303064,9.228284,1.987741
4263,9.691075,10.3556,1.224144,9.220401,1.945601
4265,9.745271,10.41706,1.183415,9.420259,2.024273
4267,9.785801,10.58859,1.248102,9.674873,2.063656
4269,10.0508,10.73871,1.38815,9.731618,2.081452
4271,10.19648,10.68176,1.364038,9.804153,2.087443
4273,10.17959,10.65043,1.325607,9.809425,2.07846
4275,10.20513,10.67871,1.299555,9.840649,2.082749
4277,10.27309,10.72758,1.308905,9.832115,2.087081
4279,10.34105,10.77645,1.323178,9.81105,2.091413
4281,10.40897,10.82533,1.337451,9.793598,2.095745
4283,10.4769,10.54706,1.347569,9.72646,2.045394
4285,10.53639,10.58254,1.360203,9.727355,2.030776
4287,10.59607,10.60888,1.372748,9.653553,2.045571
4289,10.65686,10.63087,1.297092,9.628655,2.045213
4291,10.7412,10.66395,1.319853,9.609851,2.06611
4293,10.84202,10.70319,1.328399,9.64137,2.088403
4295,10.95424,10.75504,1.32305,9.658218,2.099636
4297,11.02308,10.82528,1.394786,9.716025,2.13297
4299,11.09196,10.90244,1.465674,9.837103,2.173201
4301,11.18905,11.03912,1.510117,9.877385,2.232463
4303,11.31623,11.17469,1.537645,10.09203,2.268646
4305,11.44162,11.2201,1.684264,10.19774,2.321239
4307,11.55215,11.27499,1.766403,10.27698,2.384508
4309,11.66342,11.5955,1.796394,10.38853,2.48664
4311,11.7888,11.91644,1.820226,10.52583,2.530514
4313,11.91473,12.17658,1.870327,10.64554,2.568685
4315,12.04122,12.24469,1.93028,10.71472,2.61145
4317,12.1677,12.3128,1.997911,10.77818,2.66468
4319,12.31926,12.44232,2.056515,10.83947,2.717423
4321,12.4959,12.5566,2.11657,10.89652,2.769575
4323,12.66673,12.67345,2.180193,10.87831,2.746627
4325,12.82249,12.76255,2.231105,10.91874,2.803963
4327,12.96974,12.82296,2.2657,10.95557,2.807403
4329,13.11294,12.85095,2.298393,11.01867,2.835374
4331,13.25411,12.87459,2.338035,11.12333,2.822838
4333,13.39327,13.11055,2.391909,11.22763,2.873878
4335,13.47899,13.11476,2.408313,11.36281,2.920219
4337,13.58901,13.06964,2.414982,11.39497,2.883517
4339,13.71134,13.20297,2.460232,11.56821,2.97439
4341,13.80969,13.31177,2.492141,11.69568,3.043795
4343,13.94091,13.50555,2.530222,11.77516,3.066806
4345,14.06232,13.77477,2.526255,11.9376,3.098312
4347,14.19022,13.85761,2.466825,12.04429,3.144664
4349,14.3051,13.95346,2.530415,12.20076,3.166451
4351,14.32433,14.01154,2.625353,12.33395,3.256567
4353,14.31074,14.01587,2.641874,12.44619,3.281308
4355,14.26375,13.971,2.647999,12.49121,3.290854
4357,14.21938,13.92416,2.60254,12.46285,3.286155
4359,14.19126,13.87809,2.621892,12.43648,3.258948
4361,14.11182,13.8202,2.616697,12.38963,3.248393
4363,14.03195,13.85862,2.607362,12.35907,3.284745
4365,13.91106,13.69126,2.588484,12.30172,3.278732
4367,13.8691,13.67542,2.551584,12.27041,3.265741
4369,13.82218,13.55896,2.477776,12.24594,3.250669
4371,13.77527,13.44123,2.403968,12.22066,3.261753
4373,13.72839,13.34463,2.330159,12.19457,3.247813
4375,13.73179,13.29447,2.275367,12.16811,3.226781
4377,13.4836,13.34879,2.27724,12.05665,3.238746
4379,13.12396,13.30664,2.277235,12.05756,3.23032
4381,12.95294,13.28574,2.305253,12.01368,3.196796
4383,13.00414,13.28673,2.310049,11.93383,3.194483
4385,13.05649,13.28773,2.282417,11.94919,3.191355
4387,13.1443,13.29017,2.254362,11.99008,3.184129
4389,13.20463,13.26046,2.224212,11.96492,3.224963
4391,13.23725,13.23921,2.190902,11.77632,3.20749
4393,13.35371,13.14891,2.160801,11.85143,3.146169
4395,13.42863,12.95595,2.124237,11.76592,3.076637
4397,13.41478,12.80173,2.066428,11.6653,3.043941
4399,13.51997,12.70379,2.061949,11.6311,3.057083
4401,13.64887,12.62177,2.06062,11.62382,3.021399
4403,13.80149,12.52348,2.060741,11.63378,2.981728
4405,13.96435,12.51457,2.059495,11.56826,2.944478
4407,14.05077,12.63378,2.080396,11.67001,2.920693
4409,14.21153,12.6354,2.087202,11.73012,2.944647
4411,14.4369,12.62502,2.096227,11.80014,2.990189
4413,14.64408,12.78205,2.14685,11.93998,3.184315
4415,14.82447,12.84217,2.182257,11.9698,3.2907
4417,14.99977,12.88434,2.222085,11.99016,3.320804
4419,15.20683,12.99096,2.306734,12.05842,3.361796
4421,15.44333,13.00997,2.325934,12.17311,3.40951
4423,15.65036,13.26105,2.371371,12.2222,3.402876
4425,15.8527,13.53053,2.41315,12.31665,3.421412
4427,15.98362,13.59571,2.496423,12.37876,3.475128
4429,16.09527,13.65748,2.576746,12.42104,3.486139
4431,16.2087,13.71889,2.619341,12.46035,3.516476
4433,16.32208,13.78229,2.633119,12.51309,3.547712
4435,16.52361,13.92119,2.681481,12.71263,3.636283
4437,16.67899,13.90398,2.718864,12.81754,3.693221
4439,16.77642,14.17866,2.753925,12.89227,3.777394
4441,16.80728,14.18568,2.789804,12.82338,3.737974
4443,16.93324,14.34553,2.940981,12.77217,3.828547
4445,16.90112,14.50735,2.914131,12.78902,3.905194
4447,17.07437,14.82707,3.142163,13.01947,4.041935
4449,17.19088,15.03889,3.224263,13.25495,4.126978
4451,17.18864,15.12646,3.304688,13.42312,4.221745
4453,17.25374,15.35615,3.468063,13.66191,4.331267
4455,17.32185,15.54018,3.642974,13.82039,4.428042
4457,17.35734,15.74015,3.805095,13.9532,4.479638
4459,17.38958,15.93867,3.949486,14.17049,4.660569
4461,17.43699,16.5584,4.031162,14.39417,4.787114
4463,17.40108,17.24798,4.333643,14.71861,4.940793
4465,17.41283,17.9755,4.547506,15.27318,5.280692
4467,17.41057,17.95315,4.733563,15.63566,5.409364
4469,17.15679,18.04307,4.713192,15.69436,5.490284
4471,17.02489,18.14068,4.727135,15.86963,5.686168
4473,17.2359,18.2168,4.807951,16.12577,5.864373
4475,17.22224,18.28365,4.888382,16.20461,5.950913
4477,17.2128,18.42654,4.975338,16.32381,6.041752
4479,17.15273,18.51406,4.995987,16.38795,6.105782
4481,17.09268,18.77761,4.992816,16.44683,6.197465
4483,17.03147,19.05649,5.086129,16.53759,6.252172
4485,16.98013,19.43706,5.191265,16.65901,6.330904
4487,16.94779,19.53816,5.204774,16.80969,6.436069
4489,16.92365,19.61571,5.213999,16.96463,6.588781
4491,16.91208,20.02268,5.264833,17.15489,6.687035
4493,16.89925,20.20533,5.488127,17.28361,6.666347
4495,16.92456,20.44288,5.774051,18.06801,6.848122
4497,16.88688,21.11517,5.914707,18.70504,7.291792
4499,16.83602,21.34308,5.910878,18.86141,7.37802
4501,16.75763,21.33643,5.878772,18.93519,7.236004
4503,16.65338,21.36981,5.845522,18.9748,7.183173
4505,16.59268,21.47051,5.839596,19.06811,7.213488
4507,16.63365,21.93643,5.94729,19.33661,7.273404
4509,16.63004,21.73895,6.048061,19.31688,7.313168
4511,16.58885,21.66899,5.96935,19.2125,7.311756
4513,16.49055,21.70269,5.922708,19.2407,7.380957
4515,16.38299,21.7002,5.914426,19.18133,7.316696
4517,16.26684,21.56312,5.898759,19.09819,7.231354
4519,16.12561,21.51915,5.754279,19.07213,7.223439
4521,15.95939,21.44376,5.705073,19.08045,7.287808
4523,15.79326,21.42421,5.655868,19.08871,7.2632
4525,15.66319,21.37577,5.72198,19.12317,7.209834
4527,15.55549,21.37362,5.791094,19.22214,7.261977
4529,15.4615,21.36912,5.861764,19.29549,7.203591
4531,15.36803,21.46387,5.907592,19.34077,7.181415
4533,15.27509,21.35889,5.860792,19.25312,7.182046
4535,15.26113,21.41668,5.909141,19.48656,7.168443
4537,15.34328,21.95885,6.056493,19.75067,7.323152
4539,15.31814,21.95051,6.129237,19.9451,7.428051
4541,15.24944,21.70181,6.122604,19.91901,7.387774
4543,15.14785,21.45516,6.124195,19.95901,7.425553
4545,15.01339,21.45238,6.017986,19.86253,7.435904
4547,14.82973,21.54148,6.011559,19.89911,7.44821
4549,14.66298,21.72242,6.177009,20.04608,7.403228
4551,14.56425,22.0666,6.151803,20.51345,7.591634
4553,14.53308,22.15497,6.137232,20.77927,7.696376
4555,14.52592,22.39344,6.167352,20.77936,7.693222
4557,14.48539,22.59901,6.325539,20.95277,7.775739
4559,14.46849,22.73364,6.491755,21.15296,7.852567
4561,14.48448,23.065,6.585769,21.29642,7.998035
4563,14.39681,23.06162,6.641409,21.40167,8.017703
4565,14.30915,23.07859,6.69111,21.52407,8.037101
4567,14.21253,23.20021,6.739562,21.55836,8.05779
4569,14.12162,23.17636,6.809711,21.58456,8.079702
4571,14.03142,23.1156,6.903776,21.64744,8.100986
4573,13.94123,23.06718,6.997842,21.64371,8.177773
4575,13.90247,23.22694,7.174704,21.81841,8.301126
4577,13.79117,23.77973,7.332869,22.02402,8.306459
4579,13.63326,23.79137,7.388748,22.11024,8.376731
4581,13.49597,24.20399,7.488992,22.28136,8.44994
4583,13.34261,24.45766,7.611841,22.3714,8.508253
4585,13.18518,24.47019,7.623243,22.41579,8.569828
4587,12.99219,24.34885,7.588717,22.41038,8.59518
4589,12.79922,24.2275,7.55419,22.49519,8.590579
4591,12.6113,24.2007,7.519636,22.54359,8.619474
4593,12.38498,24.50039,7.577588,22.80685,8.804579
4595,12.18532,24.98579,7.596131,22.8646,8.997247
4597,12.00026,25.05662,7.576994,23.02547,9.075251
4599,11.81521,25.14154,7.597971,23.21335,9.12191
4601,11.61339,25.32886,7.627799,23.28924,9.147548
4603,11.66639,25.71686,7.729355,23.50059,9.325001
4605,11.76959,25.80051,7.78064,23.69324,9.383763
4607,11.74596,25.94032,7.774288,23.80657,9.36717
4609,11.53679,26.06771,7.744325,24.00285,9.420257
4611,11.32513,26.20062,7.778929,24.07788,9.549667
4613,11.15227,26.24213,7.669122,24.01474,9.453563
4615,11.01805,26.23562,7.740249,23.97751,9.559095
4617,10.8889,26.20475,7.734066,23.88962,9.608891
4619,10.72798,26.17117,7.685513,23.78137,9.638371
4621,10.53668,26.18052,7.559845,23.69402,9.49865
4623,10.37454,26.02018,7.466218,23.61691,9.435865
4625,10.21838,25.98056,7.472739,23.62248,9.479403
4627,10.13664,25.88668,7.487654,23.64342,9.526739
4629,10.07592,25.84448,7.50705,23.71612,9.518647
4631,10.01858,25.83793,7.445611,23.77127,9.580499
4633,10.60489,26.57756,7.886118,24.53926,9.818783
4635,10.52303,27.16764,8.25283,24.80908,10.05523
4637,10.38481,27.82432,8.506107,25.50151,10.51693
4639,10.23987,28.11265,8.713411,25.72885,10.64886
4641,10.09012,28.29584,8.759124,26.02756,10.91401
4643,9.866368,28.13978,8.838228,25.84894,10.7653
4645,9.666994,27.96516,8.82092,25.66226,10.83264
4647,9.386108,28.01962,8.858454,25.63633,10.82267
4649,9.159635,28.04626,8.823572,25.33891,10.65834
4651,9.052087,27.9887,8.958933,25.23058,10.68168
4653,8.932601,27.94981,9.089636,25.13127,10.50503
4655,8.846761,27.61499,9.212994,24.96798,10.53414
4657,8.793282,27.45188,9.264617,24.89984,10.52631
4659,8.75418,27.68403,9.202194,24.87271,10.58155
4661,8.711297,27.67909,9.048418,24.68894,10.47478
4663,8.875088,27.32117,9.023896,24.28461,10.43855
4665,9.40423,26.64835,8.771776,23.87668,10.22331
4667,9.456245,26.49584,8.740022,23.97028,10.03412
4669,9.452111,26.02721,8.736493,23.85086,10.08473
4671,9.420609,25.75399,8.678158,23.86303,10.06013
4673,9.138733,25.66451,8.646005,23.80523,9.91676
4675,9.081804,25.70324,8.600501,23.8912,9.79212
4677,9.02647,25.92154,8.65935,23.88165,9.712148
4679,9.047736,26.06884,8.688548,23.92621,9.734797
4681,9.063021,26.04951,8.694946,24.01741,9.774392
4683,9.09903,26.02754,8.704487,23.97963,9.783862
4685,9.144711,25.99018,8.694995,24.01713,9.769457
4687,9.58577,25.99951,8.856158,24.11751,9.889612
4689,10.5776,26.55761,8.985399,24.51227,10.18941
4691,10.8856,26.51349,8.892437,24.53164,10.25384
4693,10.84853,26.36956,8.913931,24.54812,10.22386
4695,10.76193,25.88508,8.585312,24.28525,10.07806
4697,10.80505,25.55765,8.1623,23.51044,9.791445
4699,10.86125,25.45501,8.10877,23.2941,9.700792
4701,11.09497,25.5614,8.152078,23.36089,9.755496
4703,11.16302,25.47928,8.147168,23.35254,9.773463
4705,11.18935,25.43313,8.055628,23.31001,9.619869
4707,11.12654,25.56662,8.018735,23.10795,9.602851
4709,11.11696,25.72247,7.985394,23.0994,9.61445
4711,11.1375,25.76847,8.007678,23.13502,9.548591
4713,11.21499,25.79142,8.031074,23.24855,9.588026
4715,11.40691,25.74459,8.086222,23.33377,9.921055
4717,11.5634,25.69481,8.083514,23.38808,9.971324
4719,11.74063,25.64451,8.082309,23.46106,10.02159
4721,12.02817,25.60968,8.082284,23.44396,10.09918
4723,12.31562,25.565,8.082259,23.48906,10.08805
4725,12.57663,25.54979,8.053615,23.58784,10.05158
4727,12.65765,26.10758,8.067671,23.7398,10.30988
4729,12.7196,26.48741,8.163237,23.80119,10.42092
4731,12.76996,26.41629,8.183723,24.07753,10.37644
4733,12.79235,26.46766,8.188294,23.9105,10.30956
4735,12.74428,26.27419,8.172953,23.87345,10.36092
4737,12.55947,25.65671,8.12422,23.44971,10.05831
4739,12.46827,25.54835,8.129221,23.42073,9.958694
4741,12.44501,25.6888,8.133556,23.5205,9.983913
4743,12.4468,26.37597,8.355201,23.73698,10.16314
4745,12.66531,26.91743,8.589514,24.0754,10.47436
4747,12.72068,27.36658,8.655725,24.28335,10.53849
4749,12.74641,27.41862,8.684752,24.28011,10.43802
4751,12.73908,27.1977,8.44422,23.93196,10.34546
4753,12.98448,26.97906,8.495577,24.34158,10.31742
4755,13.14676,26.94153,8.513008,24.27705,10.30879
4757,13.35679,27.17286,8.543343,24.31127,10.3887
4759,13.53596,27.32241,8.546303,24.37078,10.40167
4761,13.6399,27.26141,8.546215,24.16064,10.36295
4763,13.83715,27.25637,8.812227,24.34183,10.3849
4765,13.99209,27.29285,8.858321,24.48227,10.44258
4767,14.16454,27.38201,8.746762,24.54008,10.65363
4769,14.39194,27.37604,8.625846,24.6149,10.77955
4771,14.90025,27.68729,8.598922,24.93912,10.9089
4773,15.06163,27.8007,8.465055,24.86996,10.8989
4775,15.17134,27.89475,8.345844,24.75606,10.82899
4777,15.33624,27.57993,8.35736,24.7175,10.66494
4779,15.52481,27.49927,8.311186,24.59056,10.64831
4781,15.74879,27.38094,8.115406,24.32827,10.52311
4783,15.95842,27.38254,8.140072,24.43451,10.50526
4785,16.10931,27.37693,8.179664,24.49173,10.50707
4787,16.27143,27.18901,8.18665,24.55039,10.50783
4789,16.44392,27.03086,8.211352,24.58699,10.50753
4791,16.61051,27.01468,8.236055,24.61906,10.50677
4793,16.75854,26.59808,8.086295,24.18691,10.30462
4795,16.93887,26.41793,8.04786,24.04636,10.18683
4797,17.15962,26.73397,8.048276,23.82623,10.15381
4799,17.52848,26.78856,8.16115,23.7321,10.20873
4801,17.79276,26.7738,8.167809,23.72187,10.11579
4803,17.66318,26.68389,8.043167,23.61588,9.849345
4805,17.53308,26.78169,7.947663,23.70821,9.932172
4807,17.54737,27.06038,8.185566,23.75963,9.97601
4809,17.686,27.21242,8.212811,23.69515,9.95424
4811,17.83099,27.19014,8.163814,23.62753,9.919303
4813,17.97511,27.30784,8.066508,23.60949,10.02505
4815,18.21724,27.48694,8.067827,23.71603,10.09688
4817,18.52587,27.92708,8.141499,24.25873,10.31415
4819,18.5572,28.11213,8.103441,24.51082,10.59028
4821,18.5859,28.18909,8.07892,24.4864,10.63164
4823,18.62307,28.20394,8.079984,24.68026,10.66651
4825,18.67167,28.411,8.154772,24.84915,10.81452
4827,18.7999,28.62258,8.343332,25.11796,10.87426
4829,18.93139,29.03215,8.527962,25.18184,11.02017
4831,19.01984,29.37745,8.671479,25.52777,11.12446
4833,18.40348,28.55788,7.899654,24.96216,10.78237
4835,18.36301,27.73725,7.58314,24.73738,10.61981
4837,18.42552,27.41387,7.615713,24.22133,10.52123
4839,18.49533,27.27456,7.432702,23.87863,10.21208
4841,18.9676,27.01279,7.262015,23.71656,10.11387
4843,19.155,27.04246,7.397469,23.8409,10.04206
4845,19.46242,27.08634,7.700338,24.11401,10.15229
4847,19.85158,27.16088,7.826787,24.28629,10.0949
4849,20.20771,27.24492,8.062397,24.20672,10.12257
4851,20.4446,27.21212,8.131767,24.22705,10.10629
4853,20.50742,26.7958,7.978604,24.19291,10.03321
4855,20.5853,26.74678,7.758089,24.19202,9.950911
4857,20.6476,26.46258,7.554059,24.0388,9.919724
4859,20.71368,26.32869,7.484353,23.9338,9.881879
4861,20.76202,26.30971,7.450253,23.78841,9.862326
4863,20.56845,26.13086,7.409592,23.56674,9.636159
4865,19.97524,25.99811,7.382864,23.49199,9.333769
4867,19.9933,26.03977,7.355084,23.7075,9.260496
4869,20.19146,26.53832,7.377507,23.91064,9.6288
4871,20.30381,26.48299,7.376417,23.99821,9.745945
4873,20.56545,26.68709,7.567136,24.29515,9.887996
4875,20.94564,27.00533,8.4338,24.55177,10.09554
4877,21.62918,27.37119,8.264635,25.24299,10.47195
4879,21.97298,27.49559,8.165525,25.51384,10.58271
4881,22.32425,27.67305,8.262585,25.66565,10.59983
4883,22.48273,27.81535,8.348996,25.64143,10.60007
4885,22.53618,27.86327,8.458192,25.5619,10.72783
4887,22.09419,27.74949,8.398519,25.26275,10.64118
4889,21.09232,27.20806,7.811685,24.6467,10.2209
4891,20.76079,26.9665,7.67399,24.53096,10.17155
4893,20.75912,26.91753,7.633168,24.51761,10.13247
4895,20.75585,26.92081,7.587461,24.55147,10.10302
4897,20.7282,26.87857,7.565753,24.59017,10.11408
4899,20.70019,26.73299,7.545806,24.51189,10.07732
4901,20.49399,26.56863,7.524518,24.43504,9.990679
4903,20.45194,26.59783,7.571197,24.43952,9.98231
4905,20.44811,27.09561,7.597923,24.41484,9.987988
4907,20.47856,26.96287,7.596642,24.45518,10.13637
4909,20.45599,26.87796,7.613519,24.59299,10.25
4911,20.42034,26.91498,7.634445,24.79887,10.21344
4913,20.37785,26.99705,7.620506,24.96779,10.16397
4915,20.18894,26.93014,7.69638,24.84704,10.33831
4917,20.03962,26.97923,7.819966,24.92756,10.27476
4919,19.88397,27.04029,7.792261,24.91783,10.12522
4921,19.57869,27.04615,7.765278,24.86325,10.0636
4923,19.27709,27.18856,7.778366,24.96903,10.04515
4925,18.97863,27.29234,7.821285,25.07188,10.10193
4927,18.84824,27.06753,7.794267,24.74688,10.19299
4929,18.73475,27.04328,7.847041,24.92094,10.34414
4931,18.62823,27.05806,7.866106,24.8914,10.43092
4933,18.5426,27.04311,7.911674,24.9256,10.51196
4935,18.48798,27.03835,7.80662,24.95897,10.51918
4937,18.44079,27.08863,7.80039,24.98691,10.59495
4939,18.39438,27.19697,7.810478,24.93097,10.60908
4941,18.34803,27.18486,7.793235,24.95678,10.70008
4943,18.36676,27.12764,7.753458,24.91519,10.69195
4945,18.12724,26.45703,7.645576,24.42074,10.44969
4947,18.03958,26.49345,7.589895,24.59534,10.46678
4949,18.00772,26.53834,7.527362,24.54763,10.55045
4951,18.00628,26.68963,7.626866,24.81826,10.61145
4953,17.8499,26.52177,7.571662,24.4057,10.57331
4955,17.67013,26.35905,7.5618,24.39771,10.52002
4957,17.49535,26.38546,7.539314,24.32112,10.44829
4959,17.35242,26.22828,7.531779,24.12324,10.43196
4961,17.27648,26.25758,7.539371,24.22203,10.41123
4963,17.15902,26.12841,7.931114,24.24376,10.31446
4965,17.06426,25.96341,7.951664,24.11954,10.29022
4967,16.93351,25.80719,7.929073,24.10804,10.15422
4969,17.07419,26.18247,7.856999,24.38398,10.42964
4971,16.60279,26.38461,7.905875,24.3332,10.35744
4973,16.46862,26.43943,8.035868,24.34492,10.42787
4975,16.33412,26.49388,8.088792,24.34238,10.41781
4977,16.17755,26.57822,8.143229,24.38933,10.41464
4979,15.99884,26.69261,8.14349,24.45143,10.50768
4981,15.79545,26.7872,8.137504,24.44442,10.50276
4983,15.62753,26.87886,8.112293,24.31009,10.49499
4985,15.52672,26.97065,8.107298,24.36402,10.48566
4987,15.41752,27.10798,8.158282,24.47094,10.50743
4989,15.29206,27.11732,8.19314,24.52477,10.60518
4991,15.16679,27.02608,8.211057,24.55149,10.64764
4993,15.03772,27.13917,8.237741,24.68608,10.69595
4995,14.894,27.59896,8.257303,24.67503,10.94519
4997,14.74075,27.77123,8.809644,25.51514,11.18089
4999,14.40998,27.79121,8.756707,25.4962,11.01973
5001,14.18351,27.77267,8.86955,25.51517,10.92925
5003,14.07907,27.73034,8.963129,25.48886,10.99435
5005,13.92488,27.61231,9.160421,25.40911,11.032
5007,13.77132,27.47173,9.215121,25.36689,11.15059
5009,13.71327,27.61176,9.45765,25.50731,11.33377
5011,13.74187,27.92702,9.792219,25.7435,11.4292
5013,13.64355,28.07587,9.869149,25.72483,11.51082
5015,13.40896,28.04818,10.03594,25.66455,11.60173
5017,13.08343,27.53332,10.1275,25.35133,11.40511
5019,13.01427,27.33257,9.953666,25.33687,11.43551
5021,13.01724,27.61949,10.07857,25.37384,11.52374
5023,12.97136,27.3085,9.890895,25.46355,11.59862
5025,12.89643,26.84032,9.455859,25.31358,11.51594
5027,12.72898,26.80278,9.471758,25.26481,11.43107
5029,12.55885,26.62799,9.726,25.04622,11.23872
5031,12.45639,26.8161,9.599314,25.1678,11.3857
5033,12.39408,27.2527,9.666383,25.30445,11.5035
5035,12.29677,27.27973,9.706839,25.35273,11.53461
5037,12.18875,27.10872,9.492344,25.14052,11.52065
5039,12.09919,27.03768,9.484453,25.11519,11.3961
5041,11.62878,27.16554,9.424744,25.06278,11.32222
5043,11.45076,27.07069,9.291552,24.85575,11.2096
5045,11.15145,26.79699,9.234662,24.71373,11.11516
5047,10.78124,26.8347,9.204206,24.594,10.96741
5049,10.45263,26.88029,9.189953,24.53495,10.89735
5051,10.38493,26.95011,9.259338,24.66173,11.01766
5053,10.40256,27.22151,9.424983,24.93832,11.17804
5055,10.41389,27.54497,9.427839,25.03298,11.16807
5057,10.4524,27.64754,9.54987,25.19135,11.29387
5059,10.54496,27.84017,9.61023,25.34852,11.44798
5061,10.70025,27.79081,9.693352,25.47576,11.52156
5063,10.9941,27.7746,9.778155,25.61526,11.54486
5065,11.16548,27.77759,9.918719,25.6946,11.83333
5067,11.15204,27.92146,9.796501,25.6637,11.52024
5069,11.08501,27.88705,9.276034,25.34084,11.22761
5071,11.1667,28.01769,9.264972,25.2576,11.17165
5073,11.15234,28.08695,9.323146,25.09207,11.04335
5075,11.53934,27.58751,9.166992,24.78408,10.92464
5077,11.23633,27.24787,9.334726,25.00461,10.83256
5079,10.93844,26.94603,9.11802,25.07687,10.70839
5081,10.59608,26.85631,9.19298,25.00025,10.64729
5083,10.42682,26.8912,9.223824,25.02504,10.58067
5085,10.34316,26.94712,9.368719,24.92273,10.62602
5087,10.34963,27.06777,9.344014,25.03267,10.735
5089,10.37077,27.40543,9.467525,25.11622,10.80901
5091,10.40022,27.76436,9.499425,25.26099,10.85405
5093,10.43172,27.89686,9.534377,25.38944,10.90219
5095,10.65149,28.07656,9.566937,25.46565,10.94305
5097,10.97946,28.09165,9.601865,25.61302,10.95935
5099,11.04609,28.06239,9.597441,25.62418,10.94908
5101,11.11272,28.03312,9.580678,25.60421,10.91306
5103,11.17853,28.00383,9.545625,25.59631,10.90695
5105,11.20412,27.97264,9.499234,25.4555,10.80988
5107,11.19559,27.6986,9.451636,25.20621,10.68313
5109,11.29723,27.65764,9.4602,25.13169,10.62451
5111,11.37297,27.34849,9.374607,25.01018,10.62096
5113,11.42235,27.26792,9.345554,24.88118,10.51926
5115,11.63265,27.18467,9.31727,24.853,10.65171
5117,12.08176,27.31997,9.421425,24.94432,10.68222
5119,12.80604,28.01274,9.606527,25.25994,10.75025
5121,13.07649,28.03826,9.599103,25.35888,10.69453
5123,13.25671,27.9775,9.576411,25.33529,10.76033
5125,13.34724,27.83261,9.421596,25.06718,10.68122
5127,13.43835,27.59858,9.38851,24.97241,10.702
5129,13.52039,26.91983,9.20764,24.72631,10.49408
5131,13.60844,26.81063,9.147902,24.58601,10.48673
5133,13.70506,26.76239,9.119265,24.55585,10.45791
5135,13.82095,26.75987,9.119905,24.60556,10.48509
5137,13.99321,27.16603,9.136992,24.591,10.49182
5139,14.41177,27.5466,9.200154,24.69928,10.6674
5141,15.45009,28.31715,9.29519,25.41259,10.74542
5143,15.62027,28.16165,9.300961,25.28142,10.83879
5145,15.65273,27.76727,9.279335,25.02494,10.72528
5147,15.69646,27.428,9.283054,24.84421,10.6359
5149,15.71016,27.19501,9.200429,24.72755,10.43073
5151,15.6934,26.75786,9.106948,24.41927,10.19713
5153,15.55993,26.40445,8.89453,24.05216,10.04829
5155,15.55815,26.24451,8.687433,23.86461,10.02438
5157,15.55065,26.086,8.628335,23.71957,9.997451
5159,15.51852,26.02303,8.709058,23.64899,9.944926
5161,15.68665,26.59558,9.028986,24.0115,10.09577
5163,15.68396,26.43275,9.012531,24.05374,10.14116
5165,15.8459,26.58666,8.924255,24.28901,10.14008
5167,16.18879,26.53405,8.957294,24.34813,10.17016
5169,16.22593,26.28134,8.511536,24.07357,10.25694
5171,16.32483,26.61985,8.622047,24.6026,10.42263
5173,16.3785,26.89791,8.766877,24.72771,10.47262
5175,16.37177,27.21846,8.764641,24.76773,10.34888
5177,16.36534,27.4233,8.762211,24.71653,10.40296
5179,16.35327,27.37448,8.759223,24.64707,10.38097
5181,16.34289,27.18497,8.747689,24.48229,10.34969
5183,16.32804,27.09033,8.732778,24.32806,10.33593
5185,16.34522,27.18261,8.884024,24.43776,10.4071
5187,16.35845,27.44389,8.878249,24.57932,10.47113
5189,16.33884,27.33601,8.777245,24.56616,10.466
5191,16.31263,27.33426,8.676107,24.5523,10.38114
5193,16.28628,27.32236,8.595939,24.52801,10.36814
5195,16.24367,27.05303,8.464805,24.31597,10.32312
5197,16.18362,26.289,8.193797,23.89861,10.11517
5199,16.15297,26.32662,8.159667,23.81789,10.09378
5201,16.12261,26.33572,8.125104,23.73658,10.08484
5203,16.126,26.26935,8.092455,23.68652,10.05719
5205,16.30482,26.13306,8.043736,23.66366,9.932966
5207,16.55376,26.13317,7.8362,23.77466,9.913937
5209,16.54181,25.89331,7.738424,23.59754,9.705071
5211,16.34128,25.72748,7.613808,23.2085,9.514944
5213,16.25509,25.63732,7.538687,23.11549,9.373272
5215,16.19501,25.71572,7.465193,23.09094,9.268219
5217,16.1699,25.80359,7.433117,23.14706,9.315505
5219,16.17629,25.86041,7.494129,22.9865,9.410882
5221,16.1497,25.74666,7.363982,22.58098,9.311131
5223,16.21292,25.68848,7.183455,22.44545,9.211427
5225,16.30757,25.67079,6.99094,22.44928,9.309138
5227,16.38939,25.51029,6.83764,22.42773,9.357267
5229,16.51985,25.65894,6.886515,22.44929,9.387582
5231,16.67151,25.64161,6.842338,21.94733,9.021213
5233,16.84241,25.34476,6.579193,21.89573,8.810565
5235,17.01241,25.05918,5.923576,21.79422,8.687222
5237,17.091,25.11511,5.891945,21.78277,8.678467
5239,17.15689,25.07085,5.891133,21.81884,8.701915
5241,17.2285,25.09669,6.001468,21.76675,8.723267
5243,17.38346,25.42767,6.633949,22.82635,8.89255
5245,17.39451,25.71396,6.801226,22.87914,8.942647
5247,17.41106,26.10092,6.997642,22.87111,9.064321
5249,17.39935,26.15528,7.245864,22.99654,9.158178
5251,17.24533,25.76396,7.06121,22.99657,8.920138
5253,17.17073,25.39076,6.759925,22.81854,8.85351
5255,17.15329,25.39309,7.050464,22.96266,9.039128
5257,17.16327,25.2845,7.096638,23.27768,9.202826
5259,17.09563,25.59945,7.248096,23.28725,9.216376
5261,16.98801,25.53221,7.359166,23.39103,9.424507
5263,17.01118,25.57474,7.384698,23.38996,9.570739
5265,17.38995,25.38048,7.292793,23.41626,9.42084
5267,17.38959,25.39363,7.293664,23.43413,9.417179
5269,17.35305,25.56236,7.391634,23.30812,9.296363
5271,17.27895,25.64543,7.547915,23.27231,9.245034
5273,17.34959,25.82656,7.548252,23.69148,9.54062
5275,16.80108,25.82828,7.461049,23.83456,9.567779
5277,16.70434,25.15286,7.529747,23.32666,9.313088
5279,16.73097,25.03468,7.500107,23.20083,9.421741
5281,16.80086,25.51066,7.847879,23.28469,9.741181
5283,16.92064,25.68803,8.03306,23.79032,9.884295
5285,16.95435,25.67511,7.914474,23.78405,9.796366
5287,17.00537,25.75184,7.787326,23.65264,9.871635
5289,17.29118,25.96223,7.854537,23.63994,9.894193
5291,17.43504,26.24874,8.41856,23.87033,10.09035
5293,17.64611,26.49696,8.674286,24.31569,10.43872
5295,17.69413,26.3939,8.851962,24.40025,10.5835
5297,17.45698,26.28539,8.917992,24.41048,10.42971
5299,17.589,26.77777,8.984417,24.47575,10.42128
5301,18.29187,27.62132,9.092006,24.73775,10.79518
5303,20.05896,28.13331,9.15381,25.5844,11.03181
5305,20.64268,28.48893,9.506657,25.89908,11.28212
5307,21.48487,28.71539,9.762218,26.24797,11.55588
5309,21.66607,28.8651,9.793365,26.23277,11.54357
5311,21.77328,28.99137,9.791462,26.18145,11.55146
5313,21.84689,29.06595,9.719128,26.15556,11.51413
5315,21.79951,29.01906,9.645766,26.11224,11.46036
5317,21.5109,28.87696,9.432203,26.00475,11.43527
5319,20.93335,28.41332,9.256951,25.56846,11.17382
5321,20.84464,28.36259,9.242857,25.45046,11.21846
5323,20.89969,28.31156,9.237877,25.43877,11.18905
5325,20.84827,28.2569,9.230258,25.45948,11.18186
5327,20.77258,28.21193,9.16932,25.40931,11.17801
5329,20.6954,28.11577,9.079194,25.37484,11.16233
5331,20.61835,28.04841,8.989539,25.33481,11.13478
5333,20.54129,27.98104,8.899884,25.30756,11.13752
5335,20.45,27.94749,8.794732,25.18943,11.17223
5337,20.30242,27.97126,8.679853,25.12734,11.10706
5339,19.90775,27.87554,8.408928,24.80895,10.8529
5341,18.89417,26.37344,7.766931,24.29152,10.52166
5343,18.67257,26.34628,7.982531,24.02036,10.39233
5345,18.68953,26.65818,8.383136,24.45145,10.44512
5347,18.68863,26.65962,8.411448,24.54786,10.53141
5349,18.68773,26.71496,8.439761,24.61345,10.57701
5351,18.72726,26.8705,9.015908,24.88375,10.59821
5353,18.89606,27.20728,9.007438,24.90178,10.67127
5355,19.06894,27.28771,8.986349,24.95382,10.68952
5357,19.23438,27.27713,8.967105,25.07024,10.85138
5359,19.78259,27.4021,8.978333,25.29473,10.88784
5361,19.72596,27.1139,8.815135,24.78239,10.55309
5363,19.81556,26.99273,8.719987,24.65686,10.64012
5365,19.76012,26.72495,8.755015,24.43649,10.69868
5367,19.54223,26.4857,8.783064,24.24471,10.65357
5369,19.38075,26.36325,8.811976,24.1922,10.48053
5371,19.48741,25.88197,8.4395,23.8475,10.34265
5373,19.64849,25.90992,8.311909,23.75242,10.22698
5375,20.14792,26.10285,8.609768,24.04646,10.33827
5377,20.67737,26.2295,8.965536,24.5022,10.83324
5379,21.15011,26.52763,9.164865,24.75801,11.0979
5381,21.9701,26.71655,9.204743,25.22287,11.2203
5383,22.68533,26.94372,9.229163,25.43823,11.36874
5385,23.14611,27.20892,9.234706,25.57808,11.52927
5387,23.7231,27.51099,9.149659,25.83289,11.75079
5389,24.03314,27.64807,9.203592,25.9293,11.86463
5391,24.34277,27.72437,9.32647,25.99588,11.8996
5393,24.675,27.86309,9.452569,26.0332,11.98066
5395,25.7748,28.38104,9.655966,26.354,12.11006
5397,27.07762,28.95162,10.21605,26.70845,12.46796
5399,28.66452,29.80599,10.43196,27.18642,12.51159
5401,29.78327,30.09426,10.63089,27.66576,12.62051
5403,30.60236,30.36349,10.67297,27.76897,12.85147
5405,30.56312,30.79408,10.64242,28.1738,12.89858
5407,30.38221,30.47077,10.40366,27.6957,12.80306
5409,30.31618,29.91518,10.15852,27.43894,12.55534
5411,30.33228,29.83549,10.09799,27.39117,12.49577
5413,30.34838,29.67952,10.03746,27.29726,12.44452
5415,30.37375,29.57701,9.991938,27.14894,12.41683
5417,30.38858,29.60392,9.946614,27.13826,12.40132
5419,30.39289,29.55824,9.901484,27.0013,12.36823
5421,30.3616,29.48615,9.853731,26.78604,12.25784
5423,30.2809,29.33452,9.800726,26.72939,12.14665
5425,30.18638,29.17867,9.745092,26.53762,11.95519
5427,30.11586,29.11048,9.67053,26.26328,11.8166
5429,29.99612,28.94142,9.433957,26.09525,11.69709
5431,29.82714,28.86564,9.392231,25.98113,11.6023
5433,29.65997,28.78876,9.373329,25.95286,11.54788
5435,29.49888,28.59146,9.40835,25.93363,11.52842
5437,29.48904,28.35603,9.352901,25.85408,11.50662
5439,29.51413,28.56404,9.302328,25.86932,11.44798
5441,29.61338,28.50643,9.255074,26.32277,11.3546
5443,29.62295,28.11385,9.150865,25.98312,11.10642
5445,29.68258,28.19868,9.278899,25.90798,11.01379
5447,29.76784,28.23802,9.377997,26.07369,11.11023
5449,29.8536,28.19476,9.666129,26.48139,11.36327
5451,30.10454,28.71588,10.15304,26.85855,11.50349
5453,30.22842,29.17377,10.56484,27.13441,11.78455
5455,30.28171,29.36865,10.53648,27.34262,11.83815
5457,30.2339,29.43178,10.23142,27.27556,11.79581
5459,30.21807,29.16702,10.10628,27.19026,11.88392
5461,30.21045,29.38921,10.12715,27.46196,11.94428
5463,29.95098,30.07739,10.43566,27.87511,12.29532
5465,29.42599,30.40116,10.94262,28.41706,12.71528
5467,29.32153,30.95977,11.26843,28.69154,12.92354
5469,29.77086,31.15392,11.51001,29.04475,13.18301
5471,29.73152,32.0121,11.83334,29.58712,13.57399
5473,29.48786,32.10634,11.80713,29.74803,13.33975
5475,29.28806,32.17241,11.98438,29.90427,13.70234
5477,28.98413,32.66361,12.53176,30.44788,14.03078
5479,28.85624,32.88069,12.63564,30.92862,14.37083
5481,28.72104,32.9029,12.76747,30.90844,14.40432
5483,28.53358,32.68793,12.52592,30.64925,14.49725
5485,28.42989,32.7962,12.57354,30.70737,14.44252
5487,28.30445,33.028,12.63833,30.87533,14.45177
5489,27.92881,33.01373,12.63503,30.90698,14.40894
5491,27.69129,33.16891,12.5789,31.18045,14.39376
5493,27.39171,33.08504,12.38021,31.01812,14.47755
5495,27.07684,33.22078,12.49006,30.88931,14.51411
5497,26.92972,33.26717,12.38029,30.97711,14.51195
5499,26.68074,33.2674,11.81273,30.94628,14.47876
5501,25.86197,33.08155,11.85994,30.70561,14.3474
5503,24.03957,32.68711,11.56719,30.50929,14.14482
5505,23.43843,32.8728,11.72269,30.91383,14.18004
5507,22.51249,32.76986,11.84112,31.0099,14.14754
5509,22.24257,33.09856,12.16284,31.35256,14.35164
5511,22.32442,33.33418,12.31087,31.434,14.41609
5513,22.2072,33.39378,12.42675,31.45654,14.46774
5515,22.09448,33.57148,12.54739,31.55095,14.63343
5517,21.99102,33.80083,12.59995,31.6736,14.72891
5519,21.88549,34.07243,12.65654,31.71443,14.75305
5521,21.75998,34.09627,12.71986,31.73866,14.7504
5523,21.55452,34.05362,12.71313,31.75242,14.73255
5525,21.5459,34.15427,12.71932,31.67334,14.73488
5527,21.56188,34.28021,12.72455,31.69868,14.79087
5529,21.7258,34.43754,12.76111,31.89959,15.12059
5531,21.75944,34.67898,12.76816,31.97733,15.11567
5533,21.79076,34.72766,12.77519,32.02652,15.21659
5535,21.83276,34.77514,12.78658,32.15008,15.27643
5537,22.04802,35.34056,13.36013,32.52042,15.68194
5539,22.19736,35.75793,13.93503,33.06178,16.13838
5541,22.23629,35.93168,14.02362,33.0785,16.21355
5543,22.26115,35.9626,14.03487,33.20103,16.13519
5545,22.2994,35.81413,14.04545,33.07773,16.06227
5547,22.40155,35.90548,14.09712,33.26069,16.08316
5549,22.44462,35.86856,14.15786,33.4922,16.26339
5551,22.56522,36.32451,14.44473,33.61286,16.29436
5553,22.50299,36.43629,14.73,34.07113,16.39645
5555,22.437,36.55156,15.08206,34.3105,16.58164
5557,22.43138,36.8564,15.43142,34.61795,16.98568
5559,22.36355,37.20496,15.38595,34.95372,17.26824
5561,22.53613,37.3453,15.24745,35.27764,17.2951
5563,23.03859,37.7699,15.35499,35.66276,17.34078
5565,23.2253,38.01686,15.64071,35.84798,17.53773
5567,23.92333,38.18085,15.73743,36.0601,17.77468
5569,24.78396,38.61069,15.84105,36.38964,17.76266
5571,24.89376,38.38717,15.80573,36.60503,17.71137
5573,24.81348,38.08273,15.79959,36.47655,17.67307
5575,24.45578,38.11914,15.64169,36.14729,17.52621
5577,24.07157,37.92717,15.29195,35.45428,17.14718
5579,23.8293,37.90154,15.23757,35.26879,17.21837
5581,23.23978,37.66541,14.91948,35.28997,17.17388
5583,22.7984,37.2422,14.79741,35.15647,17.06175
5585,23.04218,36.93261,14.46969,34.76523,16.9977
5587,23.57486,37.19519,14.18789,34.40953,17.01532
5589,24.40082,37.06972,14.31183,34.56087,17.16913
5591,24.731,36.94855,14.55634,34.56281,17.15537
5593,25.03609,36.9506,14.65229,34.48806,17.11391
5595,24.50114,36.84264,14.46547,34.14566,16.78835
5597,24.16274,36.29981,13.95325,33.99318,16.76326
5599,23.8647,36.15727,13.72876,33.84567,16.78014
5601,23.22193,35.88225,13.61016,33.63824,16.54027
5603,22.61542,35.79895,13.56034,33.37863,16.40763
5605,22.69185,35.84928,13.57564,33.12926,16.39982
5607,22.82731,35.72109,13.59127,32.92461,16.4001
5609,23.01925,35.71667,13.60966,32.92664,16.41119
5611,23.21182,35.71225,13.60786,33.00777,16.4236
5613,23.40504,35.70783,13.59936,33.17539,16.32145
5615,23.71531,35.72657,13.59346,33.20863,16.36131
5617,24.02559,35.74531,13.60271,33.24418,16.40118
5619,24.33586,35.76406,13.6271,33.28121,16.45535
5621,24.39047,35.74672,13.61966,33.3064,16.52092
5623,24.44509,35.74693,13.61222,33.3316,16.55802
5625,24.4997,35.76428,13.60478,33.3568,16.59485
5627,24.55431,35.78164,13.59734,33.40169,16.5954
5629,24.64281,35.79909,13.5899,33.48922,16.60207
5631,24.73131,35.81666,13.58247,33.58689,16.61487
5633,24.82127,35.84896,13.57596,33.75158,16.68783
5635,24.85477,35.8939,13.59587,33.87387,16.86464
5637,25.24784,35.94431,13.64123,33.88565,17.03122
5639,25.34909,36.18314,13.7193,34.15127,17.03803
5641,25.32892,36.38693,13.79467,34.30033,17.0669
5643,25.27089,36.67577,13.86364,34.50725,17.15736
5645,25.32933,37.22128,14.17239,34.91053,17.22039
5647,25.31484,37.10644,14.51803,34.92686,17.29966
5649,25.32306,37.26985,14.48581,34.50119,17.14865
5651,25.42782,36.70551,14.02008,34.16959,16.94153
5653,25.58856,36.24024,13.56171,33.5594,16.54814
5655,25.69054,35.85649,13.13892,33.22258,16.0586
5657,25.81142,35.84821,13.13513,33.00249,16.10544
5659,25.82798,35.78559,13.38889,32.9522,16.21619
5661,25.81055,35.77822,13.7527,33.07333,16.31463
5663,25.7405,35.78207,13.76941,32.71953,15.57689
5665,25.70073,35.22361,13.09965,32.75675,15.57963
5667,25.68235,34.88232,12.3264,32.59682,15.60335
5669,25.07677,34.48381,12.20655,32.29649,15.05993
5671,24.95984,33.86074,11.83719,31.68638,14.5255
5673,24.87489,33.41352,11.12646,31.28382,14.21009
5675,24.84503,32.85884,10.86378,30.84972,14.10567
5677,24.84839,31.98601,10.86674,30.19475,13.67772
5679,24.86101,31.42415,10.41329,29.67683,13.34642
5681,24.88065,31.27178,10.33542,29.19705,13.23987
5683,24.90281,31.15885,10.31633,29.08816,13.04705
5685,24.94029,31.01558,10.32159,28.97731,12.9224
5687,24.96444,30.99967,10.33338,28.91497,13.10493
5689,24.98645,30.92482,10.32853,28.82705,12.93121
5691,25.00415,30.24426,9.645636,28.32503,12.76426
5693,25.01905,30.37322,9.788968,28.29804,12.77878
5695,25.04106,31.09437,10.25566,28.49437,13.03067
5697,25.07961,31.44703,10.67571,29.04294,13.0548
5699,25.10895,31.66887,10.92224,29.44824,13.4886
5701,25.1409,31.84995,11.04018,29.86245,13.70482
5703,25.17318,31.87587,11.1878,29.82369,13.72209
5705,25.20492,32.4868,11.21475,29.88401,13.65925
5707,25.28143,32.46176,11.29134,29.83628,13.56549
5709,25.28453,32.41365,11.34353,29.7481,13.31656
5711,25.13008,32.60256,11.6212,29.96195,13.44077
5713,25.28314,32.7649,11.74227,30.20318,13.51606
5715,25.41927,32.84394,11.80963,30.47494,13.67076
5717,25.54907,32.74183,11.80863,30.356,13.67673
5719,25.67337,32.70883,11.80717,30.19912,13.69496
5721,25.82186,32.69847,11.87208,30.23189,13.64639
5723,25.99308,32.64038,11.9311,30.26394,13.60511
5725,26.16048,32.5464,11.99501,30.06731,13.59407
5727,26.39505,32.46122,12.05892,29.98876,13.54826
5729,26.70711,32.81883,12.22699,30.11893,13.64841
5731,27.17448,32.65077,12.29149,30.07284,13.71967
5733,27.63999,32.76277,12.43471,30.12922,13.69345
5735,28.28334,32.97119,12.63668,30.3274,13.74368
5737,28.82332,32.85446,12.03784,30.26487,13.53979
5739,29.98916,32.89138,11.77172,30.40026,14.05108
5741,31.58869,33.325,11.68364,30.64244,14.23824
5743,34.74043,33.56283,11.66903,30.96553,14.5393
5745,36.16766,33.5541,11.83961,31.11403,14.80683
5747,36.60417,33.39491,11.74937,31.08707,14.8315
5749,36.79828,33.33302,11.72049,30.82414,14.57394
5751,36.87443,32.94396,11.63969,30.31699,14.47737
5753,37.00415,32.63545,11.57362,29.93699,14.17278
5755,37.13353,32.27055,11.49063,29.81591,14.01779
5757,37.23384,32.04107,11.39118,29.45278,13.591
5759,37.07757,31.64777,11.23418,29.07685,13.3114
5761,36.97311,31.35838,11.2433,28.80725,13.26588
5763,36.55616,31.33872,11.11683,28.66794,13.01198
5765,36.64095,31.15834,10.93485,28.49589,12.91343
5767,36.40629,30.47069,10.67696,28.32331,12.85293
5769,36.41206,30.51495,10.66592,28.3019,12.7142
5771,37.00333,30.48524,10.74848,28.38035,12.73547
5773,37.61884,30.65244,10.86081,28.45197,12.73133
5775,37.837,30.57664,10.8473,28.42326,12.69326
5777,37.9917,30.452,10.81948,28.33749,12.67464
5779,38.00684,30.07243,10.40914,28.0965,12.59587
5781,38.10043,29.74721,10.38382,28.06399,12.3237
5783,38.11582,29.82003,10.39082,27.76463,12.32627
5785,37.61595,29.99145,10.35742,27.65568,12.12011
5787,36.77099,29.90665,10.28007,27.23976,11.96674
5789,35.95046,29.912,9.83488,26.78478,11.69346
5791,35.6474,29.89247,9.784371,26.8213,11.71336
5793,35.49298,29.84301,9.847421,26.89482,11.75896
5795,35.82734,29.73079,9.773429,27.09647,11.76272
5797,35.26385,29.53505,9.865292,27.24787,11.77479
5799,34.46822,29.74503,10.00264,27.34451,11.67905
5801,34.48909,30.00244,9.99163,27.38536,11.8384
5803,35.08015,30.4058,10.15353,27.92252,12.083
5805,35.07403,30.7158,10.14062,28.18087,12.2507
5807,35.05611,31.03488,10.09484,28.36492,12.46906
5809,35.05686,31.20776,10.14482,28.48309,12.59746
5811,35.00635,31.39809,10.18415,28.73361,12.65458
5813,34.85279,31.61992,10.17705,28.74516,12.70119
5815,34.55908,31.64612,10.21414,28.76868,12.76549
5817,34.25548,31.55152,10.26575,28.70823,12.81259
5819,33.95053,31.45692,10.2762,28.72462,12.82653
5821,33.89989,31.39155,10.2588,28.74909,12.90643
5823,33.864,31.28425,10.24268,28.76756,12.93682
5825,33.81664,31.25141,10.23164,28.79686,12.89171
5827,33.75783,31.30017,10.22019,28.81554,12.90179
5829,33.67609,31.37116,10.20844,28.82878,12.9306
5831,33.61344,31.45394,10.24165,28.84861,12.91634
5833,33.56831,31.64392,10.31039,28.95959,12.9096
5835,33.58474,31.78369,10.36802,29.08432,12.99952
5837,33.1926,31.63689,10.41662,29.12059,12.97675
5839,33.13466,31.54022,10.24977,29.03506,12.86449
5841,33.34735,31.80569,10.36564,29.14109,12.94372
5843,33.83039,32.03759,10.73995,29.36062,13.14508
5845,33.98065,32.25537,10.82931,29.16795,12.94609
5847,34.0738,31.99574,9.959394,29.07106,12.77852
5849,34.23575,31.97051,10.23219,29.1907,12.75992
5851,34.97001,32.34395,10.87826,29.63609,13.15134
5853,35.01344,32.4284,11.11297,29.41858,13.09868
5855,35.12352,32.18188,11.26601,29.32865,13.15801
5857,35.26582,31.91069,11.24617,28.99407,13.06402
5859,35.64978,31.21708,11.08167,28.26914,12.88573
5861,35.97509,30.44171,10.39887,27.55373,12.54751
5863,36.06395,29.73035,10.28747,27.30278,12.42173
5865,36.10593,28.90187,10.15581,26.81909,12.09949
5867,36.1641,28.73114,10.05066,26.80088,11.97692
5869,36.24899,28.69357,10.01758,26.83414,11.9524
5871,36.35162,28.81318,10.07532,26.89321,11.92524
5873,36.45323,28.93496,10.13304,26.9655,11.96055
5875,36.55379,29.00625,10.19076,26.95719,12.02211
5877,36.65541,29.0319,10.24078,27.01703,12.07256
5879,36.76412,29.05755,10.28808,27.1007,12.123
5881,36.87999,29.0832,10.27682,27.1397,12.17344
5883,37.00846,29.1371,10.26172,27.17797,12.23598
5885,37.12006,29.17471,10.24657,27.02874,12.26189
5887,37.23531,29.04509,10.18228,26.77769,12.0719
5889,37.35303,28.9774,10.20713,26.72145,11.88904
5891,37.47285,28.89211,10.14895,26.58904,11.6869
5893,37.57656,28.55343,9.988874,26.30866,11.61127
5895,38.20812,28.11898,9.660008,25.81148,11.41042
5897,38.38937,27.32357,9.486511,25.21556,11.0523
5899,38.61563,26.84378,9.172773,24.92777,10.71925
5901,38.88095,26.25024,9.137388,24.70923,10.42044
5903,39.17205,26.05875,8.847577,24.58467,10.27438
5905,39.38517,25.80834,8.708791,24.33839,10.10616
5907,40.01414,25.64901,8.780004,24.17169,10.08956
5909,40.82424,25.78747,8.53362,24.44313,10.18352
5911,41.50851,26.10894,8.799511,24.74617,10.22611
5913,41.62051,26.50754,8.916455,24.85015,10.46075
5915,41.57143,26.46763,8.780195,24.73256,10.25984
5917,41.4699,26.4521,8.750191,24.65921,10.20567
5919,41.45375,26.50506,8.860661,24.78127,10.25052
5921,41.33712,26.67155,8.974353,25.17522,10.35947
5923,41.20095,26.71904,9.043878,25.17287,10.28494
5925,41.06479,26.79235,9.013418,25.18312,10.30297
5927,40.85765,26.85832,9.027987,25.28581,10.37984
5929,40.42056,26.82783,9.08231,25.32963,10.27887
5931,39.95039,26.78721,9.204096,25.28084,10.30553
5933,39.50293,26.79344,9.073215,25.06736,10.2404
5935,39.02929,26.80217,8.880054,25.01852,10.08107
5937,38.32433,26.52791,8.69917,24.86737,9.970586
5939,37.05503,25.91481,8.306495,24.16905,9.62901
5941,35.48824,25.70239,7.909083,23.6947,9.369577
5943,32.32903,25.27145,7.823453,23.28981,9.145041
5945,30.81707,25.17046,7.780004,22.86142,8.943773
5947,30.2488,24.961,7.59754,22.82327,8.86009
5949,29.98441,24.88458,7.60313,22.83967,8.865378
5951,29.71607,24.87511,7.60872,22.85614,8.830453
5953,29.45406,25.16202,7.617233,22.75974,8.854397
5955,29.2077,25.11672,7.623934,22.80843,8.883117
5957,28.93755,25.09346,7.565062,22.79574,8.901918
5959,28.61267,25.18049,7.701526,22.94806,8.993263
5961,28.42814,25.1643,7.596536,22.94523,8.99406
5963,28.30266,25.25196,7.610636,22.9804,9.023757
5965,28.17245,25.22184,8.028902,23.05736,8.990692
5967,27.86953,25.0815,7.976349,23.00646,9.001175
5969,26.95727,24.93249,7.868711,23.07317,9.097173
5971,26.08429,24.82698,7.760648,22.87754,9.051714
5973,25.37984,24.80104,7.662138,22.76445,9.082956
5975,25.07274,24.70678,7.629391,22.55279,9.099051
5977,24.83133,24.66832,7.603295,22.64728,9.08608
5979,24.77942,25.7412,7.856209,23.12169,9.409864
5981,24.55556,26.14299,7.960445,23.42723,9.586664
5983,24.29393,26.21549,7.951444,23.40491,9.822018
5985,24.07958,26.26421,7.838705,23.26379,9.782177
5987,23.80429,26.42426,7.840467,23.21615,9.889168
5989,23.53941,26.6336,7.849456,23.06283,9.776792
5991,23.28252,26.76747,7.774111,23.1062,9.828365
5993,22.92586,26.97845,7.744402,23.16826,9.834008
5995,22.01186,26.80369,7.537291,23.0044,9.901151
5997,21.59611,26.64185,7.436171,22.72811,9.892015
5999,21.08809,26.46465,7.33107,22.59573,9.789192
6001,20.57641,26.14486,7.22597,22.52852,9.523908
6003,19.76297,25.52424,6.927041,21.94299,9.119017
6005,19.54454,24.87996,6.878956,21.72651,8.850203
6007,19.34517,24.61792,6.830061,21.57677,8.664264
6009,19.14254,24.16509,6.797513,21.54297,8.581841
6011,18.98467,23.45712,6.750795,21.48091,8.386488
6013,18.97169,23.27477,6.756027,21.41017,8.378625
6015,18.98545,23.30997,6.761339,21.50697,8.370798
6017,19.03423,23.40664,6.775644,21.53875,8.39651
6019,19.10873,23.53199,6.781262,21.58925,8.471236
6021,19.18458,23.64925,6.788995,21.57481,8.465981
6023,19.24569,23.77307,6.796728,21.59971,8.455606
6025,19.32102,23.91255,6.820041,21.62381,8.439261
6027,19.53687,24.01984,6.851709,21.68321,8.427445
6029,19.79277,24.31526,6.87728,21.88037,8.744904
6031,19.94741,24.17616,6.87743,21.92502,8.786741
6033,19.88975,23.95933,6.822359,22.10473,8.793555
6035,19.81819,24.04349,6.782046,21.95747,8.801456
6037,19.73724,24.11471,6.765824,21.88674,8.744503
6039,19.59669,24.01699,6.584939,21.85983,8.742576
6041,19.22491,23.66212,6.730367,21.43999,8.567699
6043,18.62595,23.04476,6.723162,21.06523,8.171185
6045,18.33563,22.68542,6.71134,20.94247,8.027355
6047,18.13513,22.90568,6.672818,20.98865,7.888603
6049,17.85844,22.88259,6.735919,20.711,7.861349
6051,16.74751,22.39082,6.329577,20.3888,7.539026
6053,16.39605,22.30032,6.299243,20.24045,7.497715
6055,16.04877,22.44305,6.266078,20.35133,7.545217
6057,15.71712,22.72622,6.360126,20.60763,7.846529
6059,15.22968,22.94517,6.391301,20.78871,7.829158
6061,14.803,23.02929,6.648122,21.00338,8.010633
6063,14.67012,23.65556,7.321142,21.77446,8.512649
6065,14.57677,24.1242,7.768543,22.25401,8.904204
6067,14.47713,24.60398,8.114571,22.7175,9.254096
6069,14.44179,25.36263,8.785016,23.91335,9.748846
6071,14.36449,26.16952,9.001742,24.49722,10.24294
6073,14.30131,27.43427,9.577961,25.35958,10.72627
6075,14.28432,28.52637,10.00021,26.33945,11.43913
6077,14.25496,29.45862,10.45299,26.92982,12.13506
6079,14.13627,29.63238,10.66641,27.23048,12.21169
6081,13.99027,29.55473,10.60758,27.13464,12.17587
6083,13.83168,29.45504,10.5987,27.00451,12.15929
6085,13.67679,29.29987,10.58955,26.94468,12.13525
6087,13.52695,29.10547,10.58013,26.90845,12.11087
6089,13.37755,28.98357,10.57069,26.85123,12.10222
6091,13.22586,28.88617,10.54743,26.7663,12.01814
6093,13.0859,28.84145,10.46608,26.64034,11.88404
6095,12.40264,28.78644,10.21367,26.51983,11.73269
6097,12.16338,28.73269,10.10024,26.36075,11.53586
6099,11.88277,28.67902,10.02128,26.28967,11.4539
6101,11.55943,28.62524,9.988824,26.2414,11.39822
6103,11.14938,28.5553,9.957543,26.18766,11.24668
6105,10.78196,28.47911,9.921188,25.98175,11.14174
6107,10.02009,28.30645,9.869871,25.57753,10.93688
6109,9.092096,27.571,9.521544,25.13834,10.76276
6111,8.202036,26.91108,8.47437,24.42118,10.10022
6113,7.842206,26.28623,8.278922,23.95315,9.814277
6115,7.656643,26.1231,8.196807,23.88798,9.648162
6117,7.52746,25.88825,8.1315,23.72805,9.530321
6119,7.319845,25.5948,7.997664,23.39849,9.315192
6121,7.212708,25.40582,7.728127,23.21124,9.08824
6123,7.125102,25.21846,7.623131,23.08826,9.004587
6125,7.037496,25.0311,7.518135,22.94629,8.92155
6127,6.951952,24.82593,7.436836,22.76368,8.797143
6129,6.870902,24.60296,7.379237,22.69595,8.68665
6131,6.797869,24.41136,7.322528,22.6013,8.629539
6133,6.706316,24.3371,7.245235,22.43098,8.507272
6135,6.452425,24.02206,7.01535,21.95624,8.363594
6137,6.35991,23.87774,6.83341,21.90631,8.331958
6139,6.271782,23.79612,6.780676,21.85912,8.224458
6141,6.156735,23.70405,6.764229,21.77058,8.205616
6143,6.081998,23.6808,6.710011,21.72315,8.144485
6145,6.011835,23.65757,6.636891,21.63535,8.122892
6147,5.942647,23.63433,6.544839,21.60882,8.101427
6149,5.871064,23.61127,6.511753,21.49924,8.079962
6151,5.803422,23.5884,6.48998,21.44726,7.933946
6153,5.729462,23.5571,6.464182,21.34065,7.864054
6155,5.639855,23.52531,6.434863,21.1903,7.839155
6157,5.550171,23.23479,6.404821,21.02727,7.785953
6159,5.451245,22.89878,6.274684,20.92071,7.6962
6161,5.299697,22.72787,6.225578,20.77484,7.658494
6163,5.14815,22.78611,6.176472,20.47419,7.620788
6165,4.81535,22.7063,6.127366,20.45281,7.528224
6167,4.463402,21.81987,6.044187,20.20385,7.330128
6169,4.239976,21.65808,5.960673,19.96856,7.182409
6171,4.204804,21.59538,5.911931,19.93726,7.165164
6173,4.145533,21.41022,5.842643,19.84491,7.172257
6175,4.116517,21.5493,5.863654,19.85242,7.129854
6177,4.063185,21.61405,5.70105,19.80536,7.218053
6179,3.851535,21.36655,5.447533,19.48233,7.028045
6181,3.722523,20.89387,5.565753,19.30941,6.876175
6183,3.666739,20.67844,5.512725,19.38098,6.972653
6185,3.609282,20.88726,5.444162,19.59822,7.096663
6187,3.556546,21.78447,5.675137,20.07905,7.307464
6189,3.517869,22.16018,5.94208,20.39762,7.597746
6191,3.479588,22.32931,6.394075,20.91538,7.799185
6193,3.367034,22.70332,6.446491,21.55584,7.937629
6195,3.384385,23.65261,6.710338,21.99294,8.384004
6197,3.42715,24.51149,7.185187,22.69831,9.001044
6199,3.474587,25.35863,7.581299,23.43,9.503601
6201,3.525436,26.36637,8.277678,24.16353,9.891701
6203,3.515874,27.25094,8.461296,25.04054,10.19521
6205,3.505908,28.21497,8.924502,25.79804,10.65914
6207,3.502706,29.06474,9.269523,26.74024,10.9193
6209,3.525108,30.13736,9.582566,27.51423,11.32941
6211,3.536197,30.92438,10.15222,28.41038,11.77761
6213,3.579254,31.98134,10.60333,29.27433,12.26325
6215,3.575401,32.14832,10.65049,29.65378,12.38945
6217,3.547948,32.41426,10.70692,29.93306,12.54578
6219,3.484965,32.97544,10.7605,30.09665,12.66996
6221,3.409761,33.15156,11.02936,30.41162,12.83352
6223,3.348857,33.60478,11.20095,30.50217,12.93668
6225,3.26477,33.85602,11.21104,30.53252,12.9913
6227,3.033901,33.7471,11.34073,30.40698,12.91157
6229,2.763105,33.34811,11.37832,30.27591,12.9
6231,2.570198,33.46165,11.42807,30.1616,12.90453
6233,2.61932,33.58752,11.50091,30.16753,12.92504
6235,2.762187,33.76262,11.39931,30.25083,12.92795
6237,2.923853,33.72872,11.38041,30.38313,13.03648
6239,3.325248,33.96887,11.53319,30.64256,13.09941
6241,3.507949,33.96462,11.59813,30.91959,13.17204
6243,3.582655,33.70174,11.63371,30.90424,13.30433
6245,3.657125,33.60637,11.77609,30.91823,13.4434
6247,3.735,33.51836,11.73829,30.85185,13.52022
6249,3.895891,33.69083,11.9549,31.42681,13.79
6251,3.950971,34.03565,12.04656,31.57075,14.01047
6253,4.005597,34.8173,12.03873,31.51085,14.12391
6255,4.112595,35.36533,12.15113,31.76598,14.32043
6257,4.204002,35.18093,12.25379,31.61002,14.47168
6259,4.239094,34.68726,12.47172,31.54041,14.32026
6261,4.345951,34.46856,12.5312,31.62155,14.25562
6263,4.423086,34.38446,12.18263,31.52864,14.22036
6265,4.53943,34.09174,11.84774,31.51766,14.3732
6267,4.635208,34.09309,11.49338,31.50179,14.24078
6269,4.640228,33.13078,11.47317,30.40067,13.88345
6271,4.747193,32.62213,11.61353,30.28344,13.64472
6273,4.813906,32.59519,11.51319,30.07751,13.42041
6275,4.844689,31.75979,11.26506,29.59166,13.12793
6277,4.813509,31.56824,11.15591,28.93548,12.83005
6279,4.849918,31.29833,11.12862,28.66662,12.64548
6281,4.877879,31.48559,11.18869,28.78726,12.80042
6283,4.905368,31.70672,11.20856,28.91821,12.84993
6285,4.933539,31.79864,11.22776,29.0075,12.90138
6287,4.963592,31.92307,11.25826,29.12261,12.97095
6289,4.993688,32.33034,11.3012,29.19685,13.01368
6291,5.035296,32.48341,11.44813,29.65118,13.19762
6293,5.080774,32.6999,11.56037,29.81489,13.39625
6295,5.10499,32.92444,11.6986,29.92073,13.46463
6297,5.128972,33.11279,11.71212,30.0469,13.53254
6299,5.159467,33.41378,11.74756,30.22017,13.6481
6301,5.205753,33.78495,11.811,30.43571,13.81692
6303,5.274268,34.12429,11.98022,30.58694,13.90204
6305,5.335347,34.61985,12.13561,31.00749,14.22034
6307,5.417392,34.83701,12.36034,31.39755,14.37855
6309,5.4854,35.03086,12.5892,31.7138,14.6922
6311,5.586896,35.56043,13.09928,32.51202,15.47668
6313,5.675772,36.36561,13.83661,33.32582,15.99806
6315,5.745232,37.09922,14.30598,33.90023,16.43905
6317,5.745885,37.09579,14.30652,33.90325,16.45507
6319,5.746539,37.09235,14.31064,33.90626,16.47109
6321,5.747192,37.08892,14.31475,33.90928,16.48711
6323,5.747845,37.08549,14.31887,33.91229,16.50314
6325,5.748498,37.08206,14.32298,33.91531,16.51916
6327,5.749151,37.07863,14.3271,33.91832,16.53518
6329,5.749804,37.0752,14.33122,33.92133,16.5512
6331,5.750458,37.07177,14.33533,33.92435,16.56722
6333,5.751111,37.06834,14.33945,33.92736,16.57431
6335,5.751764,37.0649,14.34357,33.93038,16.57192
6337,5.752418,37.06147,14.34768,33.93339,16.56953
6339,5.753071,37.05804,14.3518,33.93641,16.56714
6341,5.753724,37.05461,14.35592,33.93942,16.56475
6343,5.754377,37.05118,14.36003,33.94244,16.56237
6345,5.75503,37.04775,14.36415,33.94545,16.55998
6347,5.755683,37.04432,14.36827,33.94846,16.55759
6349,5.756337,37.04089,14.37238,33.95148,16.5552
6351,5.75699,37.03745,14.3765,33.95449,16.55281
6353,5.757643,37.03402,14.38062,33.95751,16.55043
6355,5.758296,37.03059,14.38473,33.96052,16.54804
6357,5.758949,37.02716,14.38885,33.96354,16.54565
6359,5.759603,37.02373,14.39296,33.96655,16.54326
6361,5.760256,37.0203,14.39708,33.96957,16.54087
6363,5.760909,37.01686,14.4012,33.97258,16.53849
6365,5.761562,36.78962,14.40531,33.97559,16.536
6367,5.762216,36.74574,14.40943,33.87796,16.53362
6369,5.762869,36.71495,14.24597,33.82797,16.53124
6371,5.701867,36.69482,14.14853,33.77171,16.52887
6373,5.662814,36.66799,14.04388,33.70807,16.51872
6375,5.593507,36.60527,13.92814,33.62396,16.50938
6377,5.542785,36.53909,13.83685,33.41463,16.31923
6379,5.521128,36.39602,13.69109,33.17874,15.97468
6381,5.510348,36.1744,13.64374,32.86889,15.78346
6383,5.498938,36.03336,13.57172,32.63475,15.59711
6385,5.490137,35.7167,13.33246,32.37827,15.45222
6387,5.478622,35.0507,12.80199,31.74706,15.29039
6389,5.430954,34.75074,12.58535,31.24618,14.94049
6391,5.360574,34.09283,12.31357,30.74739,14.39443
6393,5.318129,34.0019,12.06774,30.52748,14.1111
6395,5.30278,32.54663,11.92204,29.96583,13.77039
6397,5.267767,31.93462,11.49678,29.22491,13.36279
6399,5.237544,31.3307,11.05828,28.77437,12.93662
6401,5.260899,30.35986,10.85979,28.39258,12.64754
6403,5.316124,30.3405,10.71431,28.15975,12.56206
6405,5.394332,29.81066,10.86105,27.65988,12.41103
6407,5.643775,29.52201,10.71577,27.49009,12.33647
6409,6.344807,29.29329,10.84513,27.12963,12.37449
6411,6.667336,29.05822,10.92712,27.08719,12.15418
6413,6.824872,28.43117,10.49707,26.58343,11.67881
6415,7.02917,28.57881,10.34156,26.35167,11.51223
6417,7.395779,28.21604,10.24418,26.45371,11.55389
6419,7.39028,27.92032,10.13576,26.29835,11.49809
6421,7.396669,27.92972,9.861206,26.12049,11.40734
6423,7.38876,28.03572,9.76757,26.02418,11.43959
6425,7.40182,28.11238,9.829883,26.0222,11.4408
6427,7.431837,28.01592,9.830933,26.0365,11.32621
6429,7.450539,27.86995,9.675966,25.9579,11.26233
6431,7.473295,27.7603,9.555472,26.03813,11.07021
6433,7.566235,27.72515,9.381496,26.13126,11.14844
6435,7.509989,27.5973,9.252703,26.02377,11.1628
6437,7.409401,27.56472,9.352888,25.80846,11.0931
6439,7.062087,27.7929,8.99229,25.60823,10.96209
6441,7.002506,27.66923,9.036911,25.48182,10.96906
6443,6.97719,27.63383,9.129215,25.31511,10.90513
6445,6.949041,27.77472,9.282412,25.32589,10.92939
6447,6.901608,27.74354,9.309325,25.41997,10.91161
6449,6.775509,26.99214,9.027243,25.11403,10.73523
6451,6.790074,26.32193,9.058945,24.94654,10.6395
6453,6.787177,25.95733,8.971655,24.74793,10.58895
6455,6.713685,25.7407,8.561287,24.34654,10.41279
6457,6.755905,25.68582,8.158935,24.04795,10.28471
6459,6.80741,25.68911,8.289911,23.8967,10.29347
6461,6.982104,25.61127,8.007593,23.71337,10.11294
6463,7.174064,24.65243,7.81232,23.22423,9.966078
6465,7.359756,24.69489,7.691291,23.21615,9.829566
6467,7.362699,24.64241,7.624404,22.94783,9.719757
6469,7.326507,24.26248,7.489107,22.72414,9.703656
6471,7.212599,23.80117,7.320296,22.28541,9.405878
6473,7.125855,23.63142,7.458315,22.15818,9.222004
6475,7.03342,23.16516,6.806945,21.55884,8.875883
6477,7.014278,23.05511,6.723644,21.33698,8.678774
6479,7.009756,22.88583,6.734187,21.19008,8.618857
6481,7.040153,22.56774,6.751939,21.03712,8.511369
6483,7.077382,22.51251,6.670787,20.94254,8.494959
6485,7.133234,22.49451,6.588973,20.80518,8.499432
6487,7.187206,22.44994,6.528455,20.70646,8.485916
6489,7.241161,22.40081,6.521832,20.6521,8.522601
6491,7.279483,22.00774,6.486854,20.35004,8.237314
6493,7.339845,21.74571,6.411921,20.28779,8.110297
6495,7.421469,21.87699,6.343733,20.14944,7.991867
6497,7.656858,22.06163,6.287427,20.21843,8.089714
6499,7.855716,22.04019,6.381418,20.14544,8.157104
6501,7.861886,22.03389,6.45916,20.33391,8.156862
6503,7.832461,21.94158,6.235718,20.10535,7.98701
6505,7.803153,21.86819,6.028555,19.76093,7.718946
6507,7.752876,21.5867,5.866471,19.55137,7.567025
6509,7.721405,21.25394,5.801464,19.3261,7.364059
6511,7.650099,20.94808,5.517329,18.628,7.029324
6513,7.591415,20.61782,5.136722,18.21295,6.769264
6515,7.541076,19.82969,4.953666,17.84501,6.314579
6517,7.558575,19.96748,5.005092,18.09149,6.417435
6519,7.577681,20.31787,5.004799,18.17523,6.483097
6521,7.597098,20.50834,5.00444,18.28336,6.563804
6523,7.616165,20.69416,5.127317,18.50246,6.691535
6525,7.634558,20.75888,5.186523,18.59674,6.767174
6527,7.656191,20.83325,5.224688,18.68143,6.842704
6529,7.677824,20.90762,5.262852,18.76612,6.965298
6531,7.708618,21.10407,5.397058,19.07441,7.331845
6533,7.798177,21.50105,5.764458,19.73951,7.602903
6535,7.839017,21.91709,6.098895,20.18488,7.898548
6537,7.898502,22.56424,6.354397,20.49788,7.997729
6539,7.948729,23.23663,6.576458,21.28083,8.427686
6541,8.023303,23.81802,6.789664,21.75687,8.636498
6543,8.040124,23.993,6.962842,21.98437,8.737701
6545,8.056859,24.11619,7.137263,22.20967,8.837488
6547,8.073849,24.2453,7.234043,22.40194,8.92916
6549,8.090838,24.4229,7.341173,22.54637,8.98178
6551,8.107984,24.57751,7.421616,22.7324,9.138851
6553,8.121278,24.72371,7.544283,23.06741,9.302203
6555,8.13448,24.84963,7.63737,23.18966,9.440211
6557,8.153874,25.44548,8.085687,23.59028,9.614756
6559,8.166755,25.67897,8.372882,23.78274,9.784284
6561,8.178911,25.79139,8.502394,23.96354,9.864207
6563,8.198049,25.91082,8.681939,24.50025,10.18269
6565,8.226015,26.54242,8.867377,24.91609,10.39843
6567,8.25154,26.71474,8.916262,25.09135,10.46603
6569,8.275059,26.76882,8.956337,25.27069,10.50372
6571,8.297099,26.82473,8.996485,25.33072,10.57136
6573,8.319137,26.88321,9.03729,25.47138,10.63269
6575,8.415224,27.00894,9.213844,25.6229,10.8464
6577,8.44409,27.18996,9.262983,25.80352,10.95808
6579,8.472602,27.46852,9.286527,25.87648,10.95862
6581,8.501122,27.91104,9.310236,25.90469,11.00542
6583,8.529655,28.2347,9.338503,25.95516,11.1437
6585,8.560075,28.45022,9.421003,26.06777,11.21491
6587,8.590504,28.63229,9.506889,26.1639,11.25653
6589,8.620616,28.69996,9.59616,26.26167,11.31955
6591,8.650942,28.78752,9.684129,26.31132,11.34753
6593,8.681214,28.87735,9.717885,26.16282,11.36545
6595,8.695542,29.07134,9.688559,26.14584,11.34573
6597,8.716665,29.00565,9.674897,26.04654,11.35308
6599,8.737102,28.8223,9.613768,25.94408,11.24266
6601,8.703384,28.53125,9.519159,25.64549,11.12105
6603,8.647809,28.28699,9.590787,25.28386,10.72779
6605,8.571826,28.08155,9.288121,24.72985,10.52294
6607,8.323166,27.42498,8.847445,24.19014,10.1708
6609,7.689398,25.73407,8.131353,23.57151,9.679243
6611,7.406974,25.19862,7.922343,23.02132,9.453802
6613,7.171652,25.111,7.943244,22.90846,9.406909
6615,6.936324,25.00135,7.845529,22.62214,9.385998
6617,6.537648,24.74983,7.75514,22.62738,8.932805
6619,6.522714,24.62843,7.765421,22.46949,8.899561
6621,6.519211,24.64075,7.822548,22.52714,9.03903
6623,6.527047,24.88352,7.906222,22.64293,9.143355
6625,6.538743,25.08795,8.039471,22.63296,9.174975
6627,6.546761,25.21239,8.04031,22.81207,9.388293
6629,6.548132,25.26687,8.044085,22.7167,9.526712
6631,6.546681,25.30471,7.8675,22.6853,9.461177
6633,6.426348,25.29769,7.597721,22.482,9.403016
6635,6.374341,25.33643,7.407044,22.699,9.394996
6637,6.360528,25.4028,7.207169,22.6396,9.415451
6639,6.296599,25.32804,7.350522,22.79483,9.267107
6641,6.167697,25.19989,7.577896,22.73689,9.111708
6643,6.125982,25.11582,7.637442,22.52263,9.085718
6645,6.095033,24.84337,7.64269,22.28005,9.021414
6647,6.087398,24.84855,7.546207,22.37918,8.930386
6649,6.107862,25.43959,7.698266,22.72355,9.100352
6651,6.134999,25.63742,7.482573,22.82146,9.209367
6653,6.176799,25.70423,7.73443,22.74199,9.237885
6655,6.210141,25.73664,7.711392,22.92479,9.297836
6657,6.218957,25.96865,7.780261,22.93492,9.365805
6659,6.357869,26.10252,7.970359,22.93724,9.594113
6661,6.204723,26.18866,8.0639,23.23409,9.734014
6663,6.063003,25.98359,8.117003,23.15475,9.727382
6665,5.919332,25.51174,7.770212,23.03008,9.62361
6667,5.963602,25.46781,7.777859,22.94135,9.534537
6669,6.300906,25.44361,7.810697,22.91329,9.55007
6671,6.435359,25.38663,7.734025,22.92458,9.512933
6673,6.588166,25.53588,7.657335,23.02473,9.546479
6675,6.684745,25.54945,7.685065,23.19897,9.626913
6677,6.775129,25.55799,7.823679,23.27636,9.649944
6679,6.894722,25.76854,7.813092,23.46885,9.779096
6681,6.942377,26.00481,7.801211,23.6479,9.988877
6683,6.976509,26.11291,8.454737,23.99255,10.2653
6685,6.952971,26.3385,8.668681,24.17517,10.44268
6687,6.923249,26.45068,8.692443,24.15631,10.52026
6689,6.893954,26.47768,8.714697,24.16808,10.6081
6691,6.952419,26.75087,8.734581,24.83925,10.82981
6693,6.911896,26.88321,8.732177,24.96718,10.88888
6695,6.858773,26.93231,8.728567,25.09206,10.9382
6697,6.650599,26.81039,8.77499,25.19894,11.08372
6699,6.452726,26.69744,8.740584,25.06094,10.99303
6701,6.43175,26.63026,8.668238,24.93749,10.95451
6703,6.425942,26.53717,8.596165,24.97867,10.91362
6705,6.428454,26.56289,8.53149,24.91133,10.92563
6707,6.463243,26.65778,8.46894,24.83305,10.99344
6709,6.503973,26.62823,8.42558,24.7295,11.06232
6711,6.63255,26.78075,8.904912,25.23327,11.10487
6713,6.73758,26.98409,8.8197,25.38294,11.24236
6715,6.982637,27.62044,8.764378,25.89684,11.57941
6717,7.52655,28.32431,9.267864,26.43282,11.83837
6719,7.984925,28.7686,9.769446,26.78531,12.28535
6721,8.130064,28.85093,9.916452,26.73582,12.34631
6723,8.295119,28.95997,10.07343,26.72922,12.32681
6725,8.43731,29.10006,10.31931,26.82953,12.38526
6727,8.668422,29.76863,10.75182,27.26998,12.68855
6729,8.777392,29.7856,10.681,27.45557,12.68943
6731,8.872351,29.71877,10.50218,27.54428,12.65655
6733,8.974823,29.45062,10.23163,27.63335,12.5708
6735,9.157495,29.36833,10.27138,27.42885,12.39662
6737,9.584168,29.2507,10.07366,27.20759,12.36095
6739,10.28968,29.14113,9.853518,27.23156,12.29334
6741,10.39444,29.09992,9.459508,27.14136,11.91929
6743,10.5115,29.28073,9.319803,26.92955,11.94095
6745,10.58317,29.61242,9.247011,26.97796,11.95606
6747,10.74473,30.43362,9.58413,27.34895,12.27891
6749,10.81644,30.88153,9.766279,27.50964,12.24355
6751,10.84223,30.69038,9.916014,27.52741,12.23486
6753,10.85779,30.28991,9.979439,27.52311,12.22724
6755,10.86903,29.82593,10.07084,27.54109,12.18961
6757,10.87358,29.50671,10.02149,27.40904,12.08615
6759,10.88416,29.36114,10.06544,27.28289,12.08817
6761,10.94453,29.35626,10.03342,27.56064,12.06355
6763,10.96603,29.34775,10.2895,27.32956,12.04728
6765,10.98919,29.28079,10.17407,27.28272,12.03078
6767,11.02549,29.33073,10.23595,27.3446,12.04603
6769,11.08525,29.91029,10.28815,27.48563,12.10685
6771,11.15682,30.62064,10.46504,27.80626,12.52049
6773,11.18499,30.69541,10.52866,27.90192,12.67339
6775,11.10492,30.65285,10.51281,27.76142,12.68124
6777,11.09207,30.6364,10.50721,27.63858,12.6519
6779,11.07958,30.611,10.50253,27.5456,12.63347
6781,11.06707,30.5854,10.46302,27.461,12.54007
6783,11.05455,30.5596,10.45751,27.35842,12.47149
6785,11.04015,30.5193,10.45818,27.20842,12.37362
6787,11.02575,30.61288,10.54472,27.17865,12.42563
6789,11.01233,30.50009,10.5667,27.35912,12.3738
6791,11.04435,30.383,10.58746,27.41725,12.34675
6793,11.12176,30.26202,10.61583,27.47779,12.41913
6795,11.19914,30.14478,10.65129,27.49383,12.50318
6797,11.24747,30.35026,10.73993,27.55971,12.57444
6799,11.27252,30.90093,11.13331,27.82701,12.57943
6801,11.23391,31.11492,11.30978,27.9877,12.65029
6803,11.2051,31.46161,11.42782,28.31549,12.73334
6805,11.1736,31.5668,11.58768,28.51634,12.87726
6807,11.1396,31.75006,11.63532,28.71972,13.07806
6809,11.01035,31.85225,11.49193,28.67907,13.24371
6811,10.92645,31.8221,11.53471,28.68623,13.21601
6813,10.88294,31.83425,11.5357,28.65605,13.1391
6815,10.83944,31.84936,11.53689,28.6677,13.2209
6817,10.79544,31.79727,11.53684,28.66099,13.20222
6819,10.75549,31.6947,11.56023,28.66542,13.18651
6821,10.71482,31.65253,11.50689,28.55118,13.16099
6823,10.69625,31.98821,11.80787,28.61166,13.25813
6825,10.71525,32.12444,11.80599,28.79609,13.3293
6827,10.7577,32.16602,11.90579,28.80338,13.39411
6829,10.89036,32.13235,12.04083,28.95303,13.34646
6831,11.02085,32.26842,12.18009,29.31705,13.34852
6833,11.14556,32.34189,12.39939,29.35324,13.53417
6835,11.25282,32.45519,12.38702,29.41991,13.59391
6837,11.38764,32.53221,12.34882,29.5807,13.68862
6839,11.51713,32.52549,12.24275,29.58706,13.63446
6841,11.60955,32.58714,12.29237,29.60201,13.69386
6843,11.67117,32.57294,12.24134,29.56978,13.75515
6845,11.73024,32.60646,12.31817,29.54054,13.83162
6847,11.80269,32.63714,12.61954,29.58317,13.75438
6849,11.84979,32.25246,12.19947,29.77158,13.54916
6851,11.85603,31.94985,11.832,29.54874,13.34219
6853,11.85123,31.9633,11.86751,29.42363,13.33582
6855,11.87544,31.65295,11.909,29.40366,13.33396
6857,11.81765,31.73827,11.68868,29.27224,13.20261
6859,11.61066,32.04288,11.6264,29.51955,13.30059
6861,11.56888,32.62428,11.78625,29.65981,13.54199
6863,11.46927,32.50306,11.84771,29.75971,13.53455
6865,11.36062,32.54224,11.85322,29.96185,13.80226
6867,11.67679,33.11103,11.92464,30.56456,14.10494
6869,11.72308,33.50837,12.16283,30.75605,14.13495
6871,12.06312,33.74828,12.25195,31.14938,14.36848
6873,12.16516,33.92054,12.35251,31.18333,14.36871
6875,12.0641,33.82561,12.35622,31.35097,14.42233
6877,11.95153,33.91106,12.11929,31.42559,14.21332
6879,11.80978,34.01218,11.96339,31.53333,13.99372
6881,11.75536,34.19087,11.93114,31.48937,13.90028
6883,11.7141,34.60298,11.96291,31.65429,13.94335
6885,11.71115,35.22394,12.21184,31.94708,14.07494
6887,11.68085,35.22505,12.24836,32.00632,14.04868
6889,11.65008,35.27263,12.22232,31.94764,14.01734
6891,11.54349,35.73782,11.97953,31.70431,14.29051
6893,11.522,36.29565,12.69666,31.8731,14.55168
6895,11.51267,36.54134,12.7568,32.19138,14.75471
6897,11.49819,36.33297,12.59488,32.15746,14.82295
6899,11.51703,36.43937,12.58185,32.51483,14.93046
6901,11.69287,36.90332,12.88678,32.88782,15.40311
6903,12.01252,37.63756,13.35977,33.64817,15.91692
6905,12.2742,38.11428,13.48543,33.91831,16.16156
6907,12.29704,38.11207,13.50422,34.00461,16.11816
6909,12.28184,38.26448,13.49368,34.35592,16.11213
6911,12.18506,37.77965,13.23942,33.91651,16.11714
6913,12.28238,37.66684,13.37529,34.12966,16.17021
6915,12.15528,37.65429,13.42814,34.17075,16.05226
6917,11.78149,37.44749,13.66074,34.14818,16.00825
6919,11.4228,37.84013,14.0334,34.06382,16.20831
6921,11.33942,39.06122,14.11171,34.0982,16.39872
6923,11.24708,39.80293,14.17361,34.43655,16.56212
6925,11.16959,40.16475,14.38305,34.79146,16.89389
6927,10.9316,39.77544,14.15841,34.46971,16.80947
6929,10.81187,39.44551,14.10796,34.47442,16.74592
6931,10.69347,39.00917,13.99473,34.3437,16.63197
6933,10.50879,38.45744,13.89286,33.9437,16.48089
6935,10.29262,38.32223,13.85377,33.83858,16.45658
6937,9.813816,37.99334,13.81157,33.73294,16.42299
6939,9.065426,37.65842,13.73845,33.21762,16.03434
6941,8.893441,37.47069,13.64602,32.91737,15.78706
6943,8.766917,37.28532,13.54795,32.72478,15.76434
6945,8.685855,36.98285,13.44423,32.48587,15.61863
6947,8.514656,36.22567,13.22267,32.14581,15.23699
6949,8.433304,35.93867,13.17695,32.03263,15.03862
6951,8.397725,35.69186,12.92273,32.00142,15.06688
6953,8.494822,35.57318,13.07759,32.30993,15.18752
6955,8.542108,35.60188,13.18556,32.48987,15.25624
6957,8.570539,35.41037,13.08121,32.69872,15.26708
6959,8.59944,35.36852,13.18558,32.62857,15.29806
6961,8.631707,35.85506,13.94146,33.02087,15.47287
6963,8.65686,35.49098,13.72177,33.02095,15.34124
6965,8.683379,35.32761,13.71824,33.10633,15.33851
6967,9.388208,35.76781,13.80914,33.4924,15.52942
6969,9.438153,36.19109,13.95955,34.05972,15.85158
6971,9.877229,35.64265,14.10159,34.11337,15.94256
6973,9.940341,35.57738,14.4138,34.13008,15.98856
6975,9.98417,35.7583,14.47338,34.25195,16.09255
6977,10.02798,35.83764,14.52077,34.24592,16.10631
6979,10.07179,35.89828,14.57195,34.37121,16.14293
6981,10.1156,35.95893,14.55783,34.44593,16.11848
6983,10.15541,36.07138,14.56051,34.58704,16.13291
6985,10.19122,36.33223,14.58553,34.68073,16.16993
6987,10.21123,36.8079,14.66827,35.04039,16.51289
6989,10.21358,36.87228,14.75583,35.1482,16.59662
6991,10.17019,36.91038,14.77843,35.14499,16.6678
6993,10.09337,37.02981,14.84921,35.00028,16.69981
6995,10.00496,37.21556,14.92853,34.98639,16.66382
6997,9.926983,37.50729,14.83432,34.92645,16.72015
6999,9.859574,37.41689,14.79236,34.72789,16.46998
7001,9.856017,37.27185,14.53766,34.54718,16.60288
7003,9.850322,37.31257,14.50092,34.46194,16.52387
7005,9.853494,37.28993,14.68001,34.57481,16.63039
7007,9.85333,37.87035,14.76029,34.50745,16.65844
7009,9.855052,37.69503,14.65249,34.45521,16.53493
7011,9.854751,37.46708,14.33388,34.37246,16.61583
7013,9.857582,37.56471,14.26999,34.38529,16.6793
7015,9.860413,37.66241,14.20835,34.43894,16.81747
7017,9.866683,37.82285,14.56017,34.54443,16.84604
7019,9.862338,37.94348,14.53973,34.5802,16.76251
7021,9.847612,38.0406,14.44161,34.54978,16.66632
7023,9.799447,38.103,14.05808,34.28725,16.53525
7025,9.708975,38.09424,13.97679,34.07322,16.38799
7027,9.599142,37.96382,13.98157,33.85863,16.23905
7029,9.405974,37.91821,13.90148,33.8215,16.11623
7031,9.219012,37.89681,13.89469,33.65073,16.06448
7033,9.038815,37.85177,13.83223,33.51427,16.04974
7035,8.871973,37.66611,13.77444,33.38044,15.9782
7037,8.69486,37.45412,13.70833,33.21611,15.92584
7039,8.598084,37.70819,13.58274,33.21871,15.81311
7041,8.511147,37.75302,13.53432,33.25039,15.79529
7043,8.440839,37.78725,13.73432,33.24516,15.86874
7045,8.368228,37.75196,13.72647,33.18366,15.90476
7047,8.279062,37.18491,13.49703,33.11237,15.9739
7049,8.190428,37.27876,13.54039,33.17375,15.99572
7051,8.177137,37.63485,13.89194,34.03454,16.27267
7053,8.273715,37.76668,13.80199,34.16017,16.22972
7055,8.22026,37.94193,13.75413,34.20423,16.18416
7057,8.168121,38.02847,13.70825,34.16574,16.09925
7059,8.177298,37.66073,13.34352,33.58488,15.92511
7061,8.126076,37.10091,13.45079,33.26588,15.69485
7063,8.131582,37.30025,13.69373,33.57399,15.85067
7065,8.127854,37.62107,13.81441,33.57571,15.90352
7067,8.016726,37.37674,13.62146,33.7064,16.18682
7069,7.960506,37.64289,13.24569,33.8002,15.93169
7071,7.445508,37.36219,12.77931,33.36968,15.1423
7073,7.150159,36.84116,12.82918,32.79296,14.86445
7075,7.110607,36.5605,12.41815,32.49594,14.6339
7077,7.088755,36.30165,12.40882,32.28086,14.56876
7079,7.066898,35.97961,12.3996,31.86297,14.50042
7081,7.023324,35.49209,12.07957,31.29602,14.30354
7083,6.973757,34.78537,11.74767,30.80275,14.00753
7085,6.924231,34.27834,11.64596,30.39458,13.56949
7087,6.908249,34.08945,11.59564,30.01245,13.36132
7089,6.892284,33.88298,11.56621,29.88369,13.30128
7091,6.868495,33.45449,11.35546,29.53158,13.03415
7093,6.83269,32.99815,11.17163,29.23346,12.64933
7095,6.797319,32.58442,10.96814,28.85811,12.23781
7097,6.768621,32.07888,10.63589,28.59604,12.15923
7099,6.726312,31.93033,10.5469,28.32141,12.02995
7101,6.527012,31.32067,10.08915,27.53432,11.67837
7103,6.182101,30.68614,9.656826,26.75562,11.36589
7105,5.974982,30.10863,9.486391,26.23361,11.07868
7107,5.933189,29.7931,9.321548,26.16356,11.01411
7109,5.919016,29.53648,9.114208,26.10586,10.97198
7111,6.027997,29.65915,9.015717,26.03179,11.00513
7113,5.853543,29.34298,8.609086,25.61238,10.67503
7115,5.78028,28.54457,8.442619,25.21742,10.34895
7117,5.725025,28.68139,7.883089,24.92077,10.12218
7119,5.663232,28.88008,8.140348,24.79187,10.02264
7121,5.67614,28.32662,8.421873,25.11921,10.13426
7123,5.658336,28.86927,8.7727,25.20322,10.15689
7125,5.680137,28.39321,8.458696,25.21822,10.23698
7127,5.717768,29.16905,9.094341,25.86143,10.78216
7129,5.746695,30.00903,9.483387,26.64281,11.48368
7131,5.778867,31.25456,9.605711,27.37845,11.83825
7133,5.808807,31.87868,9.775887,28.47929,12.30541
7135,5.837242,32.6097,10.41333,28.99947,12.77598
7137,5.893024,33.49833,11.03739,30.08864,13.16759
7139,5.939474,34.29044,11.63421,30.87458,13.88191
7141,6.065254,35.78967,12.13715,31.9034,14.38577
7143,6.188422,36.2396,12.37974,32.61736,14.96861
7145,6.315269,36.77259,12.63941,33.35108,15.26069
7147,6.44508,37.31601,13.42053,34.08895,15.77757
7149,6.599613,37.58052,13.86385,34.46782,15.88568
7151,6.818383,38.29683,14.06604,35.10068,16.2312
7153,7.167655,38.37461,13.82353,34.9184,16.20908
7155,7.770006,38.37353,13.84946,34.98367,16.13044
7157,7.99313,38.84216,13.90234,35.29712,16.17482
7159,8.062931,39.26189,13.81359,35.26052,16.29865
7161,8.012649,38.58022,13.59597,35.12657,16.02561
7163,7.997614,38.7779,13.69106,35.10268,16.00896
7165,7.977845,38.65524,13.76536,34.80406,16.00281
7167,7.271551,38.35934,13.35637,34.56382,15.77093
7169,7.192286,37.30842,13.2264,33.85436,15.5278
7171,6.704791,37.05611,13.1209,33.28872,15.18581
7173,6.636663,36.73461,13.0822,33.24125,14.99245
7175,6.628509,36.4793,13.01673,33.21703,14.84023
7177,6.626555,36.55033,12.98156,33.24321,14.82902
7179,6.627518,36.54205,13.00204,33.32059,14.83175
7181,6.629993,36.49437,12.99229,33.27313,14.79247
7183,6.64629,36.40234,12.97037,33.28058,14.77892
7185,6.646562,36.21817,12.75297,33.20112,14.71744
7187,6.662613,35.82833,12.50959,32.56411,14.60861
7189,6.719334,36.02958,12.65133,32.52483,14.59357
7191,6.72593,36.2436,12.54806,32.44166,14.54279
7193,6.721363,36.39944,12.44055,32.45304,14.39727
7195,6.729355,36.50158,12.23705,32.45905,14.37325
7197,6.743421,36.27668,12.10076,32.35963,14.2532
7199,6.765079,36.05185,11.98689,32.00502,14.13915
7201,6.950899,35.62415,11.88406,32.19061,14.18438
7203,7.052895,35.63225,11.8137,32.2386,14.25357
7205,7.146947,35.5617,11.82052,32.12029,14.33838
7207,7.251795,35.68391,11.91155,32.08024,14.3151
7209,7.605941,35.74075,12.23619,32.29911,14.53661
7211,7.688841,35.73304,12.276,32.45483,14.62372
7213,7.767511,35.71527,12.34589,32.48144,14.57743
7215,7.851486,35.69355,12.17359,32.50744,14.52097
7217,7.92963,35.55452,12.25072,32.46094,14.44161
7219,8.017159,35.52699,12.32973,32.42965,14.23246
7221,8.062966,35.52697,12.40192,32.50761,14.22105
7223,8.09702,35.57081,12.45395,32.53683,14.20743
7225,8.130456,35.5337,12.49087,32.54263,14.24684
7227,8.154389,35.46845,12.53188,32.53788,14.28506
7229,8.180132,35.46712,12.58224,32.53094,14.34466
7231,8.206696,35.48978,12.65744,32.53485,14.41675
7233,8.466048,36.32348,13.25146,33.05184,14.78674
7235,8.628191,36.31693,13.51332,33.21782,14.92701
7237,8.75844,36.52248,13.54075,33.01868,14.98719
7239,9.019004,37.17464,13.74876,33.05052,15.34278
7241,9.295313,37.2554,13.62884,33.50261,15.44859
7243,9.511959,37.49714,13.62599,33.62944,15.3666
7245,9.768836,37.91532,13.68661,34.0329,15.7193
7247,9.990842,38.14439,13.99364,34.23562,15.88877
7249,10.15992,38.10535,14.10682,34.16318,15.8162
7251,10.69305,37.84209,14.19944,33.95532,15.6199
7253,10.8723,37.74123,14.07136,34.04634,15.8239
7255,10.93813,37.69533,13.96472,34.09262,15.88619
7257,10.99648,37.65751,13.85868,34.20311,15.95309
7259,11.07502,37.67117,13.69186,34.07481,15.99356
7261,11.12525,37.72272,13.67432,34.02357,15.93442
7263,11.16354,37.71082,13.62525,33.72668,15.75967
7265,11.17451,36.78014,13.91367,33.71082,15.61466
7267,10.86584,35.83705,13.82493,33.25102,15.485
7269,10.5625,35.04324,13.71009,33.06056,15.40835
7271,10.64595,35.44532,13.92235,33.63595,15.61774
7273,10.71631,35.85303,14.05106,33.79786,15.69348
7275,10.77749,36.18623,14.20572,33.83631,15.95724
7277,10.89447,36.67778,14.33742,34.12053,16.02157
7279,11.07187,36.94223,14.53448,34.35778,16.06722
7281,11.21995,37.03922,14.68277,34.47535,16.21166
7283,11.29907,37.11893,14.73437,34.53327,16.32442
7285,11.33857,37.19428,14.74429,34.65417,16.41054
7287,11.37807,37.28506,14.75297,34.73993,16.46369
7289,11.44267,37.35515,14.76716,34.79862,16.70439
7291,11.53081,37.41807,14.78635,35.01655,16.7777
7293,11.55802,37.41248,14.77007,35.00151,16.79912
7295,11.58522,37.3993,14.75379,35.01587,16.7765
7297,11.61243,37.38651,14.73751,35.04282,16.78598
7299,11.63963,37.37455,14.56111,35.0695,16.79547
7301,11.66684,37.36326,14.50655,35.09623,16.80495
7303,11.69404,37.35514,14.50556,35.12309,16.78527
7305,11.64042,37.18254,14.50456,34.87013,16.63536
7307,11.62804,37.13684,14.50346,34.72065,16.61801
7309,11.61537,37.09595,14.50239,34.60616,16.582
7311,11.47962,36.91096,14.49236,34.45898,16.38455
7313,11.45676,36.75338,14.16277,34.26949,16.31091
7315,11.42817,36.73135,14.11157,34.03203,16.1664
7317,11.33037,36.42697,14.06129,33.79387,15.59219
7319,11.30794,36.20797,13.49848,33.30146,15.18743
7321,11.27791,35.78162,12.86034,32.75474,14.84861
7323,11.31346,35.32882,12.35544,31.96667,14.66694
7325,11.35545,34.12617,11.62839,31.22926,14.13268
7327,11.62548,33.46239,11.23185,30.82609,13.69808
7329,11.73225,32.75143,10.90797,30.5217,13.70721
7331,11.84157,32.61429,11.54665,30.42236,13.78095
7333,11.99075,32.28087,11.81577,30.27421,13.88407
7335,12.04908,32.48656,11.51488,29.83132,13.45138
7337,12.07543,32.37563,11.34523,29.67968,13.61453
7339,12.14095,31.93204,11.01348,29.97937,13.63171
7341,12.06188,31.63048,10.35621,29.5993,13.51796
7343,11.98483,32.09307,10.31144,29.56642,13.39858
7345,11.88704,32.06236,10.23558,29.21017,12.8714
7347,11.80334,31.98817,10.12264,28.80563,12.54432
7349,11.68412,31.87152,9.938017,28.66378,12.43397
7351,11.48284,31.04883,10.02272,28.33611,12.38783
7353,11.02668,30.88123,10.02957,28.25142,12.30609
7355,10.37391,30.77665,9.986182,27.96392,12.10189
7357,10.12186,30.49727,9.930531,27.63875,11.83911
7359,10.03159,30.44449,9.98261,27.46575,11.74996
7361,10.01066,30.31729,9.750317,27.16744,11.47927
7363,10.00502,30.37098,9.570893,27.0649,11.5048
7365,9.987915,30.49577,9.532276,26.98752,11.30526
7367,9.968327,29.94143,9.411527,26.86383,11.21418
7369,9.971363,29.55861,9.281189,26.70545,11.11769
7371,9.97604,29.32568,9.244007,26.64412,11.08514
7373,9.985195,29.36085,9.246935,26.75098,11.21109
7375,10.22912,29.61907,9.171969,26.68169,11.26882
7377,10.34355,29.63133,9.176918,26.84649,11.33005
7379,10.41209,29.65703,9.119615,26.7303,11.28257
7381,10.44872,29.69794,9.065196,26.64006,11.1874
7383,10.47221,29.73359,9.05018,26.65657,11.0879
7385,10.50214,29.65252,9.035217,26.63258,10.98929
7387,10.52732,29.68949,9.03036,26.60085,10.9565
7389,10.52637,29.69951,9.029139,26.55136,10.82731
7391,10.54238,29.64001,9.034253,26.47437,10.76723
7393,10.5527,29.64166,9.025031,26.4106,10.82131
7395,10.55994,29.66571,9.020024,26.36143,10.90151
7397,10.56699,29.68726,9.01502,26.3032,10.88871
7399,10.57021,29.7872,8.984706,26.19195,10.84621
7401,10.40708,29.54732,8.844673,26.04771,10.71911
7403,10.33062,29.6013,8.531146,25.67959,10.34317
7405,10.25458,29.62798,8.456359,25.4752,10.41836
7407,10.1704,29.65483,8.42518,25.31369,10.37715
7409,9.845823,29.58944,8.057172,25.27179,10.22484
7411,9.786453,29.68864,8.074041,25.3598,10.115
7413,9.730822,29.72821,8.089431,25.48101,10.12539
7415,9.680263,29.763,8.104809,25.52977,10.12171
7417,9.648705,29.77696,8.205619,25.6114,10.28528
7419,9.611762,29.9059,8.331506,25.62886,10.27729
7421,9.952129,30.33906,8.35766,25.66715,10.36829
7423,9.983421,30.25643,8.386446,25.68226,10.60835
7425,10.0118,30.07544,8.405705,25.75202,10.67615
7427,10.08289,29.89783,8.331833,25.80149,10.63464
7429,10.09858,29.77096,8.21586,26.00418,10.81388
7431,10.11049,29.77527,8.123729,25.97596,10.89755
7433,9.898851,28.95164,7.870408,25.60947,10.34825
7435,9.744379,28.12335,7.802833,25.41021,10.1036
7437,9.600616,27.81848,7.719914,25.37567,9.998384
7439,9.303646,27.59037,7.479255,24.71902,9.705916
7441,9.018405,27.50648,7.153803,24.37131,9.433
7443,8.797931,27.46284,6.875305,24.26646,9.378285
7445,8.545443,27.21305,6.654482,24.03709,9.359307
7447,8.381407,26.74739,6.579249,23.80689,9.36356
7449,8.216105,26.65394,6.636145,23.68204,9.366496
7451,7.609892,26.03573,6.383172,23.25042,9.018695
7453,7.292443,25.75788,6.341406,23.11034,9.012688
7455,7.190532,25.67629,6.428944,23.18203,8.99185
7457,7.096351,25.54604,6.445533,23.05217,8.963112
7459,6.982578,25.33817,6.465462,23.02486,8.986961
7461,6.893372,25.22439,6.430499,22.99076,9.029213
7463,6.801484,25.12059,6.42685,22.91037,8.882433
7465,6.732855,25.01695,6.422696,22.85664,8.85041
7467,6.686708,24.96777,6.417348,22.78457,8.82424
7469,6.622871,24.77641,6.166719,22.29038,8.73286
7471,6.540125,24.57633,6.001183,21.65875,8.279524
7473,6.49234,24.46647,5.854512,21.50765,8.280205
7475,6.464958,24.44085,5.773411,21.41633,8.315184
7477,6.362108,23.89205,5.857885,21.11514,8.186293
7479,6.197468,23.66915,5.801911,21.03458,8.074758
7481,6.063529,23.33024,5.825822,20.90881,7.88728
7483,5.996118,22.97381,5.850208,20.75925,7.772142
7485,5.968369,22.73741,5.875317,20.75729,7.774398
7487,5.94034,22.60388,5.898933,20.70281,7.755356
7489,5.886906,22.44198,5.916852,20.44619,7.709529
7491,5.813638,22.34561,5.921685,20.13185,7.65615
7493,5.801306,22.35381,5.951802,20.13685,7.694088
7495,5.846649,22.61527,6.107393,20.47663,8.16384
7497,6.011552,23.33319,6.451423,20.75471,8.359501
7499,6.062872,23.73368,6.587235,21.22817,8.702668
7501,6.094812,23.84892,6.753109,21.56987,8.824023
7503,6.075576,23.85748,6.793782,21.64572,8.883482
7505,6.056341,23.86608,6.834661,21.8096,8.95507
7507,6.038016,23.88735,7.092623,22.0116,9.050127
7509,6.022049,23.92696,7.217781,22.12806,9.239416
7511,6.015867,24.13643,7.260985,22.36918,9.34643
7513,6.020626,24.29183,7.24028,22.6212,9.561935
7515,6.02009,24.55651,7.213633,22.8176,9.699106
7517,6.017116,24.57883,7.215793,22.91555,9.738297
7519,6.020341,24.60116,7.238543,23.05998,9.777452
7521,6.008575,24.6809,7.259675,23.15153,9.862767
7523,5.951427,24.78255,7.28305,23.0738,9.905388
7525,5.856997,24.88307,7.30867,23.15012,9.980076
7527,5.645256,24.64021,7.179946,22.82881,9.87126
7529,5.751502,24.09341,7.01614,22.25462,9.52147
7531,5.645343,23.77451,6.827639,21.66878,9.005401
7533,5.5014,23.01497,6.504625,20.83611,8.571305
7535,5.449468,22.58042,5.951809,20.16107,8.250441
7537,5.400118,21.71178,5.927034,19.60372,7.722776
7539,5.320936,20.99309,5.794575,18.4594,7.199168
7541,5.301902,20.12864,5.298747,17.85629,6.801247
7543,5.275798,19.72335,5.091694,17.35672,6.43767
7545,5.268135,19.55568,5.023352,16.98195,6.231619
7547,5.24343,18.96502,4.828477,16.72173,6.057024
7549,5.229541,18.62815,4.432122,16.34151,5.932288
7551,5.233885,18.53417,4.461697,16.27539,5.892357
7553,5.242804,18.42443,4.18629,16.18931,5.88152
7555,5.248298,18.27343,4.022928,16.07644,5.851226
7557,5.330049,18.17247,4.073436,16.25276,5.855141
7559,5.383005,18.05471,4.112166,16.28923,5.872464
7561,5.437633,18.01814,4.147075,16.25683,5.850033
7563,5.522819,18.23352,4.185503,16.28956,5.915471
7565,5.577586,18.27994,4.207445,16.49788,5.925686
7567,5.567393,18.22418,4.210362,16.47573,5.874451
7569,5.540969,18.1405,4.069166,16.38585,5.861255
7571,5.521674,18.10328,3.97176,16.31641,5.772908
7573,5.497902,18.05958,3.876584,16.25507,5.640789
7575,5.232866,17.98394,3.776456,16.11178,5.460683
7577,5.089348,17.80791,3.754947,16.12524,5.455489
7579,4.988807,17.69337,3.734036,16.14413,5.468106
7581,4.922531,17.6973,3.723606,16.16463,5.445991
7583,4.865174,17.66915,3.743629,16.12782,5.441418
7585,4.821406,17.64122,3.749582,16.18367,5.436845
7587,4.782918,17.62155,3.735212,16.18304,5.434653
7589,4.74956,17.85283,3.754434,16.36884,5.537889
7591,4.748781,17.85221,3.788951,16.40159,5.548128
7593,4.902959,17.88622,3.859786,16.41687,5.608894
7595,4.909782,17.87264,3.919542,16.45756,5.655718
7597,4.917074,17.95272,3.97929,16.46881,5.754493
7599,4.922491,17.84697,4.029713,16.47423,5.899404
7601,4.922716,17.77592,4.091646,16.40993,5.901402
7603,4.919994,17.69197,4.181233,16.39093,5.72749
7605,4.918619,17.6964,4.278417,16.39938,5.729298
7607,4.920258,17.70083,4.375241,16.4368,5.726549
7609,4.911244,17.70305,4.273791,16.52016,5.724274
7611,4.920242,17.60673,4.173643,16.48197,5.674317
7613,4.929631,17.46196,4.026234,16.42928,5.652482
7615,4.928643,17.45984,4.023043,16.32374,5.585496
7617,5.000607,17.34457,4.062716,16.22749,5.490634
7619,4.991514,17.79208,4.091392,16.25791,5.525411
7621,4.623329,17.74894,4.059396,16.2333,5.524292
7623,4.572849,17.6852,4.029421,16.03038,5.382441
7625,4.523238,17.62749,4.005894,15.96868,5.312669
7627,4.440769,17.53983,3.966891,15.84873,5.275209
7629,4.430141,17.45365,4.053123,15.71159,5.099771
7631,4.414385,17.40624,4.07242,15.82338,4.999046
7633,4.381581,17.26433,3.996304,15.61953,5.012057
7635,4.388821,17.10929,4.066338,15.62494,5.047605
7637,4.397767,17.07403,4.062899,15.47783,5.090889
7639,4.428642,17.0514,4.061187,15.58102,5.123348
7641,4.451477,16.91284,4.063547,15.62696,5.144675
7643,4.472991,16.87935,4.087273,15.5609,5.1308
7645,4.48925,16.48605,3.912688,15.48102,5.117825
7647,4.459234,16.36746,3.8902,15.16154,5.07938
7649,4.474206,16.40467,3.949836,15.05199,5.030854
7651,4.482797,16.43839,3.932489,14.99807,5.051367
7653,4.460136,16.42053,3.824801,14.7494,4.974834
7655,4.48926,16.46758,3.841773,14.67972,4.915659
7657,4.518188,16.48937,3.903639,14.72921,4.874511
7659,4.556487,16.51828,3.96975,14.68955,4.928149
7661,4.606824,16.66563,4.052133,14.74758,4.9274
7663,4.708383,16.86771,4.065246,14.90282,5.115998
7665,4.751364,16.93288,4.038146,14.95313,5.087552
7667,4.792501,16.99421,4.011046,14.96879,5.107547
7669,4.831019,17.05553,4.104247,15.04585,5.108456
7671,4.83437,17.02976,4.102679,15.07401,5.156077
7673,4.815783,16.93533,4.037227,14.92914,5.105166
7675,4.785911,16.86877,4.028993,14.76626,5.015992
7677,4.775711,16.88245,4.010541,14.76354,4.986572
7679,4.766875,16.8965,3.941341,14.6938,4.947516
7681,4.756661,16.85646,3.869883,14.68302,4.959155
7683,4.838075,17.01795,4.057601,14.8729,5.033366
7685,4.885448,17.12761,4.050777,14.90384,5.070634
7687,4.899107,17.08989,3.990704,14.92993,5.07332
7689,4.908126,17.01796,3.973444,15.00279,5.075213
7691,4.931617,16.98943,3.917693,14.97442,5.077195
7693,4.973287,17.01113,3.862218,14.97284,5.012446
7695,4.93781,16.71152,3.774324,14.79622,4.832155
7697,4.776228,16.53847,3.672759,14.45482,4.600955
7699,4.720101,16.46731,3.569191,14.05399,4.458459
7701,4.682671,16.34741,3.496258,13.89392,4.311642
7703,4.695733,16.23342,3.477607,13.99256,4.259157
7705,4.708805,16.07973,3.458785,13.95562,4.242374
7707,4.720971,15.91302,3.439614,14.00251,4.22552
7709,4.730781,15.68703,3.413483,13.90635,4.18707
7711,4.801617,15.52781,3.23328,13.81018,4.1991
7713,4.809793,15.4068,3.21549,13.66875,4.086197
7715,4.823255,15.53901,3.204108,13.62932,4.05157
7717,4.855303,15.4356,3.264589,13.56379,4.069399
7719,4.874476,15.33811,3.310083,13.53094,4.06129
7721,4.879155,15.29066,3.356316,13.61055,4.051656
7723,4.88375,15.27902,3.402408,13.62291,4.065766
7725,4.942053,15.6486,3.398622,13.73855,4.087718
7727,4.859504,15.51074,3.428506,13.78232,4.114413
7729,4.614517,15.36739,3.444095,13.77071,4.134048
7731,4.579624,15.29064,3.460835,13.77626,4.15533
7733,4.545291,15.49885,3.495896,13.80875,4.17581
7735,4.51068,15.7166,3.542936,13.83353,4.262699
7737,4.477826,15.73306,3.594352,13.84306,4.336344
7739,4.444893,15.82874,3.626652,13.91143,4.359339
7741,4.417075,15.83263,3.658952,13.98335,4.396408
7743,4.400328,15.84653,3.690365,14.07328,4.441861
7745,4.394909,16.3383,3.772462,14.24755,4.497009
7747,4.373457,16.56925,3.759064,14.25718,4.617319
7749,4.34937,16.69504,3.746948,14.21487,4.684247
7751,4.324877,16.80799,3.73482,14.21971,4.762582
7753,4.301573,16.84234,3.722692,14.31833,4.744617
7755,4.286316,16.76495,3.711723,14.37378,4.762631
7757,4.192653,16.60743,3.668632,14.10597,4.631999
7759,4.119347,16.55699,3.639698,14.06686,4.638142
7761,4.042683,16.23866,3.579244,14.04833,4.626009
7763,3.923921,15.90394,3.543949,13.93059,4.43248
7765,3.839929,15.64665,3.482079,13.88997,4.304696
7767,3.825187,15.72607,3.479722,13.93007,4.338721
7769,3.927644,15.81779,3.497514,14.36128,4.479757
7771,4.030102,16.07788,3.514933,14.47856,4.532602
7773,4.05539,16.19789,3.56046,14.46779,4.598001
7775,4.080678,16.37118,3.606213,14.4571,4.598565
7777,4.109051,16.41158,3.614228,14.54836,4.695868
7779,4.13743,16.44331,3.634365,14.70672,4.691846
7781,4.162072,16.4686,3.651939,14.85315,4.770776
7783,4.176535,16.76272,3.867454,14.96928,5.048635
7785,4.163376,16.76669,3.927617,14.96773,5.056009
7787,4.148651,16.75933,3.819222,15.11978,5.040331
7789,4.14264,16.89367,3.846439,14.85985,4.891737
7791,4.12712,16.95839,3.800372,14.92394,4.837978
7793,3.961536,16.93435,3.746987,14.92656,4.809176
7795,3.945447,16.98328,3.68314,14.98534,4.874816
7797,3.993063,17.69688,3.713704,15.36782,5.074064
7799,3.974453,17.77159,3.696334,15.38352,5.068905
7801,3.95918,17.7542,3.680706,15.37145,5.087414
7803,3.948264,17.73853,3.666802,15.40624,5.110974
7805,3.935319,17.71831,3.659254,15.41232,5.097341
7807,3.91821,17.69917,3.655078,15.39265,5.077106
7809,3.901268,17.68283,3.650642,15.34574,5.08789
7811,3.873364,17.63684,3.664057,15.32271,5.083529
7813,3.846578,17.5909,3.682253,15.31746,5.057957
7815,3.82011,17.54506,3.812685,15.4456,5.041861
7817,3.70557,17.39094,3.875042,15.53075,4.992838
7819,3.680417,17.29548,3.995717,15.32452,4.984492
7821,3.684509,17.4734,4.072323,15.45555,5.004037
7823,3.753218,17.79083,4.164182,15.65887,5.141106
7825,3.854829,18.46771,4.668371,16.28856,5.685393
7827,3.9307,19.1165,4.923829,17.11702,5.989507
7829,3.926612,20.3029,5.078059,17.3557,6.339387
7831,3.923653,20.54501,5.279821,17.52841,6.443681
7833,3.928846,20.73225,5.352796,17.74421,6.50295
7835,3.928949,20.89181,5.421663,17.82232,6.549716
7837,3.922256,21.09674,5.498182,18.01226,6.567064
7839,3.898727,21.25617,5.586795,18.21283,6.714775
7841,3.8761,21.39111,5.685906,18.71592,6.863478
7843,3.841244,21.64037,5.662127,18.82766,6.87393
7845,3.80284,21.66768,5.634326,18.83796,6.847035
7847,3.755786,21.62804,5.623728,18.63692,6.785108
7849,3.716602,21.50063,5.59511,18.59328,6.764996
7851,3.685287,21.30816,5.598162,18.57053,6.707582
7853,3.653678,21.16514,5.592918,18.51007,6.725479
7855,3.614366,21.05006,5.500844,18.33516,6.665073
7857,3.577307,20.93778,5.484091,18.10221,6.642503
7859,3.530246,20.85229,5.491133,18.12756,6.630486
7861,3.493705,20.77628,5.457854,18.68816,6.775696
7863,3.3957,20.8151,5.494696,18.83897,6.905232
7865,3.352038,20.86137,5.446456,18.94658,6.932999
7867,3.309849,21.02268,5.429611,18.99095,6.980625
7869,3.27028,21.18756,5.412765,18.95811,6.988376
7871,3.26713,21.29905,5.406403,19.03172,7.056455
7873,3.265292,21.56112,5.334661,19.02975,7.124504
7875,3.263515,21.83419,5.277459,19.1044,7.193645
7877,3.303004,22.13475,5.245794,19.25739,7.334751
7879,3.310249,22.00092,5.228631,19.33896,7.416548
7881,3.327981,22.34932,5.216876,19.48135,7.479776
7883,3.242928,22.29115,5.224565,19.7226,7.434482
7885,3.3253,22.52504,5.317597,20.26488,7.669973
7887,3.40248,22.67614,5.316681,20.42054,7.744523
7889,3.469108,22.88632,5.354581,20.47633,7.747752
7891,3.50591,23.05142,5.379214,20.44891,7.786838
7893,3.499843,23.20307,5.430153,20.49725,7.817626
7895,3.513275,23.37032,5.530383,20.66689,7.935186
7897,3.61339,24.39716,6.03359,21.42132,8.213829
7899,3.680884,24.49727,6.79466,22.21455,8.618056
7901,3.715928,24.48283,6.813429,22.34676,8.673002
7903,3.731663,24.46449,6.788064,22.36566,8.706031
7905,3.747388,24.55901,6.761262,22.4225,8.747882
7907,3.810695,24.84951,7.09136,22.70636,8.922121
7909,3.949122,25.55308,7.832579,23.51444,9.187127
7911,3.951032,25.63503,7.930124,23.76314,9.274401
7913,3.982646,26.08234,8.041794,24.12692,9.469044
7915,3.959226,26.27192,8.11111,24.23176,9.676693
7917,3.919667,26.43645,8.188647,24.30932,9.787438
7919,3.913643,26.66899,8.128791,24.42894,9.832155
7921,3.889319,26.92941,7.990625,24.71206,10.05529
7923,3.868926,27.06801,7.85036,24.92837,10.07173
7925,3.796399,27.2008,7.714377,24.953,10.1534
7927,3.800593,27.09769,7.911698,24.98568,10.15938
7929,3.833625,27.52659,8.315656,25.13525,10.39869
7931,3.850546,27.64206,8.415587,25.21774,10.54674
7933,3.861636,27.73215,8.454961,25.2976,10.62547
7935,3.879273,27.64954,8.455877,25.34998,10.60446
7937,3.89511,27.48742,8.534998,25.44317,10.55595
7939,3.908945,27.57894,8.656375,25.64982,10.66897
7941,3.967962,27.939,8.696744,25.84499,10.89923
7943,4.0735,28.37638,8.939074,25.87633,10.88046
7945,4.095212,28.16406,8.945285,25.86684,10.85369
7947,4.135386,28.09864,8.855786,25.9005,10.83901
7949,4.191482,28.19117,9.127596,25.93886,10.82873
7951,4.271532,28.85959,9.228544,26.03301,11.11922
7953,4.339302,29.03968,9.387088,26.03146,11.14673
7955,4.428843,29.22849,9.676445,26.20873,11.33674
7957,4.523627,29.47635,9.749059,26.48812,11.51149
7959,4.652902,29.66202,9.830075,26.61606,11.60671
7961,4.910501,29.73132,9.885932,26.72443,11.6448
7963,5.229424,30.05724,9.908864,27.13676,11.79612
7965,5.36389,30.16677,9.936118,27.23683,11.90814
7967,5.491079,30.18031,9.972939,27.17588,11.94912
7969,5.509174,30.10629,9.962508,27.24094,11.97286
7971,5.627905,30.10047,9.983966,27.42722,12.08477
7973,6.002728,30.35026,10.02306,27.52716,12.13486
7975,6.193449,30.3989,9.954036,27.58653,12.12646
7977,6.479899,30.46672,10.09266,27.76637,12.19618
7979,6.727505,30.52989,10.2124,27.82683,12.27187
7981,7.076432,30.84282,10.36378,27.89263,12.35716
7983,7.31627,30.73027,10.43723,27.85246,12.39923
7985,7.533921,30.68885,10.54317,27.79736,12.48551
7987,7.736693,30.63314,10.64454,27.7303,12.40532
7989,7.927826,30.58223,10.68168,27.66334,12.42446
7991,8.075241,30.45861,10.70443,27.62136,12.35439
7993,8.202328,30.44184,10.72142,27.68457,12.31674
7995,8.329414,30.42503,10.65369,27.73011,12.39927
7997,8.422294,29.74422,10.56078,27.50184,12.16834
7999,8.725509,29.69337,10.78492,27.60355,12.37759
8001,9.033496,30.00557,11.00596,27.753,12.42544
8003,9.346489,30.22456,11.1616,27.84741,12.47329
8005,9.774697,30.37354,11.15893,28.03793,12.52909
8007,10.18136,30.52864,11.17326,28.05344,12.70137
8009,10.55627,30.46744,11.18507,28.3325,12.75914
8011,10.91007,30.33688,11.18669,28.37436,12.80474
8013,11.25019,30.29358,11.1886,28.39386,12.8139
8015,11.57479,30.33641,11.19886,28.3769,12.76049
8017,11.89527,30.32537,11.16206,28.38042,12.75412
8019,12.20951,30.2696,11.066,28.27475,12.74797
8021,12.51714,30.24037,10.97988,28.11889,12.63805
8023,12.76241,29.8886,10.7694,27.90055,12.41554
8025,12.97641,28.94716,10.46111,27.08038,11.99468
8027,13.68755,28.82931,9.908648,26.14789,11.62566
8029,13.97239,28.45254,9.544813,25.71333,11.36657
8031,14.26319,28.2382,9.408073,25.41685,11.08437
8033,14.51552,27.9541,9.355068,25.31042,10.98178
8035,14.7358,27.81474,9.268489,25.17756,10.98053
8037,14.95646,27.8085,9.217057,24.94869,10.89589
8039,15.14887,27.33636,9.172588,24.62016,10.83258
8041,15.325,26.98858,9.001443,24.1875,10.73248
8043,15.51451,26.8468,8.893386,24.05247,10.57098
8045,15.70572,26.84047,8.863731,24.00463,10.57237
8047,15.89699,26.87914,8.817222,23.92006,10.57912
8049,16.10802,26.91781,8.77278,23.89704,10.59397
8051,16.72488,26.95975,8.77545,23.96305,10.61329
8053,17.48805,27.06972,8.793209,24.11735,10.63355
8055,17.976,27.19342,8.797409,24.28596,10.68176
8057,18.28006,27.16764,8.767078,24.31761,10.6513
8059,18.57253,27.1293,8.732323,24.42529,10.64168
8061,18.81935,26.86714,8.512919,24.17605,10.36987
8063,19.07686,26.3464,8.276606,23.86611,10.04348
8065,19.45458,26.26347,8.327483,23.806,9.907823
8067,19.9078,26.2447,8.269219,23.72977,9.905829
8069,20.36103,26.22553,8.293329,23.65752,9.919123
8071,20.85326,26.18294,8.317917,23.63566,9.850178
8073,21.30176,26.14079,8.302721,23.59182,9.794395
8075,21.74844,26.09976,8.229609,23.54543,9.730636
8077,22.2499,25.87963,8.080494,23.42849,9.659913
8079,22.64373,25.67379,8.109022,23.31044,9.616549
8081,23.0829,25.53573,8.049375,23.16526,9.61608
8083,23.50142,25.60805,8.070154,23.25777,9.638436
8085,24.20964,25.21915,7.850271,23.23138,9.43378
8087,24.54936,25.19154,7.815961,23.22823,9.396257
8089,25.22613,25.09681,7.780851,23.21298,9.561549
8091,25.65022,25.51633,7.805614,23.46272,9.581574
8093,25.81401,25.748,7.786867,23.3552,9.579341
8095,25.9459,25.82131,7.785298,23.23609,9.533468
8097,25.97719,25.27146,7.12064,22.69507,9.172379
8099,26.01102,23.89025,6.810453,21.91956,8.672804
8101,26.0401,23.72514,6.71252,21.71362,8.572362
8103,26.08077,23.63318,6.677124,21.70287,8.486753
8105,26.12145,23.58853,6.641727,21.56861,8.409755
8107,26.15881,23.39128,6.513254,21.39425,8.157295
8109,26.12106,21.80533,6.305725,20.16756,7.632151
8111,26.15164,21.68462,5.976647,19.80702,7.347892
8113,26.20689,21.56899,5.791652,19.55334,7.305275
8115,26.28378,21.49302,5.714764,19.46317,7.31778
8117,26.36066,21.30688,5.707202,19.33658,7.165462
8119,26.41068,21.2214,5.447648,19.19855,7.020154
8121,26.70198,21.09897,5.467182,19.10805,6.981284
8123,26.89215,21.34924,5.586694,19.22472,6.962988
8125,27.02982,21.59111,5.472894,19.39813,6.877809
8127,27.17458,21.73585,5.390219,19.64461,6.792478
8129,27.25255,21.78035,5.395404,19.68175,6.685477
8131,27.30575,21.69809,5.452627,19.47672,6.731259
8133,27.41689,21.70911,5.509859,19.52381,6.702311
8135,27.49466,21.70303,5.566925,19.46562,6.646224
8137,27.60297,21.91634,5.877705,19.74347,6.803568
8139,27.72705,22.11503,6.126607,20.39141,7.235511
8141,27.75512,22.25819,6.169958,20.41165,7.334121
8143,27.8445,22.58757,6.23512,20.39701,7.369276
8145,27.89306,23.35966,6.387382,20.69106,7.654163
8147,27.885,23.67528,6.361308,20.86487,7.678372
8149,27.85178,23.6214,6.444389,20.83374,7.631968
8151,27.79459,23.37537,6.088713,20.48821,7.573491
8153,27.74969,23.33658,5.994574,20.53864,7.460455
8155,27.70589,23.36577,5.954214,20.74979,7.492076
8157,27.75103,23.1096,6.156966,20.80096,7.523546
8159,27.64831,22.87625,6.045149,20.63108,7.44936
8161,27.43398,22.68406,6.041338,20.41047,7.377024
8163,27.12259,22.44762,5.808099,20.30328,7.302786
8165,26.99566,22.30951,5.807175,20.23904,7.296686
8167,26.87171,22.14461,5.758806,20.0641,7.290615
8169,26.7403,22.02209,5.7659,19.90223,7.287651
8171,26.5642,21.89487,5.720012,19.78723,7.237628
8173,26.1701,21.70942,5.727957,19.50233,7.006057
8175,25.96166,21.62121,5.710454,19.57904,7.018378
8177,25.64346,21.43702,5.693844,19.20483,6.849142
8179,25.37118,21.35646,5.620784,19.20553,6.761143
8181,25.00599,21.77697,5.529958,19.14505,6.623703
8183,24.79087,21.76125,5.545894,19.27444,6.590868
8185,24.58725,21.74646,5.597324,19.22262,6.625159
8187,24.39482,21.76656,5.42217,19.35088,6.700328
8189,24.19871,21.75895,5.242524,19.46186,6.659966
8191,24.05315,21.78625,5.287679,19.51146,6.647268
8193,23.92791,21.81079,5.267254,19.43706,6.640082
8195,23.80397,21.82298,5.304486,19.46417,6.679727
8197,23.65993,21.68037,5.311606,19.39458,6.699084
8199,23.38351,21.25322,5.025131,19.03717,6.521966
8201,23.13127,21.0877,5.036705,18.97163,6.482055
8203,22.87403,21.02652,5.041509,18.96184,6.481203
8205,22.53328,20.97916,4.816357,18.88004,6.489222
8207,22.17976,20.81779,4.724693,18.82241,6.363748
8209,22.1965,20.8322,4.738145,18.85482,6.455909
8211,22.07959,20.86619,4.742089,19.05037,6.552919
8213,21.92047,20.9261,4.895386,19.1163,6.638693
8215,21.81999,21.02484,4.891451,19.31496,6.786515
8217,21.77678,21.31861,4.945914,19.51675,6.931568
8219,21.52265,21.3475,5.168766,19.55732,7.109411
8221,21.26526,21.42675,5.286903,19.70017,7.314054
8223,20.99634,21.54997,5.357577,19.83958,7.460909
8225,20.78225,21.91304,5.462344,19.90841,7.490844
8227,20.23425,22.20417,5.540524,20.22281,7.541112
8229,20.20343,22.54165,5.588184,20.49918,7.656121
8231,20.08555,22.69416,5.583595,20.60153,7.750952
8233,19.89261,22.62478,5.621548,20.63957,7.880825
8235,19.7349,22.72349,5.646005,20.7006,7.864226
8237,19.57406,22.73164,5.675848,21.06478,7.796559
8239,19.4311,22.87515,5.70377,21.29497,8.026538
8241,19.30341,22.89839,5.726099,21.32014,8.03638
8243,19.17516,22.95242,5.748388,21.34283,8.106063
8245,19.04232,23.00543,5.762627,21.3661,8.167008
8247,18.91455,23.16654,5.818238,21.47612,8.232543
8249,18.89284,23.54781,5.880655,21.79663,8.374163
8251,18.44564,23.82011,5.853867,22.07865,8.493107
8253,17.86449,23.73312,5.874246,22.02995,8.57204
8255,17.67778,23.55153,5.913146,22.13625,8.557591
8257,18.39097,24.19396,6.094878,22.458,8.693789
8259,18.40186,24.29239,6.068995,22.41834,8.709725
8261,18.43915,24.41661,6.167359,22.41016,8.688781
8263,18.95955,24.42991,6.315148,22.42313,8.709357
8265,19.07644,24.43639,6.505963,22.51698,8.724345
8267,19.24072,24.6362,6.714543,22.67581,8.748338
8269,19.18105,24.83068,6.835614,22.75309,8.750525
8271,19.47204,25.11779,6.877707,22.88235,8.891614
8273,19.53157,25.31368,6.889369,22.91654,8.941754
8275,19.45912,25.40158,6.913563,22.9754,8.980662
8277,19.09048,25.3737,6.944094,22.96964,8.999977
8279,18.86172,25.23508,6.972307,22.80977,8.847894
8281,18.57396,25.15518,6.883267,22.81742,8.812471
8283,18.32276,25.0858,7.023964,22.81985,8.784435
8285,17.68954,24.96462,6.990243,22.59921,8.736753
8287,17.50768,24.7406,6.913766,22.5282,8.633698
8289,16.99393,24.72581,6.843982,22.55668,8.64611
8291,16.69194,24.45779,6.812564,22.41039,8.579556
8293,16.60812,24.28589,6.819816,22.43921,8.529849
8295,16.55617,24.22411,6.831999,22.37636,8.532878
8297,16.5297,24.19078,6.844128,22.38204,8.536823
8299,16.65334,24.23885,6.856434,22.47181,8.547506
8301,16.68497,24.29606,6.879926,22.46346,8.542917
8303,16.725,24.30004,6.931716,22.48077,8.507109
8305,16.76501,24.30401,6.8739,22.4968,8.475489
8307,16.73785,24.29993,6.880698,22.50674,8.470857
8309,16.69534,24.29585,6.901916,22.51769,8.466361
8311,16.65018,24.44492,6.907836,22.59941,8.472137
8313,16.86769,24.84838,7.389433,23.08405,8.889521
8315,16.94357,25.04696,7.56718,23.22053,8.979181
8317,17.06733,25.20297,7.557435,23.29549,9.072568
8319,17.2468,25.36643,7.541889,23.47506,9.123805
8321,17.22115,25.2972,7.511188,23.25752,9.213379
8323,17.42308,25.26209,7.490677,23.25669,9.356564
8325,17.594,25.64698,7.476882,23.48548,9.307515
8327,17.6452,25.67345,7.480549,23.39546,9.34354
8329,17.64189,25.4145,7.50466,23.23882,9.27954
8331,17.70083,25.34944,7.680016,23.48842,9.427612
8333,17.60859,25.33865,7.797849,23.60881,9.539432
8335,17.53292,25.20352,7.802511,23.52562,9.410883
8337,17.429,25.13458,7.803398,23.12422,9.191179
8339,17.32107,24.67873,6.931337,22.50476,8.907643
8341,17.28023,24.37276,6.876198,22.3996,8.708539
8343,17.10208,24.00798,6.77439,22.06346,8.492763
8345,17.02112,23.21641,6.628745,21.51195,8.083916
8347,16.99434,22.99694,6.577073,21.35399,8.001826
8349,17.02241,22.86033,6.574929,21.35885,8.066956
8351,17.07073,22.74619,6.586851,21.35481,8.034062
8353,17.06372,22.86445,6.598803,21.33042,8.001399
8355,17.02683,22.63762,6.539911,21.14,7.937828
8357,16.89429,22.03255,6.494071,20.67192,7.552584
8359,16.87503,21.86818,6.522929,20.4451,7.482682
8361,16.83894,21.65957,6.437388,20.18752,7.345903
8363,16.83984,21.67086,6.398089,20.20161,7.401521
8365,16.84848,21.69844,6.407493,20.20309,7.356315
8367,16.92914,21.77374,6.393462,20.15943,7.343525
8369,16.99148,21.82651,6.471185,20.12287,7.343608
8371,16.9427,21.95564,6.358734,20.00612,7.361534
8373,16.97964,21.97722,6.379142,20.12454,7.596977
8375,17.01226,22.11822,6.248405,20.22574,7.576234
8377,17.05083,22.15449,6.127823,20.23155,7.553247
8379,17.08213,22.19163,5.938005,20.24276,7.562764
8381,17.10472,22.06004,5.838964,20.16304,7.483057
8383,17.40921,21.77267,5.719009,20.01493,7.329308
8385,17.51346,21.86652,5.830904,20.12545,7.532928
8387,17.69276,22.00336,5.94424,20.22602,7.695225
8389,17.82417,21.73616,5.915974,20.21568,7.799182
8391,17.95942,21.71978,5.82514,20.29155,7.708941
8393,18.0968,21.70292,5.898107,20.4154,7.937161
8395,18.23294,21.72237,5.943568,20.46242,7.973044
8397,18.50942,22.19521,6.02443,20.66751,8.12157
8399,18.67042,22.65783,6.083587,20.83366,8.247081
8401,18.73222,23.06881,6.155774,20.95966,8.270479
8403,18.79397,23.13572,6.218103,20.9902,8.237752
8405,18.87805,23.19415,6.277782,21.10478,8.241281
8407,19.07563,23.06789,6.476265,21.15216,8.197331
8409,18.95092,22.84449,6.623419,21.29164,8.001314
8411,19.72495,23.14114,6.777947,21.49103,8.260711
8413,20.43042,23.46107,6.987318,21.75909,8.491965
8415,21.58059,24.34163,6.786788,22.41732,8.774681
8417,21.63086,24.48515,6.3984,22.20867,8.595593
8419,21.88646,24.39174,6.466584,22.25141,8.577594
8421,22.1406,24.28358,6.471797,22.2426,8.487014
8423,22.79524,24.22501,6.408986,22.38175,8.633996
8425,23.18216,23.89708,6.446094,22.32968,8.70364
8427,23.59674,23.71635,6.370879,21.99557,8.719938
8429,23.94924,23.57151,6.298551,21.57654,8.512646
8431,24.34726,23.61287,6.258959,21.62076,8.496708
8433,24.60657,23.75973,6.321496,21.69495,8.518906
8435,24.9792,23.8223,6.339732,21.67731,8.540446
8437,25.67212,23.91803,6.337966,21.69668,8.515416
8439,26.22758,23.87976,6.320832,21.83743,8.490921
8441,26.45616,23.85993,6.310191,21.77785,8.443992
8443,26.68406,24.05953,6.32526,21.7123,8.414495
8445,26.91531,24.23321,6.234072,21.68845,8.417864
8447,27.35625,24.32788,6.214295,21.64221,8.404591
8449,27.60501,23.5407,6.224689,21.59105,8.320326
8451,28.00271,24.49651,6.198235,21.5214,8.290944
8453,28.93917,24.47576,6.033922,21.66533,8.479638
8455,30.04685,24.5506,6.263953,21.70842,8.552587
8457,29.44011,24.08112,6.435772,21.58294,8.580662
8459,29.55167,24.47157,6.559321,21.97891,8.703835
8461,29.53892,24.69395,6.658693,22.19164,8.782978
8463,29.09137,24.817,6.709574,22.29866,9.014309
8465,29.20699,25.00563,6.714433,22.47581,8.984636
8467,28.79053,25.00485,6.609883,22.47358,8.884885
8469,28.59802,24.84791,6.370551,22.40163,8.899143
8471,27.94738,24.69312,6.186939,22.35426,8.668594
8473,27.56955,24.62739,5.9497,22.32737,8.561962
8475,27.4403,24.58499,5.923985,22.34639,8.619696
8477,27.34413,24.57637,5.918021,22.49788,8.673382
8479,27.24127,24.63131,5.913456,22.56727,8.671817
8481,27.14159,24.72881,5.908891,22.60252,8.670253
8483,27.2543,24.9168,5.991766,22.72906,8.772608
8485,27.5986,25.35469,6.435367,23.06042,9.122207
8487,27.62902,25.52326,6.505296,23.26886,9.15818
8489,27.46587,25.43556,6.515393,23.3422,9.10979
8491,27.35505,25.42152,6.526907,23.29976,9.089844
8493,27.31082,25.39602,6.538672,23.15446,9.179899
8495,27.27115,25.41525,6.561654,23.162,9.213811
8497,27.35176,25.59276,6.60756,23.49693,9.289218
8499,27.37705,25.67809,6.690807,23.63271,9.353741
8501,27.44747,25.71257,6.659337,23.62432,9.320999
8503,27.46028,25.83694,6.757815,23.71701,9.379875
8505,27.49523,25.9556,6.872602,23.78629,9.327312
8507,27.53946,26.09481,7.05478,24.07499,9.464988
8509,27.56156,26.42611,7.321442,24.37555,9.64539
8511,27.79011,26.78119,7.593036,24.51158,9.70125
8513,27.61973,26.48178,7.337288,24.29254,9.484745
8515,27.62306,26.3728,7.423223,24.22603,9.398106
8517,27.55827,26.50344,7.51428,24.20261,9.415174
8519,27.49412,27.23084,7.664705,24.4327,9.336821
8521,27.40004,27.08969,7.76095,24.53207,9.377335
8523,27.2041,26.8716,7.793298,24.51902,9.4931
8525,27.03626,26.92801,7.442612,24.40874,9.438161
8527,26.97362,26.93955,7.329982,24.46567,9.505582
8529,27.01054,26.95477,7.365453,24.43745,9.560532
8531,27.05241,26.99132,7.196111,24.37244,9.628535
8533,27.20942,26.85221,7.37352,24.64666,9.423933
8535,27.51741,27.33638,7.418948,25.07466,9.859612
8537,27.94626,27.46966,7.530842,25.25509,9.944625
8539,28.06366,27.12542,7.653641,25.18432,9.970076
8541,28.07976,26.86579,7.666293,25.0345,10.00415
8543,28.12141,26.74614,7.673928,25.0804,10.0551
8545,28.1778,26.80393,7.687566,25.14288,10.10738
8547,28.2342,26.8692,7.703724,25.12599,10.15966
8549,28.27778,27.01174,7.757567,25.035,10.08188
8551,28.3353,27.23654,7.986081,25.25911,10.17813
8553,28.35233,27.43469,8.025515,25.16963,10.20821
8555,28.37098,27.61438,8.024155,25.21557,10.18928
8557,28.41058,27.80103,8.026191,25.55517,10.25965
8559,28.45268,27.95669,8.048586,25.63931,10.27534
8561,28.49267,28.11236,8.072286,25.67304,10.29103
8563,28.50604,28.26814,8.093203,25.70678,10.29939
8565,28.52291,28.34567,8.113777,25.74573,10.30083
8567,28.47831,28.206,7.985783,25.83439,10.33684
8569,28.44618,28.30974,8.221059,25.91065,10.28918
8571,28.45718,28.3329,8.303468,26.0414,10.28393
8573,28.42154,27.95242,8.316047,25.8838,10.12377
8575,28.41374,28.37136,8.439677,25.82727,10.05594
8577,28.44276,28.39113,8.438458,26.10466,10.22653
8579,28.47621,28.41002,8.386868,26.40117,10.25681
8581,28.47314,28.41463,8.458363,26.18915,10.20537
8583,28.21012,28.40723,8.550873,26.26672,10.21569
8585,28.24805,28.17527,8.535305,25.83843,10.18406
8587,28.18584,27.82782,8.110794,25.73686,10.08174
8589,28.17513,27.86471,8.417939,25.71386,10.05569
8591,28.16424,27.80766,8.125307,25.77909,10.01613
8593,28.04461,27.74135,7.99996,25.68311,9.818669
8595,27.92492,27.67374,7.986935,25.41382,9.76766
8597,27.6552,26.93628,7.879333,24.89414,9.49822
8599,27.49129,26.68759,7.711256,24.75415,9.407713
8601,27.39865,26.10043,7.655667,24.47082,9.317185
8603,27.30606,26.08147,7.606692,24.34276,9.284247
8605,27.16146,26.06623,7.567857,24.08122,9.250627
8607,26.94201,26.03711,7.473744,23.8987,9.16447
8609,26.70633,25.99599,7.405469,23.75363,9.094131
8611,25.72666,25.60123,7.241139,23.33099,8.957842
8613,24.87035,25.47797,7.131787,22.80771,8.811344
8615,23.52589,24.48757,6.66078,22.17305,8.392297
8617,23.22668,24.4632,6.566898,22.072,8.290356
8619,22.93306,24.43897,6.519127,21.97771,8.211567
8621,22.64503,24.41489,6.471356,21.73097,8.122984
8623,21.96889,24.25309,6.298843,21.46924,7.929484
8625,21.50701,23.73368,6.038243,21.18616,7.62802
8627,20.88,23.44403,5.940694,21.0861,7.337193
8629,20.28588,23.27327,5.897768,20.85083,7.20352
8631,19.73331,23.13335,5.825193,20.59001,7.134305
8633,20.29448,23.41008,5.913473,20.63328,7.173906
8635,20.80474,23.29099,5.879433,20.66802,7.538291
8637,20.31459,22.98335,5.824641,20.58305,7.356451
8639,19.89671,22.57205,5.766542,20.2536,7.338059
8641,19.74336,22.52906,5.777464,20.09076,7.304067
8643,19.59024,22.48495,5.787003,20.00781,7.24727
8645,19.37503,22.35582,5.724702,19.85688,7.176932
8647,18.94781,22.07088,5.728122,19.79641,7.179648
8649,18.98357,21.82882,5.608333,19.63128,7.127103
8651,18.88723,21.27285,5.403285,19.23941,6.870208
8653,17.86075,21.4804,5.1368,19.04362,6.821856
8655,16.49811,21.41026,4.911798,18.92377,6.612465
8657,16.13223,21.2095,4.839952,18.71678,6.511905
8659,15.76192,20.80254,4.748576,18.30208,6.221026
8661,15.51592,20.66249,4.665938,18.21475,6.037628
8663,15.22204,20.54486,4.553071,18.09891,5.941837
8665,14.80942,20.42794,4.495604,18.11503,5.970309
8667,14.69882,20.49597,4.495932,18.15073,6.033947
8669,14.58679,20.51662,4.497851,18.2892,6.116684
8671,14.50045,20.26791,4.49897,18.34214,6.104517
8673,14.45698,20.11105,4.508685,18.353,6.042863
8675,14.28479,20.07959,4.455736,18.31315,5.921203
8677,14.2877,20.02352,4.535471,18.24627,5.965648
8679,14.38367,20.22213,4.739286,18.4208,6.067351
8681,14.71256,20.68563,5.062112,18.96638,6.549624
8683,14.63228,20.76437,4.97367,18.8099,6.626515
8685,14.23986,20.60793,4.601052,18.4317,6.246615
8687,14.24291,20.4832,4.399143,18.39823,6.223177
8689,14.57053,20.38404,4.481263,18.37989,6.263804
8691,14.6243,20.43518,4.569666,18.35092,6.268789
8693,14.71028,20.4553,4.587074,18.45619,6.289645
8695,14.78128,20.5273,4.649095,18.58505,6.311118
8697,14.98294,20.56972,4.687215,18.57593,6.284302
8699,15.30115,20.75981,4.793239,18.74801,6.439704
8701,15.19982,20.84925,4.833702,18.94384,6.504632
8703,15.09304,20.71785,4.833876,18.8437,6.439674
8705,14.96416,20.65332,4.830689,18.67778,6.369103
8707,14.84887,20.16715,4.781201,18.26461,6.160225
8709,14.77108,19.98285,4.607628,17.83911,5.874117
8711,14.48684,19.84907,4.42435,17.38209,5.760992
8713,14.33622,19.7347,4.395042,17.15386,5.706683
8715,14.18692,19.51428,4.313882,17.04659,5.66772
8717,14.05786,19.1775,4.041234,16.74884,5.550587
8719,13.87245,18.84592,3.566902,16.11449,5.331688
8721,13.69912,18.6264,3.490401,15.89784,4.987346
8723,13.49725,17.85017,3.31122,15.56346,4.841599
8725,13.34914,17.45324,3.265919,15.47169,4.765188
8727,13.21437,17.17956,3.244277,15.32393,4.649885
8729,13.09282,16.92662,3.239784,15.21364,4.645771
8731,12.94497,16.68919,3.117712,14.98082,4.53931
8733,12.78065,16.41731,3.085422,14.72174,4.245188
8735,12.47622,15.74191,3.01891,14.32138,4.084631
8737,12.05075,15.38653,2.762954,14.00121,3.86894
8739,11.93139,15.33811,2.778678,13.90307,3.783992
8741,11.90143,15.31903,2.77112,13.84383,3.74826
8743,11.90469,15.30445,2.780469,13.80318,3.740224
8745,11.95894,15.31567,2.776168,13.7836,3.725644
8747,12.14572,15.34179,2.755166,13.76402,3.687916
8749,12.3667,15.27029,2.731905,13.67485,3.66395
8751,12.50123,15.0225,2.570435,13.48106,3.544717
8753,12.5756,14.79629,2.500535,13.34896,3.538891
8755,12.85733,15.2019,2.797789,13.54783,3.603657
8757,13.16682,15.55435,2.953403,14.19833,3.937246
8759,13.72825,16.0268,3.047118,14.62547,4.169767
8761,14.02086,15.97402,3.080133,14.61495,4.207755
8763,14.29815,15.94745,3.107127,14.49242,4.13864
8765,14.53646,16.15552,3.119622,14.57056,4.128256
8767,14.61915,16.38514,3.117692,14.50114,4.150263
8769,14.73197,16.77537,3.201264,14.51043,4.220253
8771,14.86434,16.83546,3.262455,14.50387,4.330449
8773,14.9241,16.86755,3.171857,14.48194,4.399744
8775,14.93329,16.92107,3.088174,14.38059,4.462743
8777,14.90324,17.01,2.947649,14.16001,4.397382
8779,14.85974,16.88473,2.776581,14.20158,4.305075
8781,15.16752,16.91637,2.802885,14.25133,4.294711
8783,15.44318,16.93527,2.857364,14.24163,4.302508
8785,15.38416,16.95759,2.949433,14.36907,4.172123
8787,15.31266,17.16888,3.08282,14.40729,4.166421
8789,15.24053,17.1891,3.258874,14.50076,4.195784
8791,15.16993,17.35926,3.490518,14.71495,4.349758
8793,15.20279,17.44053,3.543531,14.94946,4.507313
8795,15.2677,17.74061,3.771372,15.21775,4.712442
8797,15.41302,17.83137,3.995426,15.4967,5.032418
8799,15.47248,17.90987,4.155077,15.72094,5.184149
8801,15.53227,18.21848,4.396374,15.89526,5.332808
8803,15.55814,18.52817,4.432467,16.02787,5.482881
8805,15.55037,18.78834,4.456416,16.23058,5.690273
8807,15.52507,18.86963,4.448821,16.5086,5.74332
8809,15.48439,18.94062,4.434969,16.56448,5.844893
8811,15.44301,18.9626,4.511991,16.66402,5.904168
8813,15.40162,19.09446,4.612286,16.7013,5.997158
8815,15.36163,19.38135,4.909688,17.01485,6.108968
8817,15.32093,19.7267,4.916591,17.27236,6.196473
8819,15.28031,19.92159,4.922888,17.38939,6.244909
8821,15.23977,19.9695,4.930868,17.49451,6.408079
8823,15.25866,20.01897,4.939971,17.75529,6.449767
8825,15.25924,20.04777,4.95199,17.93133,6.531966
8827,15.24042,20.04825,4.967917,18.2129,6.585926
8829,15.22028,20.04867,4.989784,18.20815,6.612824
8831,15.20015,20.06063,5.013537,18.34739,6.614454
8833,14.31728,19.85563,5.052053,18.18481,6.604053
8835,13.50088,19.8552,5.366945,18.57765,6.646558
8837,13.4387,20.44256,5.496263,18.71797,6.787299
8839,13.39487,21.03251,5.81748,19.11279,6.927317
8841,13.35473,21.327,5.941949,19.21283,7.031453
8843,13.34864,21.75145,6.149297,19.45322,7.112167
8845,13.38531,22.02309,6.157405,19.60573,7.20105
8847,13.51529,22.37935,6.164426,19.94337,7.444909
8849,13.37967,22.48446,6.276509,20.00442,7.457182
8851,13.2554,22.57355,6.27913,20.05678,7.481551
8853,13.67227,22.61115,6.192256,20.07126,7.585888
8855,13.97597,22.70681,6.167409,20.12227,7.622937
8857,14.17106,22.81699,6.131323,20.12244,7.677582
8859,14.36615,22.85907,6.101413,20.12812,7.729263
8861,14.56038,22.99752,6.166001,20.22175,7.779858
8863,14.74711,23.06392,6.090525,20.28527,7.836115
8865,14.71591,22.9911,5.921893,20.22934,7.714923
8867,14.79965,22.55356,5.864666,20.14859,7.70751
8869,14.89838,22.44757,5.843876,20.03516,7.715919
8871,15.27953,22.43149,5.685555,19.79744,7.685818
8873,15.64291,22.38613,5.767796,19.88751,7.719339
8875,15.81676,22.36418,5.879282,19.91339,7.758586
8877,16.34472,22.3307,5.917092,19.90889,7.798236
8879,17.09729,22.00767,6.010388,19.80009,7.694226
8881,18.10749,21.88541,5.800847,19.53276,7.514504
8883,18.05334,21.73636,5.709157,19.24603,7.377921
8885,18.0382,21.67638,5.674718,19.06485,7.322149
8887,17.89743,21.57578,5.661167,18.98944,7.281522
8889,17.63599,21.44406,5.648803,18.97306,7.207228
8891,17.64864,21.33597,5.652789,18.94043,7.15198
8893,17.6293,21.28991,5.655203,18.89691,7.043321
8895,17.8826,21.15362,5.745578,18.89797,7.035708
8897,17.79535,20.36485,5.473843,18.78933,6.90886
8899,17.45003,20.02193,5.341285,18.48783,6.716361
8901,17.60362,19.61974,5.287707,18.27847,6.544503
8903,17.82322,19.66441,5.336804,18.29187,6.551227
8905,18.0467,19.72072,5.444431,18.32183,6.571646
8907,18.27104,19.88981,5.542034,18.40006,6.603525
8909,18.70733,20.36235,5.640484,18.50689,6.759694
8911,18.8549,20.61895,5.696228,18.56496,6.940826
8913,19.43526,20.86482,5.720017,18.79975,7.033648
8915,19.8091,21.05213,5.744007,18.97885,7.09621
8917,20.08054,21.17213,5.768198,19.09991,7.147902
8919,20.28837,21.29479,5.792388,19.20898,7.152427
8921,20.54592,21.4816,5.818663,19.35489,7.227398
8923,20.5922,21.55396,5.841624,19.47086,7.256953
8925,20.62007,21.56185,5.861799,19.52864,7.277311
8927,20.64793,21.56974,5.881974,19.60276,7.29767
8929,20.67187,21.56367,5.874271,19.66092,7.374118
8931,20.69558,21.55761,5.855548,19.70263,7.387069
8933,20.71907,21.61633,5.836825,19.75549,7.386023
8935,20.74257,21.68124,5.818102,19.80171,7.439203
8937,20.76614,21.74009,5.803099,19.90331,7.523055
8939,20.972,22.01965,5.794382,20.09755,7.628257
8941,20.99635,22.17114,5.837877,20.25235,7.732503
8943,20.99089,22.47703,5.997573,20.52071,7.797718
8945,20.95477,22.84744,6.089092,20.72092,7.86581
8947,20.77191,22.89727,6.171577,20.98202,8.015121
8949,20.65376,22.9732,6.246904,21.14208,8.189422
8951,20.50854,23.24136,6.60523,21.40634,8.221266
8953,20.50607,23.2855,6.768376,21.3837,8.263659
8955,20.42279,22.67942,6.751693,21.12833,8.24168
8957,20.29339,22.16491,6.408803,20.69437,7.953267
8959,20.1385,21.99979,6.268871,20.09222,7.824802
8961,20.26082,22.31931,6.369541,20.0126,7.707757
8963,20.47701,22.50214,6.381437,20.27051,7.839845
8965,20.25361,22.48875,6.342912,20.17692,7.795228
8967,20.17527,22.3978,6.317253,20.07946,7.661516
8969,20.07202,22.38202,6.257057,19.83826,7.570502
8971,19.96126,22.29469,6.104044,19.71045,7.546804
8973,19.9231,22.07905,6.04574,19.50973,7.428022
8975,19.91059,21.66332,5.957967,19.48474,7.379519
8977,19.90921,21.39322,5.914063,19.26073,7.296258
8979,19.91703,21.34249,5.911011,19.1676,7.288226
8981,19.61028,21.3044,5.906302,19.11272,7.150537
8983,19.27728,21.26926,5.900208,18.90528,7.119863
8985,19.21656,21.08124,5.87384,18.72366,7.06085
8987,19.19813,20.74911,5.856201,18.65842,6.89346
8989,19.18034,20.44923,5.646362,18.51183,6.898094
8991,19.19249,20.16629,5.56891,18.41001,6.675386
8993,19.23929,20.11219,5.620248,18.2317,6.681727
8995,19.24156,20.13263,5.441443,18.00291,6.497022
8997,19.15093,19.78339,5.353954,17.84458,6.300147
8999,19.23813,19.83946,5.196885,17.81127,6.268592
9001,19.23949,19.64135,4.990533,17.68981,6.224649
9003,19.33652,19.64553,4.784843,17.67362,6.230582
9005,19.40226,19.28902,4.694517,17.46046,6.155779
9007,19.68139,18.99246,4.523391,17.5074,6.111026
9009,19.97591,18.84307,4.425905,17.49283,6.116315
9011,20.72137,19.40732,4.579464,17.64188,6.131804
9013,20.94051,19.55215,4.695086,17.73102,6.286737
9015,21.04963,19.18052,4.750355,17.53599,6.139055
9017,21.14977,19.31299,4.581541,17.45592,6.1297
9019,21.25621,19.48729,4.727572,17.44828,6.163157
9021,21.362,19.39398,4.644941,17.47704,6.143894
9023,21.41169,19.38102,4.540246,17.29925,6.039947
9025,21.47107,19.35316,4.508069,17.29244,6.000823
9027,21.54985,19.31726,4.497741,17.26213,6.05954
9029,21.62994,19.19678,4.524068,17.19184,5.94923
9031,21.71126,18.95139,4.525223,17.08086,5.856544
9033,21.79253,18.85765,4.498977,17.09862,5.870892
9035,22.0661,18.54798,4.397713,16.78647,5.784412
9037,21.9636,18.36497,4.18516,16.3116,5.44751
9039,21.91325,18.07906,4.053977,16.0696,5.264634
9041,21.93796,17.94909,4.008211,16.02459,5.178441
9043,22.08765,17.95491,4.021831,15.79069,5.11366
9045,22.27623,18.20241,4.028599,15.92149,5.146645
9047,22.26153,18.45747,3.861214,15.68097,4.999848
9049,22.01531,18.34034,3.227122,15.41643,4.932501
9051,21.74754,18.13081,3.107642,15.20654,4.863573
9053,21.31767,18.04454,3.1159,15.08816,4.603235
9055,21.03879,18.04585,3.130433,15.11784,4.575902
9057,21.16794,18.05637,3.157786,15.18436,4.591102
9059,21.18419,18.14857,3.179878,15.2106,4.581228
9061,20.9893,17.80747,3.145266,15.07558,4.626868
9063,20.80193,17.41686,2.950205,15.0745,4.524195
9065,20.67556,17.43457,2.975541,15.08392,4.567077
9067,20.54333,17.43921,3.005342,15.10694,4.552395
9069,20.39166,17.07016,3.02568,15.08323,4.493983
9071,19.99245,17.09291,3.020427,14.94553,4.465288
9073,19.57346,17.27751,2.729842,14.76355,4.271859
9075,19.37699,17.26982,2.716586,14.65466,4.320313
9077,18.84074,16.77294,2.587715,14.63217,4.227361
9079,17.96791,16.56442,2.521999,14.47826,4.068357
9081,16.60421,16.28142,2.512359,14.33489,3.853571
9083,16.49898,16.21014,2.536804,14.25106,3.862953
9085,16.41091,16.14761,2.561249,14.32157,3.85396
9087,16.30528,16.06057,2.585695,14.20801,3.866161
9089,16.19972,16.09837,2.579212,14.17647,3.878926
9091,16.15046,16.106,2.544391,14.1738,3.856911
9093,16.10119,16.11483,2.50957,14.30071,3.858372
9095,15.78695,16.14036,2.232527,14.22278,3.854611
9097,15.58241,16.28393,2.257636,14.34409,3.8612
9099,15.44595,16.36231,2.295422,14.36596,3.980114
9101,15.3063,16.27924,2.317087,14.29741,3.999636
9103,15.19684,16.2094,2.257983,14.26471,3.982106
9105,15.15425,16.27575,2.235178,14.31373,4.041392
9107,15.15378,16.02884,2.204441,14.28519,4.000935
9109,14.91284,15.88285,2.181392,14.05049,3.8499
9111,14.75404,15.86364,2.160635,13.9388,3.743176
9113,14.14876,15.83714,2.137776,13.84699,3.617011
9115,13.74999,15.78922,2.115557,13.57863,3.587651
9117,13.45363,15.72426,2.09401,13.4578,3.553859
9119,13.22089,15.41009,2.036268,13.4031,3.516636
9121,12.93841,15.30935,1.869564,13.1483,3.495626
9123,12.86722,15.08435,1.85288,12.93974,3.460389
9125,12.81443,15.02572,1.8501,12.81973,3.419417
9127,12.76164,14.96745,1.84732,12.69522,3.395663
9129,12.71279,14.90916,1.844791,12.63364,3.346163
9131,12.66416,14.84928,1.842261,12.5723,3.324914
9133,12.61575,14.7878,1.839731,12.48921,3.312999
9135,12.56733,14.71101,1.837201,12.44812,3.292104
9137,12.51884,14.56416,1.813173,12.34381,3.219928
9139,12.2837,14.0799,1.705451,12.11815,3.119263
9141,12.22571,13.77832,1.691372,11.96049,2.988792
9143,12.16484,13.70067,1.635937,11.79265,2.858803
9145,12.08363,13.51888,1.59627,11.57053,2.705492
9147,12.01664,13.27866,1.588118,11.48036,2.574405
9149,11.82055,12.99938,1.503055,11.07421,2.340515
9151,11.70381,12.28288,1.397594,10.85849,2.16298
9153,11.60028,12.13541,1.368218,10.70578,2.135904
9155,11.36875,12.11178,1.338842,10.56294,2.101238
9157,11.13608,12.08479,1.302674,10.42723,2.06688
9159,10.67455,11.72133,1.283045,10.27109,2.039896
9161,10.20688,11.34127,1.276994,10.10026,2.004033
9163,9.686005,11.04512,1.268928,9.793352,1.92944
9165,9.632469,11.02726,1.26538,9.727965,1.915721
9167,9.578934,10.97384,1.261831,9.668809,1.902002
9169,9.525397,10.95257,1.258282,9.606688,1.896569
9171,9.471862,10.92485,1.244065,9.574469,1.892265
9173,9.418326,10.88068,1.190198,9.505207,1.873862
9175,9.364635,10.83652,1.142677,9.464093,1.871393
9177,9.309023,10.80429,1.118009,9.454719,1.868924
9179,9.253409,10.79551,1.100666,9.443908,1.866456
9181,9.197797,10.78674,1.101875,9.433097,1.863987
9183,9.142184,10.77797,1.103084,9.39959,1.861518
9185,9.086571,10.7692,1.104293,9.368703,1.859049
9187,9.030958,10.71512,1.105459,9.351806,1.85515
9189,8.975345,10.65853,1.106583,9.295876,1.84642
9191,8.88825,10.59251,1.073169,9.133898,1.816489
9193,8.769675,10.52181,1.019874,9.061292,1.79634
9195,8.66358,10.4812,0.9836462,9.021397,1.758556
9197,8.569965,10.43499,0.9644855,8.932955,1.710012
9199,8.384385,10.3736,0.9618925,8.782345,1.660442
9201,8.284328,10.27544,0.9593183,8.637691,1.573122
9203,8.122505,9.95492,0.8908776,8.406885,1.519627
9205,8.025624,9.799565,0.8739803,8.299499,1.504413
9207,7.732873,9.617425,0.8637939,8.163317,1.489419
9209,7.440123,9.518232,0.8488556,7.982056,1.394393
9211,6.697126,9.209087,0.6472725,7.656039,1.207825
9213,6.48045,9.035389,0.473257,7.404555,1.100498
9215,6.372405,8.58711,0.4431122,7.268439,1.084092
9217,6.274052,8.510052,0.4057214,7.122847,1.035387
9219,6.169308,8.315578,0.382803,6.985989,0.9516177
9221,6.065143,8.19379,0.3572631,6.851151,0.9171808
9223,5.957645,8.139177,0.3477979,6.760797,0.8347276
9225,5.858769,8.02108,0.3420098,6.654678,0.8040404
9227,5.759892,7.902241,0.3362218,6.559529,0.774056
9229,5.661016,7.802557,0.3189538,6.458734,0.7582148
9231,5.560919,7.761568,0.2857365,6.377576,0.7229073
9233,5.465038,7.665898,0.2904567,6.39475,0.6834693
9235,5.173433,7.397474,0.2767684,6.331894,0.6531808
9237,5.264651,7.186383,0.2626569,6.253759,0.7047319
9239,5.429881,7.207603,0.2484565,6.198512,0.6706263
9241,5.357172,7.070974,0.2399947,6.121633,0.6872404
9243,5.125442,6.895591,0.2169523,6.040525,0.682011
9245,4.874328,6.711975,0.2007633,5.744457,0.5983912
9247,4.730396,6.664705,0.1941617,5.608145,0.5958827
9249,4.687031,6.661549,0.196229,5.586702,0.5959829
9251,4.656661,6.669822,0.1900694,5.605508,0.6126393
9253,4.741508,6.676101,0.1834886,5.605767,0.6211933
9255,4.722506,6.681867,0.1881006,5.593277,0.5949864
9257,4.40408,6.440104,0.1950964,5.584978,0.5770555
9259,4.210204,6.208648,0.2024496,5.542202,0.5342146
9261,4.228317,6.254828,0.1957556,5.539288,0.5083095
9263,4.342364,6.364616,0.1847986,5.577904,0.5387657
9265,4.359233,6.50176,0.1847606,5.641121,0.5488509
9267,4.3563,6.627702,0.1918336,5.724425,0.5821334
9269,4.338921,6.66894,0.1889915,5.739489,0.6223921
9271,4.326949,6.669467,0.1679585,5.803055,0.6245355
9273,4.310819,6.670429,0.1735501,5.751997,0.6035055
9275,4.407798,6.951431,0.2088298,5.943657,0.6338499
9277,4.345011,7.12339,0.2300096,6.095309,0.6375314
9279,4.31266,7.28303,0.2614897,6.040882,0.6622261
9281,4.270001,7.294226,0.2956935,6.06892,0.6507053
9283,4.227683,7.30641,0.3391181,6.147278,0.6358793
9285,4.185628,7.390228,0.4451175,6.290933,0.6726463
9287,4.178325,7.356907,0.4484144,6.379669,0.7079717
9289,4.198687,7.496482,0.4523762,6.595511,0.7756106
9291,4.115342,7.657451,0.4482109,6.67749,0.8086293
9293,4.065707,7.890768,0.4446419,6.850088,0.8597396
9295,3.980896,8.119641,0.4445771,6.942848,0.8880721
9297,3.86419,8.249116,0.489534,7.056004,0.9282406
9299,3.762539,8.36978,0.5437873,7.057607,0.9703474
9301,3.674354,8.490208,0.5216485,7.012856,0.994034
9303,3.553019,8.391585,0.4937982,6.935083,0.9459158
9305,3.464602,8.375524,0.4577355,6.848922,0.9176678
9307,3.866111,8.36998,0.6012936,6.913153,0.9505683
9309,3.801765,8.361065,0.6727239,6.947669,0.962047
9311,3.825218,8.381433,0.6781673,6.987136,0.9835999
9313,3.86235,8.686034,0.686653,7.03515,1.008262
9315,3.902721,8.768077,0.7481611,7.134037,1.050778
9317,3.921443,8.968783,0.7678018,7.346529,1.120258
9319,3.940625,9.157456,0.8182883,7.641444,1.167675
9321,3.958674,9.335055,0.889641,7.94973,1.228676
9323,4.032775,9.600033,0.8942843,8.187712,1.347864
9325,4.082196,9.722692,0.8983508,8.275105,1.398425
9327,4.130344,9.855637,0.9157999,8.372662,1.423201
9329,4.18525,10.155,0.9153947,8.433789,1.447044
9331,4.459695,10.40415,0.9332598,8.618538,1.543434
9333,4.768814,10.61324,0.9843709,8.834192,1.611367
9335,5.00031,10.85497,1.223055,9.097221,1.684678
9337,5.23124,11.03601,1.255874,9.180416,1.717924
9339,5.68108,11.28419,1.313298,9.467639,1.802886
9341,5.859824,11.36071,1.399584,9.522701,1.839468
9343,6.047389,11.43539,1.413191,9.570655,1.871417
9345,6.243775,11.49508,1.413254,9.626369,1.915657
9347,6.471554,11.51046,1.435923,9.752891,1.94327
9349,6.784343,11.54734,1.470847,9.908755,2.00928
9351,7.140392,11.60268,1.51513,9.976983,2.063172
9353,7.284592,11.63392,1.551785,10.119,2.154397
9355,7.428089,11.87537,1.641563,10.25419,2.264153
9357,7.798826,12.53051,1.655755,10.61382,2.384658
9359,8.127715,12.77557,1.660792,10.77022,2.452297
9361,8.172558,12.83486,1.667698,11.01161,2.525361
9363,8.224221,12.89572,1.673699,11.14039,2.569794
9365,8.245833,12.91488,1.676103,11.18443,2.597582
9367,8.267447,12.95831,1.678507,11.24436,2.611851
9369,8.289059,13.00531,1.680911,11.35361,2.62612
9371,8.338062,13.08229,1.694317,11.54327,2.696762
9373,8.36474,13.29458,1.725353,11.58444,2.745627
9375,8.396708,13.48493,1.761741,11.68843,2.777626
9377,8.429201,13.66251,1.833851,11.7377,2.858658
9379,8.437439,13.7839,1.8541,11.7663,2.885756
9381,8.445677,13.80322,1.863924,11.77157,2.903834
9383,8.448183,13.8237,1.873627,11.77636,2.911063
9385,8.444345,13.82419,1.896836,11.83737,2.961499
9387,8.440506,13.82468,1.900508,11.88144,2.962427
9389,8.436666,13.82441,1.904188,11.93509,2.967674
9391,8.432828,13.82338,1.907876,11.9749,2.977507
9393,8.428989,13.82234,1.913531,12.03056,2.994373
9395,8.429897,13.9222,1.939611,12.11343,3.043705
9397,8.427751,13.97415,1.969964,12.26252,3.044414
9399,8.425595,14.00706,1.986251,12.32413,3.078809
9401,8.423038,14.02224,1.996448,12.37543,3.100112
9403,8.441678,14.03741,2.011948,12.40452,3.131861
9405,8.509583,14.08414,2.087346,12.52455,3.230353
9407,8.509876,14.14965,2.111282,12.61311,3.328423
9409,8.509905,14.18026,2.135229,12.65202,3.412562
9411,8.506896,14.2077,2.151729,12.71819,3.42424
9413,8.519483,14.26816,2.190942,12.80785,3.47629
9415,8.533789,14.27948,2.257651,12.89007,3.485632
9417,8.531607,14.27829,2.270911,12.92295,3.486776
9419,8.529813,14.35533,2.276906,12.94243,3.488359
9421,8.529542,14.46987,2.278155,12.99071,3.490391
9423,8.530923,14.5486,2.28778,13.00395,3.494355
9425,8.544367,14.72504,2.298165,13.05588,3.512786
9427,8.546104,14.90027,2.312057,13.13622,3.550052
9429,8.538543,14.91597,2.320858,13.14296,3.557742
9431,8.530982,14.94679,2.329017,13.16969,3.563621
9433,8.519149,14.90714,2.278793,13.11729,3.559143
9435,8.383789,14.90621,2.277293,13.10471,3.551281
9437,8.175383,14.82323,2.270686,13.0676,3.45468
9439,7.893544,14.88764,2.340668,13.06531,3.466033
9441,7.841851,14.89752,2.351893,13.03998,3.472752
9443,7.790132,14.8402,2.350061,13.01315,3.47747
9445,7.738412,14.78288,2.348229,12.98631,3.493443
9447,7.686693,14.75032,2.34637,12.9561,3.500283
9449,7.634421,14.72863,2.342686,12.8407,3.492375
9451,7.581558,14.70508,2.338578,12.74881,3.476833
9453,7.412997,14.70752,2.334708,12.64461,3.451034
9455,7.356051,14.68546,2.32007,12.57718,3.431447
9457,7.299106,14.66336,2.224096,12.51195,3.412096
9459,7.230522,14.42831,2.223347,12.43487,3.328369
9461,7.161938,14.33223,2.222599,12.35778,3.233113
9463,6.997422,14.2528,2.221082,12.22952,3.190711
9465,6.930083,13.9684,2.203936,12.01857,3.125139
9467,6.8818,13.78146,2.198956,11.98934,3.107365
9469,6.85385,13.6502,2.168952,11.93095,3.063962
9471,6.82711,13.52115,2.125059,11.87298,2.995196
9473,6.80037,13.39211,2.068584,11.81708,2.936722
9475,6.641455,12.86945,1.94364,11.66459,2.756804
9477,6.619924,12.61852,1.921267,11.5093,2.594282
9479,6.593575,12.43064,1.906601,11.3792,2.530076
9481,6.577845,12.28063,1.891963,11.30337,2.481133
9483,6.562088,12.13254,1.877326,11.22299,2.386934
9485,6.529371,11.9755,1.749978,11.05085,2.277024
9487,6.479822,11.91415,1.707258,10.93037,2.232061
9489,6.402533,11.77843,1.643677,10.60644,2.132787
9491,6.372663,11.27402,1.532032,10.52696,2.091384
9493,6.309083,11.20483,1.480516,10.15356,2.019668
9495,6.283455,11.05208,1.431167,9.983016,1.982551
9497,6.264597,10.87245,1.384386,9.768435,1.916839
9499,6.247553,10.73341,1.21169,9.561284,1.865005
9501,6.225625,10.69107,1.20195,9.411448,1.82202
9503,6.203697,10.64511,1.193642,9.368968,1.796674
9505,6.078099,10.60493,1.14991,9.281364,1.703581
9507,5.419589,10.55675,1.054183,9.075736,1.62184
9509,5.255456,10.27365,1.024946,8.989633,1.615573
9511,5.210117,10.05068,1.002559,8.948967,1.582968
9513,5.164778,9.995979,0.980173,8.913869,1.581236
9515,5.116199,9.812531,0.9091,8.719304,1.563798
9517,5.089268,9.615879,0.8704404,8.534078,1.505393
9519,5.061879,9.468435,0.8376749,8.297086,1.46394
9521,5.035622,9.231271,0.7485856,8.041079,1.412392
9523,4.953313,9.167033,0.7093141,7.840356,1.332131
9525,4.895684,9.000233,0.6885107,7.78711,1.255741
9527,4.839328,8.941247,0.6678298,7.620265,1.200073
9529,4.776214,8.865646,0.6480356,7.559967,1.134472
9531,4.493561,8.567783,0.6368781,7.370327,1.091885
9533,4.176235,8.382255,0.6184237,7.125338,1.044197
9535,3.93653,8.05938,0.5026992,6.733212,0.9915047
9537,3.697392,7.822866,0.4942138,6.546731,0.939184
9539,3.239344,7.589913,0.4856829,6.322258,0.8084547
9541,3.052393,7.560849,0.4834602,6.296527,0.7876176
9543,2.85662,7.532966,0.4666732,6.234723,0.7667806
9545,2.652026,7.434313,0.4320972,6.121295,0.7350193
9547,2.416039,7.174506,0.3978735,5.901381,0.6977407
9549,2.095042,6.733397,0.3707511,5.769194,0.6672208
9551,1.730785,6.51555,0.369997,5.608154,0.6296952
9553,1.578377,6.41359,0.3076175,5.443528,0.6125834
9555,1.426673,6.162992,0.2812228,5.140557,0.5348859

Breakpoint positions
 26
 121
 239
 267
 276
 304
 313
 316
 318
 345
 348
 352
 384
 386
 388
 390
 400
 437
 442
 444
 446
 460
 462
 464
 468
 473
 484
 510
 514
 528
 538
 550
 584
 620
 639
 660
 693
 722
 748
 752
 819
 869
 874
 1002
 1018
 1019
 1056
 1081
 1085
 1088
 1090
 1094
 1106
 1109
 1116
 1125
 1128
 1132
 1136
 1139
 1140
 1145
 1156
 1160
 1200
 1204
 1226
 1242
 1253
 1254
 1282
 1302
 1308
 1312
 1316
 1352
 1354
 1356
 1359
 1388
 1398
 1402
 1408
 1410
 1418
 1432
 1434
 1436
 1438
 1446
 1450
 1484
 1499
 1518
 1523
 1528
 1564
 1566
 1569
 1570
 1594
 1625
 1627
 1630
 1642
 1662
 1690
 1706
 1768
 1777
 1782
 1796
 1812
 1826
 1858
 1862
 1870
 1926
 1933
 1934
 1940
 1951
 1956
 1970
 1977
 1983
 1990
 2006
 2016
 2022
 2048
 2060
 2061
 2062
 2070
 2076
 2077
 2078
 2088
 2095
 2098
 2143
 2173
 2179
 2190
 2192
 2214
 2221
 2224
 2226
 2233
 2250
 2265
 2292
 2308
 2316
 2318
 2320
 2322
 2326
 2328
 2332
 2350
 2362
 2392
 2424
 2440
 2478
 2480
 2520
 2553
 2563
 2566
 2572
 2584
 2600
 2607
 2626
 2628
 2650
 2652
 2704
 2726
 2778
 2781
 2827
 2835
 2846
 2856
 2866
 2875
 2890
 2892
 2894
 2896
 2902
 2912
 2923
 2930
 2936
 3081
 3093
 3102
 3112
 3120
 3131
 3158
 3170
 3171
 3178
 3184
 3193
 3218
 3239
 3290
 3298
 3337
 3339
 3351
 3410
 3417
 3428
 3466
 3520
 3538
 3542
 3544
 3560
 3562
 3584
 3596
 3598
 3658
 3662
 3669
 3675
 3683
 3705
 3710
 3720
 3736
 3758
 3797
 3799
 3906
 3981
 3988
 4004
 4034
 4050
 4069
 4112
 4122
 4129
 4130
 4159
 4254
 4262
 4264
 4278
 4288
 4304
 4319
 4348
 4382
 4384
 4386
 4425
 4428
 4436
 4442
 4498
 4501
 4502
 4506
 4529
 4544
 4547
 4572
 4608
 4657
 4658
 4664
 4688
 4708
 4728
 4732
 4762
 4764
 4788
 4790
 4795
 4822
 4828
 4848
 4854
 4855
 4857
 4876
 4882
 4898
 4900
 4914
 4928
 4944
 4948
 4970
 4978
 4990
 4992
 5046
 5050
 5068
 5082
 5096
 5170
 5174
 5182
 5194
 5216
 5217
 5236
 5237
 5239
 5250
 5254
 5259
 5270
 5324
 5326
 5338
 5362
 5368
 5388
 5402
 5406
 5407
 5413
 5422
 5432
 5433
 5440
 5451
 5459
 5467
 5471
 5481
 5482
 5490
 5494
 5497
 5498
 5500
 5502
 5521
 5546
 5567
 5624
 5632
 5637
 5652
 5666
 5669
 5673
 5674
 5678
 5686
 5688
 5691
 5692
 5693
 5704
 5712
 5716
 5720
 5728
 5738
 5753
 5754
 5814
 5823
 5826
 5830
 5832
 5838
 5840
 5842
 5844
 5850
 5854
 5856
 5857
 5867
 5868
 5872
 5885
 5887
 5890
 5898
 5899
 5904
 5918
 5922
 5926
 5945
 5946
 5954
 5959
 5965
 5973
 5980
 5994
 6000
 6010
 6044
 6056
 6061
 6072
 6077
 6127
 6130
 6176
 6274
 6292
 6344
 6372
 6387
 6508
 6512
 6516
 6517
 6520
 6562
 6565
 6597
 6693
 6702
 6746
 6749
 6758
 6770
 6773
 6822
 6828
 6838
 6898
 6934
 6938
 6954
 6966
 6977
 7014
 7052
 7057
 7066
 7070
 7131
 7152
 7192
 7218
 7221
 7250
 7253
 7254
 7268
 7335
 7352
 7357
 7358
 7360
 7378
 7410
 7426
 7464
 7484
 7520
 7619
 7622
 7658
 7760
 7789
 7800
 7854
 7876
 7922
 7984
 8030
 8076
 8078
 8079
 8082
 8086
 8094
 8100
 8111
 8114
 8117
 8120
 8128
 8140
 8142
 8144
 8162
 8168
 8174
 8176
 8179
 8182
 8188
 8195
 8202
 8214
 8238
 8249
 8311
 8326
 8334
 8348
 8354
 8366
 8376
 8381
 8386
 8405
 8414
 8428
 8440
 8468
 8484
 8490
 8512
 8514
 8522
 8526
 8528
 8534
 8536
 8543
 8548
 8550
 8552
 8554
 8556
 8562
 8586
 8592
 8603
 8612
 8614
 8632
 8646
 8689
 8732
 8734
 8736
 8749
 8772
 8773
 8775
 8788
 8798
 8851
 8857
 8862
 8866
 8872
 8881
 8942
 8949
 8957
 8958
 8961
 8967
 8970
 8971
 8978
 8987
 9000
 9002
 9008
 9012
 9016
 9018
 9059
 9078
 9109
 9122
 9134
 9138
 9145
 9158
 9166
 9192
 9196
 9204
 9331
 9351
 9412
 9426
 9454
 9465
