Gene start, Gene end, Frame (1 & 4 =top; 2 & 5 = middle; 3 & 6 = bottom), Orientation (1=left to right; 2 = right to left)
1,1394,1,1
1394,4511,3,1
1389,1394,1,1
1394,1633,3,1
1412,4508,3,1
1634,1942,3,1
1943,3636,3,1
1943,3276,3,1
3637,4508,3,1
1,1673,1,1
1,451,1,1
452,1157,1,1
1158,1211,1,1
1212,1388,1,1
1389,1439,1,1
1440,1670,1,1
4456,5047,1,1
4987,5202,3,1
5204,5306,3,1
5278,5510,2,1
8232,8289,3,1
5426,5510,3,1
8232,8541,3,1
5558,5833,2,1
5727,8690,3,1
5832,7586,3,1
7587,8685,3,1
7780,7133,1,2
8727,9556,1,1

CSV Code:, 13
Y-axis label:, Log(P-val)/-log(P-val)
X-axis label:, Position in alignment
Maximum X-axis value:,9556
Plot data
Position in alignment, Recombination breakpoint number (200nt win), Upper 99% CI, Lower 99% CI, Upper 95% CI, Lower 95% CI
1,1.318759,-2,-2,-1.30103,-1.30103
3,1.244125,-2,2,-1.30103,1.30103
5,1.180456,-2,2,-1.30103,1.30103
7,1.130768,-2,2,-1.30103,1.30103
9,1.119186,-2,2,-1.30103,1.30103
11,1.69897,-2,2,-1.30103,1.30103
13,1.69897,-2,2,-1.30103,1.30103
15,1.677781,-2,2,-1.30103,1.30103
17,1.657577,-2,2,-1.30103,1.30103
19,1.677781,-2,2,-1.30103,1.30103
21,1.677781,-2,2,-1.30103,1.30103
23,1.167491,-2,2,-1.30103,1.30103
25,1.229148,-2,2,-1.30103,1.30103
27,1.283997,-2,2,-1.30103,1.30103
29,1.327902,-2,2,-1.30103,1.30103
31,1.327902,-2,2,-1.30103,1.30103
33,1.356547,-2,2,-1.30103,1.30103
35,1.356547,-2,2,-1.30103,1.30103
37,1.420216,-2,2,-1.30103,1.30103
39,1.420216,-2,2,-1.30103,1.30103
41,1.420216,-2,2,-1.30103,1.30103
43,1.49485,-2,2,-1.30103,1.30103
45,1.49485,-2,2,-1.30103,1.30103
47,1.522879,-2,2,-1.30103,1.30103
49,1.522879,-2,2,-1.30103,1.30103
51,1.537602,-2,2,-1.30103,1.30103
53,1.537602,-2,2,-1.30103,1.30103
55,1.552842,-2,2,-1.30103,1.30103
57,1.585027,-2,2,-1.30103,1.30103
59,1.585027,-2,2,-1.30103,1.30103
61,1.657577,-2,2,-1.30103,1.30103
63,1.619789,-2,2,-1.30103,1.30103
65,1.585027,-2,2,-1.30103,1.30103
67,1.619789,-2,2,-1.30103,1.30103
69,1.69897,-2,2,-1.30103,1.30103
71,1.69897,-2,2,-1.30103,1.30103
73,1.79588,-2,2,-1.30103,1.30103
75,1.79588,-2,2,-1.30103,1.30103
77,1.823909,-2,2,-1.30103,1.30103
79,1.853872,-2,2,-1.30103,1.30103
81,1.886057,-2,2,-1.30103,1.30103
83,2,-2,2,-1.30103,1.30103
85,2.154902,-2,2,-1.30103,1.30103
87,2.221849,-2,2,-1.30103,1.30103
89,2.221849,-2,2,-1.30103,1.30103
91,2.39794,-2,2,-1.30103,1.30103
93,2.39794,-2,2,-1.30103,1.30103
95,2.39794,-2,2,-1.30103,1.30103
97,2.69897,-2,2,-1.30103,1.30103
99,2.69897,-2,2,-1.30103,1.30103
101,2.69897,-2,2,-1.30103,1.30103
103,2.69897,-2,2,-1.30103,1.30103
105,2.69897,-2,2,-1.30103,1.30103
107,2.69897,-2,2,-1.30103,1.30103
109,2.69897,-2,2,-1.30103,1.30103
111,2.69897,-2,2,-1.30103,1.30103
113,2.69897,-2,2,-1.30103,1.30103
115,2.69897,-2,2,-1.30103,1.30103
117,2.69897,-2,2,-1.30103,1.30103
119,2.69897,-2,2,-1.30103,1.30103
121,2.69897,-2,2,-1.30103,1.30103
123,2.69897,-2,2,-1.30103,1.30103
125,2.69897,-2,2,-1.30103,1.30103
127,3.004365,-2,2,-1.30103,1.30103
129,3.004365,-2,2,-1.30103,1.30103
131,3.004365,-2,2,-1.30103,1.30103
133,3.004365,-2,2,-1.30103,1.30103
135,3.004365,-2,2,-1.30103,1.30103
137,3.004365,-2,2,-1.30103,1.30103
139,3.004365,-2,2,-1.30103,1.30103
141,3.004365,-2,2,-1.30103,1.30103
143,3.004365,-2,2,-1.30103,1.30103
145,2.69897,-2,2,-1.30103,1.30103
147,2.69897,-2,2,-1.30103,1.30103
149,2.69897,-2,2,-1.30103,1.30103
151,3,-2,2,-1.30103,1.30103
153,3.004365,-2,2,-1.30103,1.30103
155,3,-2,2,-1.30103,1.30103
157,3,-2,2,-1.30103,1.30103
159,3,-2,2,-1.30103,1.30103
161,3,-2,2,-1.30103,1.30103
163,3,-2,2,-1.30103,1.30103
165,3.004365,-2,2,-1.30103,1.30103
167,2.69897,-2,2,-1.30103,1.30103
169,2.69897,-2,2,-1.30103,1.30103
171,3.004365,-2,2,-1.30103,1.30103
173,3.004365,-2,2,-1.30103,1.30103
175,3.004365,-2,2,-1.30103,1.30103
177,2.69897,-2,2,-1.30103,1.30103
179,2.69897,-2,2,-1.30103,1.30103
181,2.69897,-2,2,-1.30103,1.30103
183,2.69897,-2,2,-1.30103,1.30103
185,2.39794,-2,2,-1.30103,1.30103
187,2.39794,-2,2,-1.30103,1.30103
189,2.39794,-2,2,-1.30103,1.30103
191,2.39794,-2,2,-1.30103,1.30103
193,2.221849,-2,2,-1.30103,1.30103
195,2.09691,-2,2,-1.30103,1.30103
197,2.09691,-2,2,-1.30103,1.30103
199,2.09691,-2,2,-1.30103,1.30103
201,2.09691,-2,2,-1.30103,1.30103
203,2.30103,-2,2,-1.30103,1.30103
205,1.721246,-2,2,-1.30103,1.30103
207,1.79588,-2,2,-1.30103,1.30103
209,1.79588,-2,2,-1.30103,1.30103
211,1.537602,-2,2,-1.30103,1.30103
213,1.537602,-2,2,-1.30103,1.30103
215,1.552842,-2,2,-1.30103,1.30103
217,1.251812,-2,2,-1.30103,1.30103
219,0.9586073,-2,2,-1.30103,1.30103
221,1.031517,-2,2,-1.30103,1.30103
223,1.327902,-2,2,-1.30103,1.30103
225,1.309804,-2,2,-1.30103,1.30103
227,1.318759,-2,2,-1.30103,1.30103
229,1.318759,-2,2,-1.30103,1.30103
231,1.356547,-2,2,-1.30103,1.30103
233,1.356547,-2,2,-1.30103,1.30103
235,1.318759,-2,2,-1.30103,1.30103
237,1.318759,-2,2,-1.30103,1.30103
239,1.318759,-2,2,-1.30103,1.30103
241,1.39794,-2,2,-1.30103,1.30103
243,1.045758,-2,2,-1.30103,1.30103
245,1.086186,-2,2,-1.30103,1.30103
247,1.070581,-2,2,-1.30103,1.30103
249,0.8761483,-2,2,-1.30103,1.30103
251,0.928118,-2,2,-1.30103,1.30103
253,0.7281584,-2,2,-1.30103,1.30103
255,0.7644715,-2,2,-1.30103,1.30103
257,0.7798919,-2,2,-1.30103,1.30103
259,0.8181564,-2,2,-1.30103,1.30103
261,0.8477117,-2,2,-1.30103,1.30103
263,0.8297383,-2,2,-1.30103,1.30103
265,0.8416375,-2,2,-1.30103,1.30103
267,0.8356472,-2,2,-1.30103,1.30103
269,0.8356472,-2,2,-1.30103,1.30103
271,0.7986029,-2,2,-1.30103,1.30103
273,0.79588,-2,2,-1.30103,1.30103
275,0.7375489,-2,2,-1.30103,1.30103
277,0.7212464,-2,2,-1.30103,1.30103
279,0.7121983,-2,2,-1.30103,1.30103
281,0.69897,-2,2,-1.30103,1.30103
283,0.6777807,-2,2,-1.30103,1.30103
285,0.5497509,-2,2,-1.30103,1.30103
287,0.4111683,-2,2,-1.30103,1.30103
289,0.3133637,-2,2,-1.30103,1.30103
291,-0.3089185,-2,2,-1.30103,1.30103
293,-0.3362991,-2,2,-1.30103,1.30103
295,-0.3151546,-2,2,-1.30103,1.30103
297,-0.3045183,-2,2,-1.30103,1.30103
299,0.3036436,-2,2,-1.30103,1.30103
301,-0.3306831,-2,2,-1.30103,1.30103
303,-0.3297541,-2,2,-1.30103,1.30103
305,-0.348722,-2,2,-1.30103,1.30103
307,-0.3851028,-2,2,-1.30103,1.30103
309,-0.4045038,-2,2,-1.30103,1.30103
311,-0.4067139,-2,2,-1.30103,1.30103
313,-0.4067139,-2,2,-1.30103,1.30103
315,-0.4078232,-2,2,-1.30103,1.30103
317,-0.4329736,-2,2,-1.30103,1.30103
319,-0.4329736,-2,2,-1.30103,1.30103
321,-0.44855,-2,2,-1.30103,1.30103
323,-0.4522253,-2,2,-1.30103,1.30103
325,-0.4788619,-2,2,-1.30103,1.30103
327,-0.489455,-2,2,-1.30103,1.30103
329,-0.5185574,-2,2,-1.30103,1.30103
331,-0.5228788,-2,2,-1.30103,1.30103
333,-0.5272436,-2,2,-1.30103,1.30103
335,-0.5331324,-2,2,-1.30103,1.30103
337,-0.530178,-2,2,-1.30103,1.30103
339,-0.7328283,-2,2,-1.30103,1.30103
341,-0.7328283,-2,2,-1.30103,1.30103
343,-0.9100949,-2,2,-1.30103,1.30103
345,-1.107905,-2,2,-1.30103,1.30103
347,-1.366531,-2,2,-1.30103,1.30103
349,-1.387216,-2,2,-1.30103,1.30103
351,-1.346787,-2,2,-1.30103,1.30103
353,-1.49485,-2,2,-1.30103,1.30103
355,-1.468521,-2,2,-1.30103,1.30103
357,-1.481486,-2,2,-1.30103,1.30103
359,-1.508638,-2,2,-1.30103,1.30103
361,-1.958607,-2,2,-1.30103,1.30103
363,-2.154902,-2,2,-1.30103,1.30103
365,-2.39794,-2,2,-1.30103,1.30103
367,-2.045758,-2,2,-1.30103,1.30103
369,-2.045758,-2,2,-1.30103,1.30103
371,-2.39794,-2,2,-1.30103,1.30103
373,-2.30103,-2,2,-1.30103,1.30103
375,-2.522879,-2,2,-1.30103,1.30103
377,-2.30103,-2,2,-1.30103,1.30103
379,-2.30103,-2,2,-1.30103,1.30103
381,-2.30103,-2,2,-1.30103,1.30103
383,-2.522879,-2,2,-1.30103,1.30103
385,-2.69897,-2,2,-1.30103,1.30103
387,-3,-2,2,-1.30103,1.30103
389,-3,-2,2,-1.30103,1.30103
391,-2.69897,-2,2,-1.30103,1.30103
393,-2.69897,-2,2,-1.30103,1.30103
395,-2.522879,-2,2,-1.30103,1.30103
397,-2.39794,-2,2,-1.30103,1.30103
399,-2.39794,-2,2,-1.30103,1.30103
401,-2.39794,-2,2,-1.30103,1.30103
403,-2.522879,-2,2,-1.30103,1.30103
405,-2.09691,-2,2,-1.30103,1.30103
407,-2.09691,-2,2,-1.30103,1.30103
409,-2.09691,-2,2,-1.30103,1.30103
411,-2.522879,-2,2,-1.30103,1.30103
413,-2.522879,-2,2,-1.30103,1.30103
415,-2.69897,-2,2,-1.30103,1.30103
417,-2.522879,-2,2,-1.30103,1.30103
419,-2.39794,-2,2,-1.30103,1.30103
421,-2.39794,-2,2,-1.30103,1.30103
423,-3,-2,2,-1.30103,1.30103
425,-3,-2,2,-1.30103,1.30103
427,-3,-2,2,-1.30103,1.30103
429,-3,-2,2,-1.30103,1.30103
431,-2.69897,-2,2,-1.30103,1.30103
433,-3,-2,2,-1.30103,1.30103
435,-3,-2,2,-1.30103,1.30103
437,-3,-2,2,-1.30103,1.30103
439,-3,-2,2,-1.30103,1.30103
441,-3,-2,2,-1.30103,1.30103
443,-3,-2,2,-1.30103,1.30103
445,-2.69897,-2,2,-1.30103,1.30103
447,-2.69897,-2,2,-1.30103,1.30103
449,-2.69897,-2,2,-1.30103,1.30103
451,-2.69897,-2,2,-1.30103,1.30103
453,-2.522879,-2,2,-1.30103,1.30103
455,-2.522879,-2,2,-1.30103,1.30103
457,-2.69897,-2,2,-1.30103,1.30103
459,-2.69897,-2,2,-1.30103,1.30103
461,-2.69897,-2,2,-1.30103,1.30103
463,-2.69897,-2,2,-1.30103,1.30103
465,-2.69897,-2,2,-1.30103,1.30103
467,-3,-2,2,-1.30103,1.30103
469,-3,-2,2,-1.30103,1.30103
471,-2.69897,-2,2,-1.30103,1.30103
473,-2.69897,-2,2,-1.30103,1.30103
475,-2.69897,-2,2,-1.30103,1.30103
477,-2.69897,-2,2,-1.30103,1.30103
479,-2.69897,-2,2,-1.30103,1.30103
481,-2.69897,-2,2,-1.30103,1.30103
483,-2.69897,-2,2,-1.30103,1.30103
485,-2.69897,-2,2,-1.30103,1.30103
487,-2.522879,-2,2,-1.30103,1.30103
489,-2.39794,-2,2,-1.30103,1.30103
491,-2.30103,-2,2,-1.30103,1.30103
493,-2.522879,-2,2,-1.30103,1.30103
495,-2.522879,-2,2,-1.30103,1.30103
497,-2.522879,-2,2,-1.30103,1.30103
499,-2.69897,-2,2,-1.30103,1.30103
501,-2.69897,-2,2,-1.30103,1.30103
503,-2.69897,-2,2,-1.30103,1.30103
505,-3,-2,2,-1.30103,1.30103
507,-3,-2,2,-1.30103,1.30103
509,-3,-2,2,-1.30103,1.30103
511,-2.69897,-2,2,-1.30103,1.30103
513,-2.69897,-2,2,-1.30103,1.30103
515,-2.69897,-2,2,-1.30103,1.30103
517,-2.522879,-2,2,-1.30103,1.30103
519,-2.522879,-2,2,-1.30103,1.30103
521,-2.69897,-2,2,-1.30103,1.30103
523,-2.30103,-2,2,-1.30103,1.30103
525,-2.30103,-2,2,-1.30103,1.30103
527,-2.30103,-2,2,-1.30103,1.30103
529,-2.30103,-2,2,-1.30103,1.30103
531,-2.30103,-2,2,-1.30103,1.30103
533,-2.30103,-2,2,-1.30103,1.30103
535,-2.221849,-2,2,-1.30103,1.30103
537,-2.09691,-2,2,-1.30103,1.30103
539,-1.537602,-2,2,-1.30103,1.30103
541,-1.769551,-2,2,-1.30103,1.30103
543,-1.537602,-2,2,-1.30103,1.30103
545,-1.275724,-2,2,-1.30103,1.30103
547,-0.9665762,-2,2,-1.30103,1.30103
549,-0.9746941,-2,2,-1.30103,1.30103
551,-0.9871628,-2,2,-1.30103,1.30103
553,-1.022276,-2,2,-1.30103,1.30103
555,-1.026872,-2,2,-1.30103,1.30103
557,-0.9956786,-2,2,-1.30103,1.30103
559,-0.9956786,-2,2,-1.30103,1.30103
561,-1.036212,-2,2,-1.30103,1.30103
563,-0.7825161,-2,2,-1.30103,1.30103
565,-0.5968795,-2,2,-1.30103,1.30103
567,-0.634512,-2,2,-1.30103,1.30103
569,-0.5421181,-2,2,-1.30103,1.30103
571,-0.5783961,-2,2,-1.30103,1.30103
573,-0.623423,-2,2,-1.30103,1.30103
575,-0.4685211,-2,2,-1.30103,1.30103
577,-0.4571746,-2,2,-1.30103,1.30103
579,-0.446117,-2,2,-1.30103,1.30103
581,-0.455932,-2,2,-1.30103,1.30103
583,-0.4762535,-2,2,-1.30103,1.30103
585,-0.3635121,-2,2,-1.30103,1.30103
587,-0.3665316,-2,2,-1.30103,1.30103
589,-0.3665316,-2,2,-1.30103,1.30103
591,-0.3736596,-2,2,-1.30103,1.30103
593,-0.4236586,-2,2,-1.30103,1.30103
595,-0.6326441,-2,2,-1.30103,1.30103
597,-0.6161847,-2,2,-1.30103,1.30103
599,-0.5543958,-2,2,-1.30103,1.30103
601,-0.5199931,-2,2,-1.30103,1.30103
603,-0.5185574,-2,2,-1.30103,1.30103
605,-0.5185574,-2,2,-1.30103,1.30103
607,-0.537602,-2,2,-1.30103,1.30103
609,-0.4854522,-2,2,-1.30103,1.30103
611,0.3205721,-2,2,-1.30103,1.30103
613,0.3233064,-2,2,-1.30103,1.30103
615,0.455932,-2,2,-1.30103,1.30103
617,0.4571746,-2,2,-1.30103,1.30103
619,0.4584208,-2,2,-1.30103,1.30103
621,0.4736607,-2,2,-1.30103,1.30103
623,0.3625103,-2,2,-1.30103,1.30103
625,0.4001169,-2,2,-1.30103,1.30103
627,0.3936186,-2,2,-1.30103,1.30103
629,0.5575202,-2,2,-1.30103,1.30103
631,0.5257837,-2,2,-1.30103,1.30103
633,0.5316527,-2,2,-1.30103,1.30103
635,0.5316527,-2,2,-1.30103,1.30103
637,0.5451552,-2,2,-1.30103,1.30103
639,0.7144427,-2,2,-1.30103,1.30103
641,0.7077439,-2,2,-1.30103,1.30103
643,0.730487,-2,2,-1.30103,1.30103
645,0.7077439,-2,2,-1.30103,1.30103
647,0.7077439,-2,2,-1.30103,1.30103
649,0.5003129,-2,2,-1.30103,1.30103
651,0.634512,-2,2,-1.30103,1.30103
653,0.4634416,-2,2,-1.30103,1.30103
655,0.4609239,-2,2,-1.30103,1.30103
657,0.4436975,-2,2,-1.30103,1.30103
659,0.4424928,-2,2,-1.30103,1.30103
661,0.4546929,-2,2,-1.30103,1.30103
663,0.4571746,-2,2,-1.30103,1.30103
665,0.4571746,-2,2,-1.30103,1.30103
667,0.4609239,-2,2,-1.30103,1.30103
669,0.4609239,-2,2,-1.30103,1.30103
671,0.4698003,-2,2,-1.30103,1.30103
673,0.4271284,-2,2,-1.30103,1.30103
675,0.4294571,-2,2,-1.30103,1.30103
677,0.4365189,-2,2,-1.30103,1.30103
679,0.4329736,-2,2,-1.30103,1.30103
681,0.4449055,-2,2,-1.30103,1.30103
683,0.4698003,-2,2,-1.30103,1.30103
685,0.6777807,-2,2,-1.30103,1.30103
687,0.653647,-2,2,-1.30103,1.30103
689,0.69897,-2,2,-1.30103,1.30103
691,0.69897,-2,2,-1.30103,1.30103
693,0.692504,-2,2,-1.30103,1.30103
695,0.7077439,-2,2,-1.30103,1.30103
697,0.7011469,-2,2,-1.30103,1.30103
699,0.7798919,-2,2,-1.30103,1.30103
701,0.7798919,-2,2,-1.30103,1.30103
703,0.7695511,-2,2,-1.30103,1.30103
705,0.7644715,-2,2,-1.30103,1.30103
707,0.7594507,-2,2,-1.30103,1.30103
709,0.7721133,-2,2,-1.30103,1.30103
711,0.7166988,-2,2,-1.30103,1.30103
713,0.6655462,-2,2,-1.30103,1.30103
715,0.6197888,-2,2,-1.30103,1.30103
717,0.6197888,-2,2,-1.30103,1.30103
719,0.6197888,-2,2,-1.30103,1.30103
721,0.6655462,-2,2,-1.30103,1.30103
723,0.6126102,-2,2,-1.30103,1.30103
725,0.6055483,-2,2,-1.30103,1.30103
727,0.60206,-2,2,-1.30103,1.30103
729,0.5783961,-2,2,-1.30103,1.30103
731,0.6307842,-2,2,-1.30103,1.30103
733,0.649752,-2,2,-1.30103,1.30103
735,0.6307842,-2,2,-1.30103,1.30103
737,0.6307842,-2,2,-1.30103,1.30103
739,0.5951663,-2,2,-1.30103,1.30103
741,0.7670039,-2,2,-1.30103,1.30103
743,0.8297383,-2,2,-1.30103,1.30103
745,0.8356472,-2,2,-1.30103,1.30103
747,0.7851561,-2,2,-1.30103,1.30103
749,0.8356472,-2,2,-1.30103,1.30103
751,0.8696662,-2,2,-1.30103,1.30103
753,0.8538719,-2,2,-1.30103,1.30103
755,0.8601209,-2,2,-1.30103,1.30103
757,0.8356472,-2,2,-1.30103,1.30103
759,0.8356472,-2,2,-1.30103,1.30103
761,1.173925,-2,2,-1.30103,1.30103
763,1.142668,-2,2,-1.30103,1.30103
765,1.091515,-2,2,-1.30103,1.30103
767,1.107905,-2,2,-1.30103,1.30103
769,1.113509,-2,2,-1.30103,1.30103
771,0.8477117,-2,2,-1.30103,1.30103
773,0.8794261,-2,2,-1.30103,1.30103
775,0.6635402,-2,2,-1.30103,1.30103
777,0.6575773,-2,2,-1.30103,1.30103
779,0.6615435,-2,2,-1.30103,1.30103
781,0.623423,-2,2,-1.30103,1.30103
783,0.623423,-2,2,-1.30103,1.30103
785,0.627088,-2,2,-1.30103,1.30103
787,0.623423,-2,2,-1.30103,1.30103
789,0.5951663,-2,2,-1.30103,1.30103
791,0.60206,-2,2,-1.30103,1.30103
793,0.6161847,-2,2,-1.30103,1.30103
795,0.8153086,-2,2,-1.30103,1.30103
797,0.8153086,-2,2,-1.30103,1.30103
799,0.7121983,-2,2,-1.30103,1.30103
801,0.6716204,-2,2,-1.30103,1.30103
803,0.6861328,-2,2,-1.30103,1.30103
805,0.6635402,-2,2,-1.30103,1.30103
807,0.7212464,-2,2,-1.30103,1.30103
809,0.7351822,-2,2,-1.30103,1.30103
811,0.6736642,-2,2,-1.30103,1.30103
813,0.6307842,-2,2,-1.30103,1.30103
815,0.6615435,-2,2,-1.30103,1.30103
817,0.6615435,-2,2,-1.30103,1.30103
819,0.6478175,-2,2,-1.30103,1.30103
821,0.6736642,-2,2,-1.30103,1.30103
823,0.8794261,-2,2,-1.30103,1.30103
825,0.8794261,-2,2,-1.30103,1.30103
827,0.8181564,-2,2,-1.30103,1.30103
829,0.8124793,-2,2,-1.30103,1.30103
831,0.8041003,-2,2,-1.30103,1.30103
833,0.8728952,-2,2,-1.30103,1.30103
835,0.8728952,-2,2,-1.30103,1.30103
837,0.8068754,-2,2,-1.30103,1.30103
839,0.8664611,-2,2,-1.30103,1.30103
841,0.8507809,-2,2,-1.30103,1.30103
843,0.8068754,-2,2,-1.30103,1.30103
845,0.8297383,-2,2,-1.30103,1.30103
847,0.8728952,-2,2,-1.30103,1.30103
849,1.180456,-2,2,-1.30103,1.30103
851,1.187087,-2,2,-1.30103,1.30103
853,1.69897,-2,2,-1.30103,1.30103
855,1.69897,-2,2,-1.30103,1.30103
857,1.677781,-2,2,-1.30103,1.30103
859,1.69897,-2,2,-1.30103,1.30103
861,1.69897,-2,2,-1.30103,1.30103
863,1.769551,-2,2,-1.30103,1.30103
865,1.744727,-2,2,-1.30103,1.30103
867,1.744727,-2,2,-1.30103,1.30103
869,1.79588,-2,2,-1.30103,1.30103
871,1.853872,-2,2,-1.30103,1.30103
873,1.853872,-2,2,-1.30103,1.30103
875,1.853872,-2,2,-1.30103,1.30103
877,1.920819,-2,2,-1.30103,1.30103
879,1.958607,-2,2,-1.30103,1.30103
881,2.09691,-2,2,-1.30103,1.30103
883,1.958607,-2,2,-1.30103,1.30103
885,1.920819,-2,2,-1.30103,1.30103
887,2,-2,2,-1.30103,1.30103
889,2,-2,2,-1.30103,1.30103
891,2,-2,2,-1.30103,1.30103
893,2,-2,2,-1.30103,1.30103
895,2,-2,2,-1.30103,1.30103
897,2.09691,-2,2,-1.30103,1.30103
899,2.09691,-2,2,-1.30103,1.30103
901,2.045758,-2,2,-1.30103,1.30103
903,1.508638,-2,2,-1.30103,1.30103
905,1.619789,-2,2,-1.30103,1.30103
907,1.619789,-2,2,-1.30103,1.30103
909,1.619789,-2,2,-1.30103,1.30103
911,1.638272,-2,2,-1.30103,1.30103
913,1.79588,-2,2,-1.30103,1.30103
915,1.79588,-2,2,-1.30103,1.30103
917,1.79588,-2,2,-1.30103,1.30103
919,1.356547,-2,2,-1.30103,1.30103
921,1.236572,-2,2,-1.30103,1.30103
923,1.229148,-2,2,-1.30103,1.30103
925,1.259637,-2,2,-1.30103,1.30103
927,1.267606,-2,2,-1.30103,1.30103
929,1.309804,-2,2,-1.30103,1.30103
931,1.309804,-2,2,-1.30103,1.30103
933,1.346787,-2,2,-1.30103,1.30103
935,1.420216,-2,2,-1.30103,1.30103
937,1.431798,-2,2,-1.30103,1.30103
939,1.431798,-2,2,-1.30103,1.30103
941,1.420216,-2,2,-1.30103,1.30103
943,1.318759,-2,2,-1.30103,1.30103
945,1.318759,-2,2,-1.30103,1.30103
947,1.376751,-2,2,-1.30103,1.30103
949,1.356547,-2,2,-1.30103,1.30103
951,1.356547,-2,2,-1.30103,1.30103
953,1.327902,-2,2,-1.30103,1.30103
955,1.376751,-2,2,-1.30103,1.30103
957,1.060481,-2,2,-1.30103,1.30103
959,1.060481,-2,2,-1.30103,1.30103
961,1.119186,-2,2,-1.30103,1.30103
963,1.180456,-2,2,-1.30103,1.30103
965,1.251812,-2,2,-1.30103,1.30103
967,1.283997,-2,2,-1.30103,1.30103
969,1.283997,-2,2,-1.30103,1.30103
971,1.619789,-2,2,-1.30103,1.30103
973,1.585027,-2,2,-1.30103,1.30103
975,1.920819,-2,2,-1.30103,1.30103
977,1.920819,-2,2,-1.30103,1.30103
979,2,-2,2,-1.30103,1.30103
981,1.619789,-2,2,-1.30103,1.30103
983,1.69897,-2,2,-1.30103,1.30103
985,1.69897,-2,2,-1.30103,1.30103
987,1.337242,-2,2,-1.30103,1.30103
989,1.102373,-2,2,-1.30103,1.30103
991,0.8569852,-2,2,-1.30103,1.30103
993,0.9136401,-2,2,-1.30103,1.30103
995,0.7166988,-2,2,-1.30103,1.30103
997,0.7258422,-2,2,-1.30103,1.30103
999,0.7258422,-2,2,-1.30103,1.30103
1001,0.7399286,-2,2,-1.30103,1.30103
1003,0.7399286,-2,2,-1.30103,1.30103
1005,0.7399286,-2,2,-1.30103,1.30103
1007,0.5199931,-2,2,-1.30103,1.30103
1009,0.4522253,-2,2,-1.30103,1.30103
1011,0.3223931,-2,2,-1.30103,1.30103
1013,0.3223931,-2,2,-1.30103,1.30103
1015,0.3196645,-2,2,-1.30103,1.30103
1017,-0.3605135,-2,2,-1.30103,1.30103
1019,-0.5900669,-2,2,-1.30103,1.30103
1021,-0.59176,-2,2,-1.30103,1.30103
1023,-0.59176,-2,2,-1.30103,1.30103
1025,-0.5883803,-2,2,-1.30103,1.30103
1027,-0.6326441,-2,2,-1.30103,1.30103
1029,-0.627088,-2,2,-1.30103,1.30103
1031,-0.5900669,-2,2,-1.30103,1.30103
1033,-0.7619539,-2,2,-1.30103,1.30103
1035,-0.7619539,-2,2,-1.30103,1.30103
1037,-0.838632,-2,2,-1.30103,1.30103
1039,-0.8632795,-2,2,-1.30103,1.30103
1041,-1.267606,-2,2,-1.30103,1.30103
1043,-1.207608,-2,2,-1.30103,1.30103
1045,-1.251812,-2,2,-1.30103,1.30103
1047,-1.408935,-2,2,-1.30103,1.30103
1049,-1.49485,-2,2,-1.30103,1.30103
1051,-1.408935,-2,2,-1.30103,1.30103
1053,-1.387216,-2,2,-1.30103,1.30103
1055,-1.387216,-2,2,-1.30103,1.30103
1057,-1.60206,-2,2,-1.30103,1.30103
1059,-1.585027,-2,2,-1.30103,1.30103
1061,-2.045758,-2,2,-1.30103,1.30103
1063,-1.920819,-2,2,-1.30103,1.30103
1065,-1.958607,-2,2,-1.30103,1.30103
1067,-1.958607,-2,2,-1.30103,1.30103
1069,-2.09691,-2,2,-1.30103,1.30103
1071,-2.045758,-2,2,-1.30103,1.30103
1073,-2.09691,-2,2,-1.30103,1.30103
1075,-2.221849,-2,2,-1.30103,1.30103
1077,-1.853872,-2,2,-1.30103,1.30103
1079,-1.79588,-2,2,-1.30103,1.30103
1081,-1.677781,-2,2,-1.30103,1.30103
1083,-1.522879,-2,2,-1.30103,1.30103
1085,-1.431798,-2,2,-1.30103,1.30103
1087,-1.468521,-2,2,-1.30103,1.30103
1089,-1.468521,-2,2,-1.30103,1.30103
1091,-1.552842,-2,2,-1.30103,1.30103
1093,-1.568636,-2,2,-1.30103,1.30103
1095,-1.568636,-2,2,-1.30103,1.30103
1097,-1.69897,-2,2,-1.30103,1.30103
1099,-1.769551,-2,2,-1.30103,1.30103
1101,-2.154902,-2,2,-1.30103,1.30103
1103,-1.677781,-2,2,-1.30103,1.30103
1105,-1.920819,-2,2,-1.30103,1.30103
1107,-1.769551,-2,2,-1.30103,1.30103
1109,-1.769551,-2,2,-1.30103,1.30103
1111,-1.79588,-2,2,-1.30103,1.30103
1113,-1.823909,-2,2,-1.30103,1.30103
1115,-1.853872,-2,2,-1.30103,1.30103
1117,-1.823909,-2,2,-1.30103,1.30103
1119,-1.537602,-2,2,-1.30103,1.30103
1121,-1.356547,-2,2,-1.30103,1.30103
1123,-1.327902,-2,2,-1.30103,1.30103
1125,-1.327902,-2,2,-1.30103,1.30103
1127,-1.508638,-2,2,-1.30103,1.30103
1129,-1.508638,-2,2,-1.30103,1.30103
1131,-1.431798,-2,2,-1.30103,1.30103
1133,-1.49485,-2,2,-1.30103,1.30103
1135,-1.537602,-2,2,-1.30103,1.30103
1137,-1.468521,-2,2,-1.30103,1.30103
1139,-1.420216,-2,2,-1.30103,1.30103
1141,-1.327902,-2,2,-1.30103,1.30103
1143,-1.455932,-2,2,-1.30103,1.30103
1145,-1.420216,-2,2,-1.30103,1.30103
1147,-1.366531,-2,2,-1.30103,1.30103
1149,-1.638272,-2,2,-1.30103,1.30103
1151,-1.721246,-2,2,-1.30103,1.30103
1153,-1.958607,-2,2,-1.30103,1.30103
1155,-1.958607,-2,2,-1.30103,1.30103
1157,-1.744727,-2,2,-1.30103,1.30103
1159,-1.677781,-2,2,-1.30103,1.30103
1161,-1.677781,-2,2,-1.30103,1.30103
1163,-1.677781,-2,2,-1.30103,1.30103
1165,-1.769551,-2,2,-1.30103,1.30103
1167,-1.769551,-2,2,-1.30103,1.30103
1169,-1.79588,-2,2,-1.30103,1.30103
1171,-1.79588,-2,2,-1.30103,1.30103
1173,-1.853872,-2,2,-1.30103,1.30103
1175,-1.769551,-2,2,-1.30103,1.30103
1177,-1.744727,-2,2,-1.30103,1.30103
1179,-1.769551,-2,2,-1.30103,1.30103
1181,-1.60206,-2,2,-1.30103,1.30103
1183,-1.823909,-2,2,-1.30103,1.30103
1185,-1.823909,-2,2,-1.30103,1.30103
1187,-1.522879,-2,2,-1.30103,1.30103
1189,-1.318759,-2,2,-1.30103,1.30103
1191,-1.080922,-2,2,-1.30103,1.30103
1193,-1.142668,-2,2,-1.30103,1.30103
1195,-0.924453,-2,2,-1.30103,1.30103
1197,-0.9788107,-2,2,-1.30103,1.30103
1199,-0.9665762,-2,2,-1.30103,1.30103
1201,-0.9469215,-2,2,-1.30103,1.30103
1203,-1.136677,-2,2,-1.30103,1.30103
1205,-1.130768,-2,2,-1.30103,1.30103
1207,-0.9100949,-2,2,-1.30103,1.30103
1209,-1.119186,-2,2,-1.30103,1.30103
1211,-0.8538719,-2,2,-1.30103,1.30103
1213,-1.036212,-2,2,-1.30103,1.30103
1215,-1.017729,-2,2,-1.30103,1.30103
1217,-1.004365,-2,2,-1.30103,1.30103
1219,-0.6757175,-2,2,-1.30103,1.30103
1221,-0.6798537,-2,2,-1.30103,1.30103
1223,-0.6882461,-2,2,-1.30103,1.30103
1225,-0.6840296,-2,2,-1.30103,1.30103
1227,-0.6757175,-2,2,-1.30103,1.30103
1229,-0.6757175,-2,2,-1.30103,1.30103
1231,-0.7121983,-2,2,-1.30103,1.30103
1233,-0.5638373,-2,2,-1.30103,1.30103
1235,-0.5331324,-2,2,-1.30103,1.30103
1237,-0.4012095,-2,2,-1.30103,1.30103
1239,-0.4341522,-2,2,-1.30103,1.30103
1241,0.3316141,-2,2,-1.30103,1.30103
1243,0.3142582,-2,2,-1.30103,1.30103
1245,0.3142582,-2,2,-1.30103,1.30103
1247,0.4236586,-2,2,-1.30103,1.30103
1249,0.419075,-2,2,-1.30103,1.30103
1251,0.4179366,-2,2,-1.30103,1.30103
1253,-0.4907975,-2,2,-1.30103,1.30103
1255,-0.634512,-2,2,-1.30103,1.30103
1257,-0.7986029,-2,2,-1.30103,1.30103
1259,-0.7721133,-2,2,-1.30103,1.30103
1261,-0.59176,-2,2,-1.30103,1.30103
1263,-0.5850267,-2,2,-1.30103,1.30103
1265,-0.5883803,-2,2,-1.30103,1.30103
1267,-0.5900669,-2,2,-1.30103,1.30103
1269,-0.5900669,-2,2,-1.30103,1.30103
1271,-0.59176,-2,2,-1.30103,1.30103
1273,-0.6307842,-2,2,-1.30103,1.30103
1275,-0.6382722,-2,2,-1.30103,1.30103
1277,-0.8297383,-2,2,-1.30103,1.30103
1279,-0.8538719,-2,2,-1.30103,1.30103
1281,-0.950782,-2,2,-1.30103,1.30103
1283,-1.060481,-2,2,-1.30103,1.30103
1285,-1.207608,-2,2,-1.30103,1.30103
1287,-1.309804,-2,2,-1.30103,1.30103
1289,-1.79588,-2,2,-1.30103,1.30103
1291,-1.79588,-2,2,-1.30103,1.30103
1293,-1.744727,-2,2,-1.30103,1.30103
1295,-1.744727,-2,2,-1.30103,1.30103
1297,-1.721246,-2,2,-1.30103,1.30103
1299,-1.853872,-2,2,-1.30103,1.30103
1301,-1.508638,-2,2,-1.30103,1.30103
1303,-1.677781,-2,2,-1.30103,1.30103
1305,-1.619789,-2,2,-1.30103,1.30103
1307,-1.823909,-2,2,-1.30103,1.30103
1309,-2.221849,-2,2,-1.30103,1.30103
1311,-2.69897,-2,2,-1.30103,1.30103
1313,-2.69897,-2,2,-1.30103,1.30103
1315,-2.39794,-2,2,-1.30103,1.30103
1317,-2.39794,-2,2,-1.30103,1.30103
1319,-2.522879,-2,2,-1.30103,1.30103
1321,-2.522879,-2,2,-1.30103,1.30103
1323,-2.522879,-2,2,-1.30103,1.30103
1325,-2.522879,-2,2,-1.30103,1.30103
1327,-2.522879,-2,2,-1.30103,1.30103
1329,-2.522879,-2,2,-1.30103,1.30103
1331,-2.522879,-2,2,-1.30103,1.30103
1333,-2.69897,-2,2,-1.30103,1.30103
1335,-3.004365,-2,2,-1.30103,1.30103
1337,-3.004365,-2,2,-1.30103,1.30103
1339,-3.004365,-2,2,-1.30103,1.30103
1341,-3.004365,-2,2,-1.30103,1.30103
1343,-3.004365,-2,2,-1.30103,1.30103
1345,-3.004365,-2,2,-1.30103,1.30103
1347,-3.004365,-2,2,-1.30103,1.30103
1349,-3.004365,-2,2,-1.30103,1.30103
1351,-3.004365,-2,2,-1.30103,1.30103
1353,-3.004365,-2,2,-1.30103,1.30103
1355,-3.004365,-2,2,-1.30103,1.30103
1357,-3.004365,-2,2,-1.30103,1.30103
1359,-3.004365,-2,2,-1.30103,1.30103
1361,-3.004365,-2,2,-1.30103,1.30103
1363,-3.004365,-2,2,-1.30103,1.30103
1365,-3.004365,-2,2,-1.30103,1.30103
1367,-3.004365,-2,2,-1.30103,1.30103
1369,-3.004365,-2,2,-1.30103,1.30103
1371,-3.004365,-2,2,-1.30103,1.30103
1373,-3.004365,-2,2,-1.30103,1.30103
1375,-3.004365,-2,2,-1.30103,1.30103
1377,-3.004365,-2,2,-1.30103,1.30103
1379,-3.004365,-2,2,-1.30103,1.30103
1381,-3.004365,-2,2,-1.30103,1.30103
1383,-3.004365,-2,2,-1.30103,1.30103
1385,-3.004365,-2,2,-1.30103,1.30103
1387,-3.004365,-2,2,-1.30103,1.30103
1389,-3.004365,-2,2,-1.30103,1.30103
1391,-3.004365,-2,2,-1.30103,1.30103
1393,-3.004365,-2,2,-1.30103,1.30103
1395,-3.004365,-2,2,-1.30103,1.30103
1397,-3.004365,-2,2,-1.30103,1.30103
1399,-3.004365,-2,2,-1.30103,1.30103
1401,-3.004365,-2,2,-1.30103,1.30103
1403,-3.004365,-2,2,-1.30103,1.30103
1405,-3.004365,-2,2,-1.30103,1.30103
1407,-3.004365,-2,2,-1.30103,1.30103
1409,-3.004365,-2,2,-1.30103,1.30103
1411,-3.004365,-2,2,-1.30103,1.30103
1413,-3.004365,-2,2,-1.30103,1.30103
1415,-3.004365,-2,2,-1.30103,1.30103
1417,-3.004365,-2,2,-1.30103,1.30103
1419,-3.004365,-2,2,-1.30103,1.30103
1421,-3.004365,-2,2,-1.30103,1.30103
1423,-3.004365,-2,2,-1.30103,1.30103
1425,-3.004365,-2,2,-1.30103,1.30103
1427,-3.004365,-2,2,-1.30103,1.30103
1429,-3.004365,-2,2,-1.30103,1.30103
1431,-3.004365,-2,2,-1.30103,1.30103
1433,-3.004365,-2,2,-1.30103,1.30103
1435,-3.004365,-2,2,-1.30103,1.30103
1437,-3.004365,-2,2,-1.30103,1.30103
1439,-3.004365,-2,2,-1.30103,1.30103
1441,-3.004365,-2,2,-1.30103,1.30103
1443,-3.004365,-2,2,-1.30103,1.30103
1445,-3.004365,-2,2,-1.30103,1.30103
1447,-3.004365,-2,2,-1.30103,1.30103
1449,-3.004365,-2,2,-1.30103,1.30103
1451,-3.004365,-2,2,-1.30103,1.30103
1453,-3.004365,-2,2,-1.30103,1.30103
1455,-3.004365,-2,2,-1.30103,1.30103
1457,-2.30103,-2,2,-1.30103,1.30103
1459,-2.522879,-2,2,-1.30103,1.30103
1461,-2.522879,-2,2,-1.30103,1.30103
1463,-2.39794,-2,2,-1.30103,1.30103
1465,-3.004365,-2,2,-1.30103,1.30103
1467,-3,-2,2,-1.30103,1.30103
1469,-3,-2,2,-1.30103,1.30103
1471,-3,-2,2,-1.30103,1.30103
1473,-3,-2,2,-1.30103,1.30103
1475,-3,-2,2,-1.30103,1.30103
1477,-2.522879,-2,2,-1.30103,1.30103
1479,-2.522879,-2,2,-1.30103,1.30103
1481,-2.522879,-2,2,-1.30103,1.30103
1483,-2.522879,-2,2,-1.30103,1.30103
1485,-2.522879,-2,2,-1.30103,1.30103
1487,-2.39794,-2,2,-1.30103,1.30103
1489,-2.045758,-2,2,-1.30103,1.30103
1491,-2,-2,2,-1.30103,1.30103
1493,-1.958607,-2,2,-1.30103,1.30103
1495,-2,-2,2,-1.30103,1.30103
1497,-1.853872,-2,2,-1.30103,1.30103
1499,-1.508638,-2,2,-1.30103,1.30103
1501,-1.455932,-2,2,-1.30103,1.30103
1503,-1.200659,-2,2,-1.30103,1.30103
1505,-1.251812,-2,2,-1.30103,1.30103
1507,-1.251812,-2,2,-1.30103,1.30103
1509,-1.102373,-2,2,-1.30103,1.30103
1511,-0.954677,-2,2,-1.30103,1.30103
1513,-0.9586073,-2,2,-1.30103,1.30103
1515,-1.040959,-2,2,-1.30103,1.30103
1517,-1.05061,-2,2,-1.30103,1.30103
1519,-0.8996295,-2,2,-1.30103,1.30103
1521,-0.8761483,-2,2,-1.30103,1.30103
1523,-0.90309,-2,2,-1.30103,1.30103
1525,-0.89279,-2,2,-1.30103,1.30103
1527,-1.004365,-2,2,-1.30103,1.30103
1529,-1.102373,-2,2,-1.30103,1.30103
1531,-1.251812,-2,2,-1.30103,1.30103
1533,-1.040959,-2,2,-1.30103,1.30103
1535,-0.7825161,-2,2,-1.30103,1.30103
1537,-0.5114493,-2,2,-1.30103,1.30103
1539,-0.4907975,-2,2,-1.30103,1.30103
1541,-0.5214335,-2,2,-1.30103,1.30103
1543,-0.7544873,-2,2,-1.30103,1.30103
1545,-0.4907975,-2,2,-1.30103,1.30103
1547,-0.4989407,-2,2,-1.30103,1.30103
1549,-0.5243288,-2,2,-1.30103,1.30103
1551,-0.4089354,-2,2,-1.30103,1.30103
1553,-0.4282912,-2,2,-1.30103,1.30103
1555,-0.4365189,-2,2,-1.30103,1.30103
1557,-0.4436975,-2,2,-1.30103,1.30103
1559,-0.4710833,-2,2,-1.30103,1.30103
1561,-0.4436975,-2,2,-1.30103,1.30103
1563,-0.530178,-2,2,-1.30103,1.30103
1565,-0.537602,-2,2,-1.30103,1.30103
1567,-0.4989407,-2,2,-1.30103,1.30103
1569,-0.4867824,-2,2,-1.30103,1.30103
1571,-0.4609239,-2,2,-1.30103,1.30103
1573,-0.4596705,-2,2,-1.30103,1.30103
1575,-0.4067139,-2,2,-1.30103,1.30103
1577,-0.3705904,-2,2,-1.30103,1.30103
1579,-0.3705904,-2,2,-1.30103,1.30103
1581,-0.3362991,-2,2,-1.30103,1.30103
1583,-0.335358,-2,2,-1.30103,1.30103
1585,0.334419,-2,2,-1.30103,1.30103
1587,0.352617,-2,2,-1.30103,1.30103
1589,0.3872162,-2,2,-1.30103,1.30103
1591,0.3045183,-2,2,-1.30103,1.30103
1593,0.3410352,-2,2,-1.30103,1.30103
1595,0.3419886,-2,2,-1.30103,1.30103
1597,0.3585259,-2,2,-1.30103,1.30103
1599,0.3705904,-2,2,-1.30103,1.30103
1601,0.4736607,-2,2,-1.30103,1.30103
1603,0.4828041,-2,2,-1.30103,1.30103
1605,0.4828041,-2,2,-1.30103,1.30103
1607,0.3605135,-2,2,-1.30103,1.30103
1609,0.3381873,-2,2,-1.30103,1.30103
1611,0.3545777,-2,2,-1.30103,1.30103
1613,0.3545777,-2,2,-1.30103,1.30103
1615,0.348722,-2,2,-1.30103,1.30103
1617,0.3242217,-2,2,-1.30103,1.30103
1619,0.4156688,-2,2,-1.30103,1.30103
1621,0.3705904,-2,2,-1.30103,1.30103
1623,0.3467875,-2,2,-1.30103,1.30103
1625,0.4225082,-2,2,-1.30103,1.30103
1627,0.3665316,-2,2,-1.30103,1.30103
1629,0.4584208,-2,2,-1.30103,1.30103
1631,0.44855,-2,2,-1.30103,1.30103
1633,0.455932,-2,2,-1.30103,1.30103
1635,0.4584208,-2,2,-1.30103,1.30103
1637,0.4609239,-2,2,-1.30103,1.30103
1639,0.4672456,-2,2,-1.30103,1.30103
1641,0.5171264,-2,2,-1.30103,1.30103
1643,0.5171264,-2,2,-1.30103,1.30103
1645,0.5171264,-2,2,-1.30103,1.30103
1647,0.5171264,-2,2,-1.30103,1.30103
1649,0.4045038,-2,2,-1.30103,1.30103
1651,0.4023048,-2,2,-1.30103,1.30103
1653,0.4202164,-2,2,-1.30103,1.30103
1655,0.4089354,-2,2,-1.30103,1.30103
1657,0.3936186,-2,2,-1.30103,1.30103
1659,0.391474,-2,2,-1.30103,1.30103
1661,0.3726341,-2,2,-1.30103,1.30103
1663,0.334419,-2,2,-1.30103,1.30103
1665,0.5850267,-2,2,-1.30103,1.30103
1667,0.7258422,-2,2,-1.30103,1.30103
1669,0.6736642,-2,2,-1.30103,1.30103
1671,1.031517,-2,2,-1.30103,1.30103
1673,1.045758,-2,2,-1.30103,1.30103
1675,1.017729,-2,2,-1.30103,1.30103
1677,0.9625735,-2,2,-1.30103,1.30103
1679,0.69897,-2,2,-1.30103,1.30103
1681,0.6819367,-2,2,-1.30103,1.30103
1683,0.4659739,-2,2,-1.30103,1.30103
1685,0.4225082,-2,2,-1.30103,1.30103
1687,0.3665316,-2,2,-1.30103,1.30103
1689,0.3316141,-2,2,-1.30103,1.30103
1691,-0.3106911,-2,2,-1.30103,1.30103
1693,-0.3467875,-2,2,-1.30103,1.30103
1695,0.3242217,-2,2,-1.30103,1.30103
1697,-0.3798639,-2,2,-1.30103,1.30103
1699,-0.4412914,-2,2,-1.30103,1.30103
1701,-0.5128616,-2,2,-1.30103,1.30103
1703,-0.49485,-2,2,-1.30103,1.30103
1705,-0.493495,-2,2,-1.30103,1.30103
1707,-0.4775558,-2,2,-1.30103,1.30103
1709,-0.4571746,-2,2,-1.30103,1.30103
1711,-0.4571746,-2,2,-1.30103,1.30103
1713,-0.5985994,-2,2,-1.30103,1.30103
1715,-0.536107,-2,2,-1.30103,1.30103
1717,-0.537602,-2,2,-1.30103,1.30103
1719,-0.493495,-2,2,-1.30103,1.30103
1721,-0.5199931,-2,2,-1.30103,1.30103
1723,-0.5436339,-2,2,-1.30103,1.30103
1725,-0.5171264,-2,2,-1.30103,1.30103
1727,-0.537602,-2,2,-1.30103,1.30103
1729,-0.4023048,-2,2,-1.30103,1.30103
1731,-0.3279021,-2,2,-1.30103,1.30103
1733,-0.3316141,-2,2,-1.30103,1.30103
1735,-0.3133637,-2,2,-1.30103,1.30103
1737,-0.3080349,-2,2,-1.30103,1.30103
1739,0.3027706,-2,2,-1.30103,1.30103
1741,-0.3160529,-2,2,-1.30103,1.30103
1743,0.4497716,-2,2,-1.30103,1.30103
1745,0.4762535,-2,2,-1.30103,1.30103
1747,0.4762535,-2,2,-1.30103,1.30103
1749,0.5185574,-2,2,-1.30103,1.30103
1751,0.5606673,-2,2,-1.30103,1.30103
1753,0.5883803,-2,2,-1.30103,1.30103
1755,0.6055483,-2,2,-1.30103,1.30103
1757,0.6252517,-2,2,-1.30103,1.30103
1759,0.4814861,-2,2,-1.30103,1.30103
1761,0.4775558,-2,2,-1.30103,1.30103
1763,0.4534573,-2,2,-1.30103,1.30103
1765,0.4134127,-2,2,-1.30103,1.30103
1767,0.4067139,-2,2,-1.30103,1.30103
1769,0.3767507,-2,2,-1.30103,1.30103
1771,-0.335358,-2,2,-1.30103,1.30103
1773,-0.3205721,-2,2,-1.30103,1.30103
1775,-0.3362991,-2,2,-1.30103,1.30103
1777,-0.3381873,-2,2,-1.30103,1.30103
1779,-0.3372422,-2,2,-1.30103,1.30103
1781,-0.3535963,-2,2,-1.30103,1.30103
1783,-0.3585259,-2,2,-1.30103,1.30103
1785,-0.3851028,-2,2,-1.30103,1.30103
1787,-0.3851028,-2,2,-1.30103,1.30103
1789,-0.4388986,-2,2,-1.30103,1.30103
1791,-0.3242217,-2,2,-1.30103,1.30103
1793,-0.3467875,-2,2,-1.30103,1.30103
1795,-0.3705904,-2,2,-1.30103,1.30103
1797,-0.3957739,-2,2,-1.30103,1.30103
1799,-0.3957739,-2,2,-1.30103,1.30103
1801,-0.4145393,-2,2,-1.30103,1.30103
1803,-0.4259687,-2,2,-1.30103,1.30103
1805,-0.3968556,-2,2,-1.30103,1.30103
1807,-0.3297541,-2,2,-1.30103,1.30103
1809,-0.3133637,-2,2,-1.30103,1.30103
1811,0.3187588,-2,2,-1.30103,1.30103
1813,-0.3027706,-2,2,-1.30103,1.30103
1815,-0.3027706,-2,2,-1.30103,1.30103
1817,0.306273,-2,2,-1.30103,1.30103
1819,0.3279021,-2,2,-1.30103,1.30103
1821,0.3316141,-2,2,-1.30103,1.30103
1823,0.3575355,-2,2,-1.30103,1.30103
1825,0.3605135,-2,2,-1.30103,1.30103
1827,-0.335358,-2,2,-1.30103,1.30103
1829,-0.335358,-2,2,-1.30103,1.30103
1831,-0.3018995,-2,2,-1.30103,1.30103
1833,0.3115802,-2,2,-1.30103,1.30103
1835,-0.4749552,-2,2,-1.30103,1.30103
1837,-0.4710833,-2,2,-1.30103,1.30103
1839,-0.4698003,-2,2,-1.30103,1.30103
1841,-0.6307842,-2,2,-1.30103,1.30103
1843,-0.6615435,-2,2,-1.30103,1.30103
1845,-0.6252517,-2,2,-1.30103,1.30103
1847,-0.6216021,-2,2,-1.30103,1.30103
1849,-0.4534573,-2,2,-1.30103,1.30103
1851,-0.4867824,-2,2,-1.30103,1.30103
1853,-0.89279,-2,2,-1.30103,1.30103
1855,-0.8761483,-2,2,-1.30103,1.30103
1857,-1.142668,-2,2,-1.30103,1.30103
1859,-1.130768,-2,2,-1.30103,1.30103
1861,-1.060481,-2,2,-1.30103,1.30103
1863,-1.045758,-2,2,-1.30103,1.30103
1865,-1.05061,-2,2,-1.30103,1.30103
1867,-1.065502,-2,2,-1.30103,1.30103
1869,-1.086186,-2,2,-1.30103,1.30103
1871,-1.327902,-2,2,-1.30103,1.30103
1873,-1.309804,-2,2,-1.30103,1.30103
1875,-1.275724,-2,2,-1.30103,1.30103
1877,-1.267606,-2,2,-1.30103,1.30103
1879,-1.251812,-2,2,-1.30103,1.30103
1881,-1.244125,-2,2,-1.30103,1.30103
1883,-1.004365,-2,2,-1.30103,1.30103
1885,-1.244125,-2,2,-1.30103,1.30103
1887,-1.21467,-2,2,-1.30103,1.30103
1889,-1.229148,-2,2,-1.30103,1.30103
1891,-1.522879,-2,2,-1.30103,1.30103
1893,-1.508638,-2,2,-1.30103,1.30103
1895,-1.508638,-2,2,-1.30103,1.30103
1897,-1.180456,-2,2,-1.30103,1.30103
1899,-1.19382,-2,2,-1.30103,1.30103
1901,-1.19382,-2,2,-1.30103,1.30103
1903,-1.070581,-2,2,-1.30103,1.30103
1905,-1.086186,-2,2,-1.30103,1.30103
1907,-1.356547,-2,2,-1.30103,1.30103
1909,-1.346787,-2,2,-1.30103,1.30103
1911,-1.356547,-2,2,-1.30103,1.30103
1913,-1.161151,-2,2,-1.30103,1.30103
1915,-1.251812,-2,2,-1.30103,1.30103
1917,-1.522879,-2,2,-1.30103,1.30103
1919,-1.60206,-2,2,-1.30103,1.30103
1921,-1.585027,-2,2,-1.30103,1.30103
1923,-1.920819,-2,2,-1.30103,1.30103
1925,-1.886057,-2,2,-1.30103,1.30103
1927,-1.677781,-2,2,-1.30103,1.30103
1929,-1.79588,-2,2,-1.30103,1.30103
1931,-1.79588,-2,2,-1.30103,1.30103
1933,-1.886057,-2,2,-1.30103,1.30103
1935,-2,-2,2,-1.30103,1.30103
1937,-1.958607,-2,2,-1.30103,1.30103
1939,-1.958607,-2,2,-1.30103,1.30103
1941,-2,-2,2,-1.30103,1.30103
1943,-2.154902,-2,2,-1.30103,1.30103
1945,-2.154902,-2,2,-1.30103,1.30103
1947,-2,-2,2,-1.30103,1.30103
1949,-2.30103,-2,2,-1.30103,1.30103
1951,-2.30103,-2,2,-1.30103,1.30103
1953,-2.30103,-2,2,-1.30103,1.30103
1955,-2.30103,-2,2,-1.30103,1.30103
1957,-2.30103,-2,2,-1.30103,1.30103
1959,-2.154902,-2,2,-1.30103,1.30103
1961,-2.221849,-2,2,-1.30103,1.30103
1963,-2.30103,-2,2,-1.30103,1.30103
1965,-2.30103,-2,2,-1.30103,1.30103
1967,-2.30103,-2,2,-1.30103,1.30103
1969,-2.30103,-2,2,-1.30103,1.30103
1971,-2.39794,-2,2,-1.30103,1.30103
1973,-2.39794,-2,2,-1.30103,1.30103
1975,-2.39794,-2,2,-1.30103,1.30103
1977,-2.69897,-2,2,-1.30103,1.30103
1979,-3.004365,-2,2,-1.30103,1.30103
1981,-3.004365,-2,2,-1.30103,1.30103
1983,-3.004365,-2,2,-1.30103,1.30103
1985,-3.004365,-2,2,-1.30103,1.30103
1987,-3.004365,-2,2,-1.30103,1.30103
1989,-3.004365,-2,2,-1.30103,1.30103
1991,-3.004365,-2,2,-1.30103,1.30103
1993,-3.004365,-2,2,-1.30103,1.30103
1995,-3.004365,-2,2,-1.30103,1.30103
1997,-3.004365,-2,2,-1.30103,1.30103
1999,-3.004365,-2,2,-1.30103,1.30103
2001,-3.004365,-2,2,-1.30103,1.30103
2003,-3.004365,-2,2,-1.30103,1.30103
2005,-3.004365,-2,2,-1.30103,1.30103
2007,-3.004365,-2,2,-1.30103,1.30103
2009,-3.004365,-2,2,-1.30103,1.30103
2011,-3.004365,-2,2,-1.30103,1.30103
2013,-3.004365,-2,2,-1.30103,1.30103
2015,-3.004365,-2,2,-1.30103,1.30103
2017,-3.004365,-2,2,-1.30103,1.30103
2019,-3.004365,-2,2,-1.30103,1.30103
2021,-3.004365,-2,2,-1.30103,1.30103
2023,-3.004365,-2,2,-1.30103,1.30103
2025,-3.004365,-2,2,-1.30103,1.30103
2027,-3.004365,-2,2,-1.30103,1.30103
2029,-3.004365,-2,2,-1.30103,1.30103
2031,-3.004365,-2,2,-1.30103,1.30103
2033,-3.004365,-2,2,-1.30103,1.30103
2035,-3.004365,-2,2,-1.30103,1.30103
2037,-3.004365,-2,2,-1.30103,1.30103
2039,-3.004365,-2,2,-1.30103,1.30103
2041,-3.004365,-2,2,-1.30103,1.30103
2043,-3.004365,-2,2,-1.30103,1.30103
2045,-3.004365,-2,2,-1.30103,1.30103
2047,-3.004365,-2,2,-1.30103,1.30103
2049,-3.004365,-2,2,-1.30103,1.30103
2051,-3.004365,-2,2,-1.30103,1.30103
2053,-3,-2,2,-1.30103,1.30103
2055,-3,-2,2,-1.30103,1.30103
2057,-3,-2,2,-1.30103,1.30103
2059,-2.69897,-2,2,-1.30103,1.30103
2061,-2.69897,-2,2,-1.30103,1.30103
2063,-2.522879,-2,2,-1.30103,1.30103
2065,-2.522879,-2,2,-1.30103,1.30103
2067,-2.522879,-2,2,-1.30103,1.30103
2069,-2.522879,-2,2,-1.30103,1.30103
2071,-2.522879,-2,2,-1.30103,1.30103
2073,-2.522879,-2,2,-1.30103,1.30103
2075,-2.69897,-2,2,-1.30103,1.30103
2077,-3.004365,-2,2,-1.30103,1.30103
2079,-2.522879,-2,2,-1.30103,1.30103
2081,-2.522879,-2,2,-1.30103,1.30103
2083,-2.39794,-2,2,-1.30103,1.30103
2085,-2.39794,-2,2,-1.30103,1.30103
2087,-2.39794,-2,2,-1.30103,1.30103
2089,-2.221849,-2,2,-1.30103,1.30103
2091,-2.221849,-2,2,-1.30103,1.30103
2093,-3,-2,2,-1.30103,1.30103
2095,-3,-2,2,-1.30103,1.30103
2097,-3,-2,2,-1.30103,1.30103
2099,-3,-2,2,-1.30103,1.30103
2101,-3,-2,2,-1.30103,1.30103
2103,-3,-2,2,-1.30103,1.30103
2105,-3,-2,2,-1.30103,1.30103
2107,-2.522879,-2,2,-1.30103,1.30103
2109,-2.522879,-2,2,-1.30103,1.30103
2111,-2.522879,-2,2,-1.30103,1.30103
2113,-2.39794,-2,2,-1.30103,1.30103
2115,-2.69897,-2,2,-1.30103,1.30103
2117,-2.522879,-2,2,-1.30103,1.30103
2119,-2.522879,-2,2,-1.30103,1.30103
2121,-2.522879,-2,2,-1.30103,1.30103
2123,-2.522879,-2,2,-1.30103,1.30103
2125,-2.69897,-2,2,-1.30103,1.30103
2127,-3,-2,2,-1.30103,1.30103
2129,-3,-2,2,-1.30103,1.30103
2131,-3,-2,2,-1.30103,1.30103
2133,-3,-2,2,-1.30103,1.30103
2135,-3,-2,2,-1.30103,1.30103
2137,-3,-2,2,-1.30103,1.30103
2139,-3,-2,2,-1.30103,1.30103
2141,-3,-2,2,-1.30103,1.30103
2143,-2.69897,-2,2,-1.30103,1.30103
2145,-2.69897,-2,2,-1.30103,1.30103
2147,-3,-2,2,-1.30103,1.30103
2149,-2.69897,-2,2,-1.30103,1.30103
2151,-3.004365,-2,2,-1.30103,1.30103
2153,-3.004365,-2,2,-1.30103,1.30103
2155,-3,-2,2,-1.30103,1.30103
2157,-3,-2,2,-1.30103,1.30103
2159,-3.004365,-2,2,-1.30103,1.30103
2161,-3,-2,2,-1.30103,1.30103
2163,-2.69897,-2,2,-1.30103,1.30103
2165,-2.69897,-2,2,-1.30103,1.30103
2167,-2.69897,-2,2,-1.30103,1.30103
2169,-2.69897,-2,2,-1.30103,1.30103
2171,-2.69897,-2,2,-1.30103,1.30103
2173,-3,-2,2,-1.30103,1.30103
2175,-3,-2,2,-1.30103,1.30103
2177,-2.39794,-2,2,-1.30103,1.30103
2179,-1.769551,-2,2,-1.30103,1.30103
2181,-1.585027,-2,2,-1.30103,1.30103
2183,-1.60206,-2,2,-1.30103,1.30103
2185,-1.327902,-2,2,-1.30103,1.30103
2187,-1.318759,-2,2,-1.30103,1.30103
2189,-0.8569852,-2,2,-1.30103,1.30103
2191,-0.8507809,-2,2,-1.30103,1.30103
2193,-1.309804,-2,2,-1.30103,1.30103
2195,-1.309804,-2,2,-1.30103,1.30103
2197,-1.060481,-2,2,-1.30103,1.30103
2199,-1.045758,-2,2,-1.30103,1.30103
2201,-1.045758,-2,2,-1.30103,1.30103
2203,-0.9871628,-2,2,-1.30103,1.30103
2205,-0.9956786,-2,2,-1.30103,1.30103
2207,-0.9318141,-2,2,-1.30103,1.30103
2209,-1.180456,-2,2,-1.30103,1.30103
2211,-1.136677,-2,2,-1.30103,1.30103
2213,-1.022276,-2,2,-1.30103,1.30103
2215,-0.9318141,-2,2,-1.30103,1.30103
2217,-1.207608,-2,2,-1.30103,1.30103
2219,-1.39794,-2,2,-1.30103,1.30103
2221,-2.045758,-2,2,-1.30103,1.30103
2223,-2.522879,-2,2,-1.30103,1.30103
2225,-2.221849,-2,2,-1.30103,1.30103
2227,-2.522879,-2,2,-1.30103,1.30103
2229,-2.69897,-2,2,-1.30103,1.30103
2231,-2.69897,-2,2,-1.30103,1.30103
2233,-2.69897,-2,2,-1.30103,1.30103
2235,-2.69897,-2,2,-1.30103,1.30103
2237,-2.69897,-2,2,-1.30103,1.30103
2239,-2.522879,-2,2,-1.30103,1.30103
2241,-2.522879,-2,2,-1.30103,1.30103
2243,-2.522879,-2,2,-1.30103,1.30103
2245,-2.522879,-2,2,-1.30103,1.30103
2247,-2.522879,-2,2,-1.30103,1.30103
2249,-2.522879,-2,2,-1.30103,1.30103
2251,-2.69897,-2,2,-1.30103,1.30103
2253,-2.69897,-2,2,-1.30103,1.30103
2255,-2.69897,-2,2,-1.30103,1.30103
2257,-2.69897,-2,2,-1.30103,1.30103
2259,-2.69897,-2,2,-1.30103,1.30103
2261,-2.69897,-2,2,-1.30103,1.30103
2263,-2.69897,-2,2,-1.30103,1.30103
2265,-2.69897,-2,2,-1.30103,1.30103
2267,-2.69897,-2,2,-1.30103,1.30103
2269,-2.69897,-2,2,-1.30103,1.30103
2271,-2.69897,-2,2,-1.30103,1.30103
2273,-2.69897,-2,2,-1.30103,1.30103
2275,-2.522879,-2,2,-1.30103,1.30103
2277,-2.30103,-2,2,-1.30103,1.30103
2279,-2.30103,-2,2,-1.30103,1.30103
2281,-2.221849,-2,2,-1.30103,1.30103
2283,-2.30103,-2,2,-1.30103,1.30103
2285,-2.221849,-2,2,-1.30103,1.30103
2287,-2.221849,-2,2,-1.30103,1.30103
2289,-2.39794,-2,2,-1.30103,1.30103
2291,-2.09691,-2,2,-1.30103,1.30103
2293,-1.920819,-2,2,-1.30103,1.30103
2295,-1.920819,-2,2,-1.30103,1.30103
2297,-1.920819,-2,2,-1.30103,1.30103
2299,-1.920819,-2,2,-1.30103,1.30103
2301,-2,-2,2,-1.30103,1.30103
2303,-2,-2,2,-1.30103,1.30103
2305,-2.045758,-2,2,-1.30103,1.30103
2307,-2.045758,-2,2,-1.30103,1.30103
2309,-2.045758,-2,2,-1.30103,1.30103
2311,-2.045758,-2,2,-1.30103,1.30103
2313,-2.045758,-2,2,-1.30103,1.30103
2315,-1.853872,-2,2,-1.30103,1.30103
2317,-1.823909,-2,2,-1.30103,1.30103
2319,-1.853872,-2,2,-1.30103,1.30103
2321,-1.853872,-2,2,-1.30103,1.30103
2323,-1.744727,-2,2,-1.30103,1.30103
2325,-1.769551,-2,2,-1.30103,1.30103
2327,-1.468521,-2,2,-1.30103,1.30103
2329,-1.376751,-2,2,-1.30103,1.30103
2331,-1.119186,-2,2,-1.30103,1.30103
2333,-1.080922,-2,2,-1.30103,1.30103
2335,-1.113509,-2,2,-1.30103,1.30103
2337,-1.200659,-2,2,-1.30103,1.30103
2339,-1.200659,-2,2,-1.30103,1.30103
2341,-1.481486,-2,2,-1.30103,1.30103
2343,-1.508638,-2,2,-1.30103,1.30103
2345,-1.552842,-2,2,-1.30103,1.30103
2347,-1.522879,-2,2,-1.30103,1.30103
2349,-1.585027,-2,2,-1.30103,1.30103
2351,-1.29243,-2,2,-1.30103,1.30103
2353,-1.236572,-2,2,-1.30103,1.30103
2355,-1.251812,-2,2,-1.30103,1.30103
2357,-1.180456,-2,2,-1.30103,1.30103
2359,-1.200659,-2,2,-1.30103,1.30103
2361,-1.244125,-2,2,-1.30103,1.30103
2363,-1.119186,-2,2,-1.30103,1.30103
2365,-1.080922,-2,2,-1.30103,1.30103
2367,-0.74958,-2,2,-1.30103,1.30103
2369,-0.7351822,-2,2,-1.30103,1.30103
2371,-0.74958,-2,2,-1.30103,1.30103
2373,-0.8632795,-2,2,-1.30103,1.30103
2375,-0.8538719,-2,2,-1.30103,1.30103
2377,-0.8096683,-2,2,-1.30103,1.30103
2379,-0.9913998,-2,2,-1.30103,1.30103
2381,-1.124939,-2,2,-1.30103,1.30103
2383,-1.187087,-2,2,-1.30103,1.30103
2385,-1.267606,-2,2,-1.30103,1.30103
2387,-1.244125,-2,2,-1.30103,1.30103
2389,-1.161151,-2,2,-1.30103,1.30103
2391,-1.167491,-2,2,-1.30103,1.30103
2393,-0.7644715,-2,2,-1.30103,1.30103
2395,-0.7878124,-2,2,-1.30103,1.30103
2397,-0.7721133,-2,2,-1.30103,1.30103
2399,-0.7772835,-2,2,-1.30103,1.30103
2401,-0.79588,-2,2,-1.30103,1.30103
2403,-0.844664,-2,2,-1.30103,1.30103
2405,-0.7721133,-2,2,-1.30103,1.30103
2407,-0.7423214,-2,2,-1.30103,1.30103
2409,-0.627088,-2,2,-1.30103,1.30103
2411,-0.6798537,-2,2,-1.30103,1.30103
2413,-0.6903698,-2,2,-1.30103,1.30103
2415,-0.7931741,-2,2,-1.30103,1.30103
2417,-0.6197888,-2,2,-1.30103,1.30103
2419,-0.5128616,-2,2,-1.30103,1.30103
2421,-0.3829997,-2,2,-1.30103,1.30103
2423,-0.3151546,-2,2,-1.30103,1.30103
2425,-0.3448616,-2,2,-1.30103,1.30103
2427,0.3819519,-2,2,-1.30103,1.30103
2429,0.5451552,-2,2,-1.30103,1.30103
2431,0.5331324,-2,2,-1.30103,1.30103
2433,0.7351822,-2,2,-1.30103,1.30103
2435,0.7399286,-2,2,-1.30103,1.30103
2437,0.7351822,-2,2,-1.30103,1.30103
2439,0.7351822,-2,2,-1.30103,1.30103
2441,0.7399286,-2,2,-1.30103,1.30103
2443,0.7399286,-2,2,-1.30103,1.30103
2445,0.8153086,-2,2,-1.30103,1.30103
2447,0.8239087,-2,2,-1.30103,1.30103
2449,0.8181564,-2,2,-1.30103,1.30103
2451,0.9586073,-2,2,-1.30103,1.30103
2453,0.9430951,-2,2,-1.30103,1.30103
2455,0.7121983,-2,2,-1.30103,1.30103
2457,0.7166988,-2,2,-1.30103,1.30103
2459,0.8124793,-2,2,-1.30103,1.30103
2461,0.8356472,-2,2,-1.30103,1.30103
2463,1.09691,-2,2,-1.30103,1.30103
2465,0.8996295,-2,2,-1.30103,1.30103
2467,0.7695511,-2,2,-1.30103,1.30103
2469,0.7695511,-2,2,-1.30103,1.30103
2471,0.7258422,-2,2,-1.30103,1.30103
2473,0.5406075,-2,2,-1.30103,1.30103
2475,0.5575202,-2,2,-1.30103,1.30103
2477,0.5575202,-2,2,-1.30103,1.30103
2479,0.6401645,-2,2,-1.30103,1.30103
2481,0.634512,-2,2,-1.30103,1.30103
2483,0.6197888,-2,2,-1.30103,1.30103
2485,0.4634416,-2,2,-1.30103,1.30103
2487,0.4814861,-2,2,-1.30103,1.30103
2489,0.5058454,-2,2,-1.30103,1.30103
2491,0.5436339,-2,2,-1.30103,1.30103
2493,0.7166988,-2,2,-1.30103,1.30103
2495,0.6777807,-2,2,-1.30103,1.30103
2497,0.69897,-2,2,-1.30103,1.30103
2499,0.7011469,-2,2,-1.30103,1.30103
2501,0.49485,-2,2,-1.30103,1.30103
2503,0.5157002,-2,2,-1.30103,1.30103
2505,0.5346171,-2,2,-1.30103,1.30103
2507,0.536107,-2,2,-1.30103,1.30103
2509,0.4377071,-2,2,-1.30103,1.30103
2511,0.4388986,-2,2,-1.30103,1.30103
2513,0.4213608,-2,2,-1.30103,1.30103
2515,0.4317983,-2,2,-1.30103,1.30103
2517,0.455932,-2,2,-1.30103,1.30103
2519,0.4225082,-2,2,-1.30103,1.30103
2521,0.4156688,-2,2,-1.30103,1.30103
2523,0.4473318,-2,2,-1.30103,1.30103
2525,0.5883803,-2,2,-1.30103,1.30103
2527,0.4341522,-2,2,-1.30103,1.30103
2529,0.3381873,-2,2,-1.30103,1.30103
2531,-0.3205721,-2,2,-1.30103,1.30103
2533,-0.332547,-2,2,-1.30103,1.30103
2535,-0.333482,-2,2,-1.30103,1.30103
2537,-0.3429441,-2,2,-1.30103,1.30103
2539,-0.3410352,-2,2,-1.30103,1.30103
2541,0.4202164,-2,2,-1.30103,1.30103
2543,0.4156688,-2,2,-1.30103,1.30103
2545,0.4001169,-2,2,-1.30103,1.30103
2547,0.4168012,-2,2,-1.30103,1.30103
2549,0.4012095,-2,2,-1.30103,1.30103
2551,-0.306273,-2,2,-1.30103,1.30103
2553,-0.3605135,-2,2,-1.30103,1.30103
2555,-0.392545,-2,2,-1.30103,1.30103
2557,-0.4294571,-2,2,-1.30103,1.30103
2559,-0.4023048,-2,2,-1.30103,1.30103
2561,-0.394695,-2,2,-1.30103,1.30103
2563,-0.3882767,-2,2,-1.30103,1.30103
2565,-0.4647059,-2,2,-1.30103,1.30103
2567,-0.5257837,-2,2,-1.30103,1.30103
2569,-0.5272436,-2,2,-1.30103,1.30103
2571,-0.480172,-2,2,-1.30103,1.30103
2573,-0.4921441,-2,2,-1.30103,1.30103
2575,-0.4788619,-2,2,-1.30103,1.30103
2577,-0.4841262,-2,2,-1.30103,1.30103
2579,-0.4067139,-2,2,-1.30103,1.30103
2581,-0.3242217,-2,2,-1.30103,1.30103
2583,0.3178549,-2,2,-1.30103,1.30103
2585,0.3178549,-2,2,-1.30103,1.30103
2587,0.3098039,-2,2,-1.30103,1.30103
2589,0.3106911,-2,2,-1.30103,1.30103
2591,-0.3045183,-2,2,-1.30103,1.30103
2593,0.316953,-2,2,-1.30103,1.30103
2595,0.352617,-2,2,-1.30103,1.30103
2597,0.333482,-2,2,-1.30103,1.30103
2599,0.3829997,-2,2,-1.30103,1.30103
2601,0.3936186,-2,2,-1.30103,1.30103
2603,0.392545,-2,2,-1.30103,1.30103
2605,-0.3496925,-2,2,-1.30103,1.30103
2607,-0.3506652,-2,2,-1.30103,1.30103
2609,-0.3098039,-2,2,-1.30103,1.30103
2611,-0.3089185,-2,2,-1.30103,1.30103
2613,-0.3089185,-2,2,-1.30103,1.30103
2615,-0.3133637,-2,2,-1.30103,1.30103
2617,-0.3187588,-2,2,-1.30103,1.30103
2619,-0.3223931,-2,2,-1.30103,1.30103
2621,0.3391345,-2,2,-1.30103,1.30103
2623,0.326058,-2,2,-1.30103,1.30103
2625,0.326058,-2,2,-1.30103,1.30103
2627,-0.3506652,-2,2,-1.30103,1.30103
2629,-0.3036436,-2,2,-1.30103,1.30103
2631,-0.3027706,-2,2,-1.30103,1.30103
2633,-0.3448616,-2,2,-1.30103,1.30103
2635,-0.35164,-2,2,-1.30103,1.30103
2637,-0.3565473,-2,2,-1.30103,1.30103
2639,-0.333482,-2,2,-1.30103,1.30103
2641,-0.332547,-2,2,-1.30103,1.30103
2643,-0.333482,-2,2,-1.30103,1.30103
2645,-0.3477537,-2,2,-1.30103,1.30103
2647,-0.3205721,-2,2,-1.30103,1.30103
2649,-0.3233064,-2,2,-1.30103,1.30103
2651,-0.335358,-2,2,-1.30103,1.30103
2653,-0.316953,-2,2,-1.30103,1.30103
2655,0.335358,-2,2,-1.30103,1.30103
2657,0.3316141,-2,2,-1.30103,1.30103
2659,-0.3027706,-2,2,-1.30103,1.30103
2661,-0.3187588,-2,2,-1.30103,1.30103
2663,0.3045183,-2,2,-1.30103,1.30103
2665,0.4023048,-2,2,-1.30103,1.30103
2667,0.4921441,-2,2,-1.30103,1.30103
2669,0.4867824,-2,2,-1.30103,1.30103
2671,0.4762535,-2,2,-1.30103,1.30103
2673,0.6655462,-2,2,-1.30103,1.30103
2675,0.6090649,-2,2,-1.30103,1.30103
2677,0.59176,-2,2,-1.30103,1.30103
2679,0.4271284,-2,2,-1.30103,1.30103
2681,0.4317983,-2,2,-1.30103,1.30103
2683,0.3233064,-2,2,-1.30103,1.30103
2685,0.4814861,-2,2,-1.30103,1.30103
2687,0.5030704,-2,2,-1.30103,1.30103
2689,0.5003129,-2,2,-1.30103,1.30103
2691,0.5044557,-2,2,-1.30103,1.30103
2693,0.4814861,-2,2,-1.30103,1.30103
2695,0.5086383,-2,2,-1.30103,1.30103
2697,0.4989407,-2,2,-1.30103,1.30103
2699,0.5287083,-2,2,-1.30103,1.30103
2701,0.7447275,-2,2,-1.30103,1.30103
2703,0.7212464,-2,2,-1.30103,1.30103
2705,0.8239087,-2,2,-1.30103,1.30103
2707,0.8297383,-2,2,-1.30103,1.30103
2709,1.008774,-2,2,-1.30103,1.30103
2711,1.022276,-2,2,-1.30103,1.30103
2713,1.026872,-2,2,-1.30103,1.30103
2715,1.036212,-2,2,-1.30103,1.30103
2717,1.070581,-2,2,-1.30103,1.30103
2719,1.045758,-2,2,-1.30103,1.30103
2721,1.026872,-2,2,-1.30103,1.30103
2723,1.167491,-2,2,-1.30103,1.30103
2725,1.107905,-2,2,-1.30103,1.30103
2727,1.443697,-2,2,-1.30103,1.30103
2729,1.522879,-2,2,-1.30103,1.30103
2731,1.468521,-2,2,-1.30103,1.30103
2733,1.481486,-2,2,-1.30103,1.30103
2735,1.552842,-2,2,-1.30103,1.30103
2737,1.283997,-2,2,-1.30103,1.30103
2739,1.318759,-2,2,-1.30103,1.30103
2741,1.337242,-2,2,-1.30103,1.30103
2743,1.283997,-2,2,-1.30103,1.30103
2745,1.283997,-2,2,-1.30103,1.30103
2747,1.055517,-2,2,-1.30103,1.30103
2749,1.055517,-2,2,-1.30103,1.30103
2751,1.30103,-2,2,-1.30103,1.30103
2753,1.619789,-2,2,-1.30103,1.30103
2755,1.657577,-2,2,-1.30103,1.30103
2757,1.420216,-2,2,-1.30103,1.30103
2759,1.455932,-2,2,-1.30103,1.30103
2761,1.420216,-2,2,-1.30103,1.30103
2763,1.387216,-2,2,-1.30103,1.30103
2765,1.420216,-2,2,-1.30103,1.30103
2767,1.21467,-2,2,-1.30103,1.30103
2769,1.207608,-2,2,-1.30103,1.30103
2771,1.207608,-2,2,-1.30103,1.30103
2773,1.221849,-2,2,-1.30103,1.30103
2775,1.21467,-2,2,-1.30103,1.30103
2777,1.008774,-2,2,-1.30103,1.30103
2779,1.036212,-2,2,-1.30103,1.30103
2781,1.055517,-2,2,-1.30103,1.30103
2783,0.9586073,-2,2,-1.30103,1.30103
2785,0.950782,-2,2,-1.30103,1.30103
2787,0.950782,-2,2,-1.30103,1.30103
2789,1.008774,-2,2,-1.30103,1.30103
2791,0.8326827,-2,2,-1.30103,1.30103
2793,0.6197888,-2,2,-1.30103,1.30103
2795,0.4634416,-2,2,-1.30103,1.30103
2797,0.3362991,-2,2,-1.30103,1.30103
2799,0.3178549,-2,2,-1.30103,1.30103
2801,0.3410352,-2,2,-1.30103,1.30103
2803,-0.3045183,-2,2,-1.30103,1.30103
2805,0.3448616,-2,2,-1.30103,1.30103
2807,0.3429441,-2,2,-1.30103,1.30103
2809,0.3565473,-2,2,-1.30103,1.30103
2811,0.3585259,-2,2,-1.30103,1.30103
2813,-0.3595186,-2,2,-1.30103,1.30103
2815,-0.3496925,-2,2,-1.30103,1.30103
2817,-0.3655227,-2,2,-1.30103,1.30103
2819,-0.3575355,-2,2,-1.30103,1.30103
2821,-0.352617,-2,2,-1.30103,1.30103
2823,-0.3716111,-2,2,-1.30103,1.30103
2825,-0.4647059,-2,2,-1.30103,1.30103
2827,-0.3819519,-2,2,-1.30103,1.30103
2829,-0.3861582,-2,2,-1.30103,1.30103
2831,-0.489455,-2,2,-1.30103,1.30103
2833,-0.5044557,-2,2,-1.30103,1.30103
2835,-0.480172,-2,2,-1.30103,1.30103
2837,-0.6401645,-2,2,-1.30103,1.30103
2839,-0.6556077,-2,2,-1.30103,1.30103
2841,-0.7033348,-2,2,-1.30103,1.30103
2843,-0.7011469,-2,2,-1.30103,1.30103
2845,-0.6882461,-2,2,-1.30103,1.30103
2847,-0.6861328,-2,2,-1.30103,1.30103
2849,-0.6575773,-2,2,-1.30103,1.30103
2851,-0.5783961,-2,2,-1.30103,1.30103
2853,-0.5512937,-2,2,-1.30103,1.30103
2855,-0.5466816,-2,2,-1.30103,1.30103
2857,-0.5654311,-2,2,-1.30103,1.30103
2859,-0.5654311,-2,2,-1.30103,1.30103
2861,-0.5702477,-2,2,-1.30103,1.30103
2863,-0.5985994,-2,2,-1.30103,1.30103
2865,-0.6556077,-2,2,-1.30103,1.30103
2867,-0.6289321,-2,2,-1.30103,1.30103
2869,-0.6716204,-2,2,-1.30103,1.30103
2871,-0.6757175,-2,2,-1.30103,1.30103
2873,-0.6695862,-2,2,-1.30103,1.30103
2875,-0.6655462,-2,2,-1.30103,1.30103
2877,-0.6736642,-2,2,-1.30103,1.30103
2879,-0.5316527,-2,2,-1.30103,1.30103
2881,-0.5751184,-2,2,-1.30103,1.30103
2883,-0.4317983,-2,2,-1.30103,1.30103
2885,-0.4609239,-2,2,-1.30103,1.30103
2887,-0.4672456,-2,2,-1.30103,1.30103
2889,-0.4672456,-2,2,-1.30103,1.30103
2891,-0.4672456,-2,2,-1.30103,1.30103
2893,-0.4828041,-2,2,-1.30103,1.30103
2895,-0.493495,-2,2,-1.30103,1.30103
2897,-0.4710833,-2,2,-1.30103,1.30103
2899,-0.5128616,-2,2,-1.30103,1.30103
2901,-0.5058454,-2,2,-1.30103,1.30103
2903,-0.5185574,-2,2,-1.30103,1.30103
2905,-0.5316527,-2,2,-1.30103,1.30103
2907,-0.5512937,-2,2,-1.30103,1.30103
2909,-0.5331324,-2,2,-1.30103,1.30103
2911,-0.5497509,-2,2,-1.30103,1.30103
2913,-0.5497509,-2,2,-1.30103,1.30103
2915,-0.5543958,-2,2,-1.30103,1.30103
2917,-0.5257837,-2,2,-1.30103,1.30103
2919,-0.5171264,-2,2,-1.30103,1.30103
2921,-0.5157002,-2,2,-1.30103,1.30103
2923,-0.5228788,-2,2,-1.30103,1.30103
2925,-0.5257837,-2,2,-1.30103,1.30103
2927,-0.5214335,-2,2,-1.30103,1.30103
2929,-0.3429441,-2,2,-1.30103,1.30103
2931,-0.3506652,-2,2,-1.30103,1.30103
2933,-0.334419,-2,2,-1.30103,1.30103
2935,-0.3615108,-2,2,-1.30103,1.30103
2937,-0.3045183,-2,2,-1.30103,1.30103
2939,-0.3400838,-2,2,-1.30103,1.30103
2941,-0.3251389,-2,2,-1.30103,1.30103
2943,-0.3251389,-2,2,-1.30103,1.30103
2945,-0.3316141,-2,2,-1.30103,1.30103
2947,0.3223931,-2,2,-1.30103,1.30103
2949,0.3279021,-2,2,-1.30103,1.30103
2951,0.326058,-2,2,-1.30103,1.30103
2953,0.3205721,-2,2,-1.30103,1.30103
2955,0.3448616,-2,2,-1.30103,1.30103
2957,0.4056075,-2,2,-1.30103,1.30103
2959,0.4225082,-2,2,-1.30103,1.30103
2961,0.4225082,-2,2,-1.30103,1.30103
2963,0.4685211,-2,2,-1.30103,1.30103
2965,0.4621809,-2,2,-1.30103,1.30103
2967,0.6382722,-2,2,-1.30103,1.30103
2969,0.6307842,-2,2,-1.30103,1.30103
2971,0.6197888,-2,2,-1.30103,1.30103
2973,0.636388,-2,2,-1.30103,1.30103
2975,0.6197888,-2,2,-1.30103,1.30103
2977,0.7931741,-2,2,-1.30103,1.30103
2979,0.8326827,-2,2,-1.30103,1.30103
2981,0.8664611,-2,2,-1.30103,1.30103
2983,0.7594507,-2,2,-1.30103,1.30103
2985,0.7746907,-2,2,-1.30103,1.30103
2987,0.7399286,-2,2,-1.30103,1.30103
2989,0.7235382,-2,2,-1.30103,1.30103
2991,0.9136401,-2,2,-1.30103,1.30103
2993,1.070581,-2,2,-1.30103,1.30103
2995,1.080922,-2,2,-1.30103,1.30103
2997,1.408935,-2,2,-1.30103,1.30103
2999,1.376751,-2,2,-1.30103,1.30103
3001,1.251812,-2,2,-1.30103,1.30103
3003,1.251812,-2,2,-1.30103,1.30103
3005,1.259637,-2,2,-1.30103,1.30103
3007,1.267606,-2,2,-1.30103,1.30103
3009,1.30103,-2,2,-1.30103,1.30103
3011,1.267606,-2,2,-1.30103,1.30103
3013,1.619789,-2,2,-1.30103,1.30103
3015,1.657577,-2,2,-1.30103,1.30103
3017,1.619789,-2,2,-1.30103,1.30103
3019,1.619789,-2,2,-1.30103,1.30103
3021,1.309804,-2,2,-1.30103,1.30103
3023,1.30103,-2,2,-1.30103,1.30103
3025,1.657577,-2,2,-1.30103,1.30103
3027,1.657577,-2,2,-1.30103,1.30103
3029,1.69897,-2,2,-1.30103,1.30103
3031,2.09691,-2,2,-1.30103,1.30103
3033,1.69897,-2,2,-1.30103,1.30103
3035,1.677781,-2,2,-1.30103,1.30103
3037,2.045758,-2,2,-1.30103,1.30103
3039,2.045758,-2,2,-1.30103,1.30103
3041,2.09691,-2,2,-1.30103,1.30103
3043,2.09691,-2,2,-1.30103,1.30103
3045,2.221849,-2,2,-1.30103,1.30103
3047,2.221849,-2,2,-1.30103,1.30103
3049,2.221849,-2,2,-1.30103,1.30103
3051,2.09691,-2,2,-1.30103,1.30103
3053,2.154902,-2,2,-1.30103,1.30103
3055,2.221849,-2,2,-1.30103,1.30103
3057,2.221849,-2,2,-1.30103,1.30103
3059,1.744727,-2,2,-1.30103,1.30103
3061,1.744727,-2,2,-1.30103,1.30103
3063,1.769551,-2,2,-1.30103,1.30103
3065,1.853872,-2,2,-1.30103,1.30103
3067,1.79588,-2,2,-1.30103,1.30103
3069,1.853872,-2,2,-1.30103,1.30103
3071,1.585027,-2,2,-1.30103,1.30103
3073,1.267606,-2,2,-1.30103,1.30103
3075,1.251812,-2,2,-1.30103,1.30103
3077,1.236572,-2,2,-1.30103,1.30103
3079,0.9829667,-2,2,-1.30103,1.30103
3081,1.040959,-2,2,-1.30103,1.30103
3083,1.008774,-2,2,-1.30103,1.30103
3085,0.6090649,-2,2,-1.30103,1.30103
3087,0.5654311,-2,2,-1.30103,1.30103
3089,0.5575202,-2,2,-1.30103,1.30103
3091,0.5575202,-2,2,-1.30103,1.30103
3093,0.5497509,-2,2,-1.30103,1.30103
3095,0.4365189,-2,2,-1.30103,1.30103
3097,0.4271284,-2,2,-1.30103,1.30103
3099,0.3936186,-2,2,-1.30103,1.30103
3101,0.4134127,-2,2,-1.30103,1.30103
3103,0.4156688,-2,2,-1.30103,1.30103
3105,0.4179366,-2,2,-1.30103,1.30103
3107,0.4213608,-2,2,-1.30103,1.30103
3109,0.4225082,-2,2,-1.30103,1.30103
3111,0.3872162,-2,2,-1.30103,1.30103
3113,0.3936186,-2,2,-1.30103,1.30103
3115,0.3882767,-2,2,-1.30103,1.30103
3117,0.3872162,-2,2,-1.30103,1.30103
3119,-0.3205721,-2,2,-1.30103,1.30103
3121,0.3151546,-2,2,-1.30103,1.30103
3123,0.3045183,-2,2,-1.30103,1.30103
3125,-0.3142582,-2,2,-1.30103,1.30103
3127,-0.3316141,-2,2,-1.30103,1.30103
3129,-0.3242217,-2,2,-1.30103,1.30103
3131,-0.348722,-2,2,-1.30103,1.30103
3133,-0.3695721,-2,2,-1.30103,1.30103
3135,-0.4001169,-2,2,-1.30103,1.30103
3137,-0.3767507,-2,2,-1.30103,1.30103
3139,-0.3757179,-2,2,-1.30103,1.30103
3141,-0.4571746,-2,2,-1.30103,1.30103
3143,-0.4449055,-2,2,-1.30103,1.30103
3145,-0.4509967,-2,2,-1.30103,1.30103
3147,-0.4436975,-2,2,-1.30103,1.30103
3149,-0.3968556,-2,2,-1.30103,1.30103
3151,-0.4202164,-2,2,-1.30103,1.30103
3153,-0.3851028,-2,2,-1.30103,1.30103
3155,-0.3990271,-2,2,-1.30103,1.30103
3157,-0.4078232,-2,2,-1.30103,1.30103
3159,-0.39794,-2,2,-1.30103,1.30103
3161,-0.3605135,-2,2,-1.30103,1.30103
3163,-0.3625103,-2,2,-1.30103,1.30103
3165,-0.39794,-2,2,-1.30103,1.30103
3167,-0.4522253,-2,2,-1.30103,1.30103
3169,-0.4522253,-2,2,-1.30103,1.30103
3171,-0.4225082,-2,2,-1.30103,1.30103
3173,-0.4134127,-2,2,-1.30103,1.30103
3175,-0.4089354,-2,2,-1.30103,1.30103
3177,-0.4546929,-2,2,-1.30103,1.30103
3179,-0.480172,-2,2,-1.30103,1.30103
3181,-0.5272436,-2,2,-1.30103,1.30103
3183,-0.4377071,-2,2,-1.30103,1.30103
3185,-0.5114493,-2,2,-1.30103,1.30103
3187,-0.5142786,-2,2,-1.30103,1.30103
3189,-0.5391021,-2,2,-1.30103,1.30103
3191,-0.7033348,-2,2,-1.30103,1.30103
3193,-0.6903698,-2,2,-1.30103,1.30103
3195,-0.5142786,-2,2,-1.30103,1.30103
3197,-0.5214335,-2,2,-1.30103,1.30103
3199,-0.6307842,-2,2,-1.30103,1.30103
3201,-0.5968795,-2,2,-1.30103,1.30103
3203,-0.4236586,-2,2,-1.30103,1.30103
3205,-0.4213608,-2,2,-1.30103,1.30103
3207,-0.4111683,-2,2,-1.30103,1.30103
3209,-0.392545,-2,2,-1.30103,1.30103
3211,-0.3400838,-2,2,-1.30103,1.30103
3213,0.3115802,-2,2,-1.30103,1.30103
3215,-0.3187588,-2,2,-1.30103,1.30103
3217,-0.316953,-2,2,-1.30103,1.30103
3219,-0.3160529,-2,2,-1.30103,1.30103
3221,0.3829997,-2,2,-1.30103,1.30103
3223,0.3829997,-2,2,-1.30103,1.30103
3225,0.4145393,-2,2,-1.30103,1.30103
3227,0.3726341,-2,2,-1.30103,1.30103
3229,0.35164,-2,2,-1.30103,1.30103
3231,0.3645163,-2,2,-1.30103,1.30103
3233,0.49485,-2,2,-1.30103,1.30103
3235,0.5058454,-2,2,-1.30103,1.30103
3237,0.5072396,-2,2,-1.30103,1.30103
3239,0.3936186,-2,2,-1.30103,1.30103
3241,-0.3279021,-2,2,-1.30103,1.30103
3243,-0.3106911,-2,2,-1.30103,1.30103
3245,-0.306273,-2,2,-1.30103,1.30103
3247,-0.348722,-2,2,-1.30103,1.30103
3249,-0.326058,-2,2,-1.30103,1.30103
3251,0.3018995,-2,2,-1.30103,1.30103
3253,-0.3297541,-2,2,-1.30103,1.30103
3255,-0.3439018,-2,2,-1.30103,1.30103
3257,-0.3205721,-2,2,-1.30103,1.30103
3259,0.3545777,-2,2,-1.30103,1.30103
3261,0.3893398,-2,2,-1.30103,1.30103
3263,0.3957739,-2,2,-1.30103,1.30103
3265,0.3767507,-2,2,-1.30103,1.30103
3267,0.3545777,-2,2,-1.30103,1.30103
3269,0.3695721,-2,2,-1.30103,1.30103
3271,0.4841262,-2,2,-1.30103,1.30103
3273,0.634512,-2,2,-1.30103,1.30103
3275,0.634512,-2,2,-1.30103,1.30103
3277,0.6382722,-2,2,-1.30103,1.30103
3279,0.8068754,-2,2,-1.30103,1.30103
3281,0.790485,-2,2,-1.30103,1.30103
3283,0.79588,-2,2,-1.30103,1.30103
3285,1.356547,-2,2,-1.30103,1.30103
3287,1.356547,-2,2,-1.30103,1.30103
3289,1.346787,-2,2,-1.30103,1.30103
3291,1.420216,-2,2,-1.30103,1.30103
3293,1.420216,-2,2,-1.30103,1.30103
3295,1.744727,-2,2,-1.30103,1.30103
3297,1.744727,-2,2,-1.30103,1.30103
3299,1.853872,-2,2,-1.30103,1.30103
3301,1.853872,-2,2,-1.30103,1.30103
3303,1.958607,-2,2,-1.30103,1.30103
3305,2,-2,2,-1.30103,1.30103
3307,2.045758,-2,2,-1.30103,1.30103
3309,2,-2,2,-1.30103,1.30103
3311,1.744727,-2,2,-1.30103,1.30103
3313,1.769551,-2,2,-1.30103,1.30103
3315,1.79588,-2,2,-1.30103,1.30103
3317,1.79588,-2,2,-1.30103,1.30103
3319,1.79588,-2,2,-1.30103,1.30103
3321,1.638272,-2,2,-1.30103,1.30103
3323,1.69897,-2,2,-1.30103,1.30103
3325,1.744727,-2,2,-1.30103,1.30103
3327,1.744727,-2,2,-1.30103,1.30103
3329,1.221849,-2,2,-1.30103,1.30103
3331,1.19382,-2,2,-1.30103,1.30103
3333,1.180456,-2,2,-1.30103,1.30103
3335,1.180456,-2,2,-1.30103,1.30103
3337,1.180456,-2,2,-1.30103,1.30103
3339,1.19382,-2,2,-1.30103,1.30103
3341,1.420216,-2,2,-1.30103,1.30103
3343,1.420216,-2,2,-1.30103,1.30103
3345,1.39794,-2,2,-1.30103,1.30103
3347,1.318759,-2,2,-1.30103,1.30103
3349,1.267606,-2,2,-1.30103,1.30103
3351,1.275724,-2,2,-1.30103,1.30103
3353,1.19382,-2,2,-1.30103,1.30103
3355,1.19382,-2,2,-1.30103,1.30103
3357,1.309804,-2,2,-1.30103,1.30103
3359,1.309804,-2,2,-1.30103,1.30103
3361,1.154902,-2,2,-1.30103,1.30103
3363,1.148742,-2,2,-1.30103,1.30103
3365,1.130768,-2,2,-1.30103,1.30103
3367,0.8632795,-2,2,-1.30103,1.30103
3369,0.89279,-2,2,-1.30103,1.30103
3371,0.8664611,-2,2,-1.30103,1.30103
3373,0.8632795,-2,2,-1.30103,1.30103
3375,0.8416375,-2,2,-1.30103,1.30103
3377,0.8569852,-2,2,-1.30103,1.30103
3379,0.8569852,-2,2,-1.30103,1.30103
3381,0.8664611,-2,2,-1.30103,1.30103
3383,0.8761483,-2,2,-1.30103,1.30103
3385,0.8761483,-2,2,-1.30103,1.30103
3387,0.8728952,-2,2,-1.30103,1.30103
3389,0.8996295,-2,2,-1.30103,1.30103
3391,1.251812,-2,2,-1.30103,1.30103
3393,1.221849,-2,2,-1.30103,1.30103
3395,1.180456,-2,2,-1.30103,1.30103
3397,1.161151,-2,2,-1.30103,1.30103
3399,1.468521,-2,2,-1.30103,1.30103
3401,1.39794,-2,2,-1.30103,1.30103
3403,1.39794,-2,2,-1.30103,1.30103
3405,1.468521,-2,2,-1.30103,1.30103
3407,1.443697,-2,2,-1.30103,1.30103
3409,1.443697,-2,2,-1.30103,1.30103
3411,1.327902,-2,2,-1.30103,1.30103
3413,1.346787,-2,2,-1.30103,1.30103
3415,1.356547,-2,2,-1.30103,1.30103
3417,1.356547,-2,2,-1.30103,1.30103
3419,1.346787,-2,2,-1.30103,1.30103
3421,1.086186,-2,2,-1.30103,1.30103
3423,1.080922,-2,2,-1.30103,1.30103
3425,1.075721,-2,2,-1.30103,1.30103
3427,1.130768,-2,2,-1.30103,1.30103
3429,1.229148,-2,2,-1.30103,1.30103
3431,1.19382,-2,2,-1.30103,1.30103
3433,1.187087,-2,2,-1.30103,1.30103
3435,1.200659,-2,2,-1.30103,1.30103
3437,1.19382,-2,2,-1.30103,1.30103
3439,1.136677,-2,2,-1.30103,1.30103
3441,1.431798,-2,2,-1.30103,1.30103
3443,1.187087,-2,2,-1.30103,1.30103
3445,0.623423,-2,2,-1.30103,1.30103
3447,0.6382722,-2,2,-1.30103,1.30103
3449,0.6252517,-2,2,-1.30103,1.30103
3451,0.6197888,-2,2,-1.30103,1.30103
3453,0.7077439,-2,2,-1.30103,1.30103
3455,0.6819367,-2,2,-1.30103,1.30103
3457,0.6946486,-2,2,-1.30103,1.30103
3459,0.6252517,-2,2,-1.30103,1.30103
3461,0.4546929,-2,2,-1.30103,1.30103
3463,0.3187588,-2,2,-1.30103,1.30103
3465,0.316953,-2,2,-1.30103,1.30103
3467,0.306273,-2,2,-1.30103,1.30103
3469,0.3045183,-2,2,-1.30103,1.30103
3471,-0.3496925,-2,2,-1.30103,1.30103
3473,-0.3429441,-2,2,-1.30103,1.30103
3475,-0.3429441,-2,2,-1.30103,1.30103
3477,-0.3233064,-2,2,-1.30103,1.30103
3479,0.306273,-2,2,-1.30103,1.30103
3481,0.3045183,-2,2,-1.30103,1.30103
3483,-0.3223931,-2,2,-1.30103,1.30103
3485,-0.3819519,-2,2,-1.30103,1.30103
3487,-0.39794,-2,2,-1.30103,1.30103
3489,-0.394695,-2,2,-1.30103,1.30103
3491,-0.4145393,-2,2,-1.30103,1.30103
3493,-0.4388986,-2,2,-1.30103,1.30103
3495,-0.4497716,-2,2,-1.30103,1.30103
3497,-0.6655462,-2,2,-1.30103,1.30103
3499,-1.031517,-2,2,-1.30103,1.30103
3501,-1.086186,-2,2,-1.30103,1.30103
3503,-1.167491,-2,2,-1.30103,1.30103
3505,-1.327902,-2,2,-1.30103,1.30103
3507,-1.481486,-2,2,-1.30103,1.30103
3509,-1.468521,-2,2,-1.30103,1.30103
3511,-1.200659,-2,2,-1.30103,1.30103
3513,-1.318759,-2,2,-1.30103,1.30103
3515,-1.346787,-2,2,-1.30103,1.30103
3517,-1.070581,-2,2,-1.30103,1.30103
3519,-0.8827287,-2,2,-1.30103,1.30103
3521,-0.8827287,-2,2,-1.30103,1.30103
3523,-0.8761483,-2,2,-1.30103,1.30103
3525,-0.89279,-2,2,-1.30103,1.30103
3527,-0.8538719,-2,2,-1.30103,1.30103
3529,-0.5391021,-2,2,-1.30103,1.30103
3531,-0.4788619,-2,2,-1.30103,1.30103
3533,-0.4534573,-2,2,-1.30103,1.30103
3535,-0.4377071,-2,2,-1.30103,1.30103
3537,-0.4179366,-2,2,-1.30103,1.30103
3539,-0.4294571,-2,2,-1.30103,1.30103
3541,-0.4001169,-2,2,-1.30103,1.30103
3543,-0.3957739,-2,2,-1.30103,1.30103
3545,-0.3990271,-2,2,-1.30103,1.30103
3547,-0.3990271,-2,2,-1.30103,1.30103
3549,-0.3400838,-2,2,-1.30103,1.30103
3551,-0.3605135,-2,2,-1.30103,1.30103
3553,-0.3625103,-2,2,-1.30103,1.30103
3555,-0.3605135,-2,2,-1.30103,1.30103
3557,-0.3757179,-2,2,-1.30103,1.30103
3559,-0.5016894,-2,2,-1.30103,1.30103
3561,-0.4710833,-2,2,-1.30103,1.30103
3563,-0.6038007,-2,2,-1.30103,1.30103
3565,-0.607303,-2,2,-1.30103,1.30103
3567,-0.4775558,-2,2,-1.30103,1.30103
3569,-0.4881167,-2,2,-1.30103,1.30103
3571,-0.6108339,-2,2,-1.30103,1.30103
3573,-0.5702477,-2,2,-1.30103,1.30103
3575,-0.5734887,-2,2,-1.30103,1.30103
3577,-0.7670039,-2,2,-1.30103,1.30103
3579,-0.7619539,-2,2,-1.30103,1.30103
3581,-0.6736642,-2,2,-1.30103,1.30103
3583,-0.6695862,-2,2,-1.30103,1.30103
3585,-0.8297383,-2,2,-1.30103,1.30103
3587,-0.821023,-2,2,-1.30103,1.30103
3589,-0.7746907,-2,2,-1.30103,1.30103
3591,-0.7986029,-2,2,-1.30103,1.30103
3593,-0.8860567,-2,2,-1.30103,1.30103
3595,-0.8860567,-2,2,-1.30103,1.30103
3597,-0.8860567,-2,2,-1.30103,1.30103
3599,-0.8996295,-2,2,-1.30103,1.30103
3601,-0.8416375,-2,2,-1.30103,1.30103
3603,-0.8297383,-2,2,-1.30103,1.30103
3605,-0.8827287,-2,2,-1.30103,1.30103
3607,-1.275724,-2,2,-1.30103,1.30103
3609,-1.267606,-2,2,-1.30103,1.30103
3611,-1.552842,-2,2,-1.30103,1.30103
3613,-1.69897,-2,2,-1.30103,1.30103
3615,-1.60206,-2,2,-1.30103,1.30103
3617,-1.638272,-2,2,-1.30103,1.30103
3619,-1.638272,-2,2,-1.30103,1.30103
3621,-1.552842,-2,2,-1.30103,1.30103
3623,-1.522879,-2,2,-1.30103,1.30103
3625,-1.522879,-2,2,-1.30103,1.30103
3627,-1.657577,-2,2,-1.30103,1.30103
3629,-1.657577,-2,2,-1.30103,1.30103
3631,-1.677781,-2,2,-1.30103,1.30103
3633,-1.638272,-2,2,-1.30103,1.30103
3635,-1.638272,-2,2,-1.30103,1.30103
3637,-2.045758,-2,2,-1.30103,1.30103
3639,-1.823909,-2,2,-1.30103,1.30103
3641,-1.886057,-2,2,-1.30103,1.30103
3643,-1.522879,-2,2,-1.30103,1.30103
3645,-0.9469215,-2,2,-1.30103,1.30103
3647,-1.065502,-2,2,-1.30103,1.30103
3649,-1.070581,-2,2,-1.30103,1.30103
3651,-1.05061,-2,2,-1.30103,1.30103
3653,-1.080922,-2,2,-1.30103,1.30103
3655,-1,-2,2,-1.30103,1.30103
3657,-1.05061,-2,2,-1.30103,1.30103
3659,-1.522879,-2,2,-1.30103,1.30103
3661,-1.244125,-2,2,-1.30103,1.30103
3663,-1.031517,-2,2,-1.30103,1.30103
3665,-1.017729,-2,2,-1.30103,1.30103
3667,-0.9788107,-2,2,-1.30103,1.30103
3669,-0.9956786,-2,2,-1.30103,1.30103
3671,-0.9746941,-2,2,-1.30103,1.30103
3673,-0.954677,-2,2,-1.30103,1.30103
3675,-0.9172146,-2,2,-1.30103,1.30103
3677,-0.9586073,-2,2,-1.30103,1.30103
3679,-0.9586073,-2,2,-1.30103,1.30103
3681,-1.026872,-2,2,-1.30103,1.30103
3683,-0.9871628,-2,2,-1.30103,1.30103
3685,-0.7986029,-2,2,-1.30103,1.30103
3687,-0.821023,-2,2,-1.30103,1.30103
3689,-0.8326827,-2,2,-1.30103,1.30103
3691,-0.7825161,-2,2,-1.30103,1.30103
3693,-0.7423214,-2,2,-1.30103,1.30103
3695,-0.7423214,-2,2,-1.30103,1.30103
3697,-0.552842,-2,2,-1.30103,1.30103
3699,-0.4168012,-2,2,-1.30103,1.30103
3701,-0.5968795,-2,2,-1.30103,1.30103
3703,-0.6003263,-2,2,-1.30103,1.30103
3705,-0.5968795,-2,2,-1.30103,1.30103
3707,-0.5985994,-2,2,-1.30103,1.30103
3709,-0.5833595,-2,2,-1.30103,1.30103
3711,-0.5654311,-2,2,-1.30103,1.30103
3713,-0.5951663,-2,2,-1.30103,1.30103
3715,-0.5606673,-2,2,-1.30103,1.30103
3717,-0.6289321,-2,2,-1.30103,1.30103
3719,-0.7670039,-2,2,-1.30103,1.30103
3721,-0.6819367,-2,2,-1.30103,1.30103
3723,-0.6675615,-2,2,-1.30103,1.30103
3725,-0.6840296,-2,2,-1.30103,1.30103
3727,-0.6840296,-2,2,-1.30103,1.30103
3729,-0.7212464,-2,2,-1.30103,1.30103
3731,-0.7212464,-2,2,-1.30103,1.30103
3733,-0.747147,-2,2,-1.30103,1.30103
3735,-0.8416375,-2,2,-1.30103,1.30103
3737,-0.8996295,-2,2,-1.30103,1.30103
3739,-0.7851561,-2,2,-1.30103,1.30103
3741,-0.8601209,-2,2,-1.30103,1.30103
3743,-0.89279,-2,2,-1.30103,1.30103
3745,-0.79588,-2,2,-1.30103,1.30103
3747,-0.79588,-2,2,-1.30103,1.30103
3749,-0.9065783,-2,2,-1.30103,1.30103
3751,-0.9100949,-2,2,-1.30103,1.30103
3753,-0.8894103,-2,2,-1.30103,1.30103
3755,-0.9065783,-2,2,-1.30103,1.30103
3757,-0.8416375,-2,2,-1.30103,1.30103
3759,-0.6289321,-2,2,-1.30103,1.30103
3761,-0.692504,-2,2,-1.30103,1.30103
3763,-0.4621809,-2,2,-1.30103,1.30103
3765,-0.4571746,-2,2,-1.30103,1.30103
3767,-0.4571746,-2,2,-1.30103,1.30103
3769,-0.4546929,-2,2,-1.30103,1.30103
3771,-0.3458235,-2,2,-1.30103,1.30103
3773,-0.3809067,-2,2,-1.30103,1.30103
3775,-0.3575355,-2,2,-1.30103,1.30103
3777,0.3205721,-2,2,-1.30103,1.30103
3779,-0.3242217,-2,2,-1.30103,1.30103
3781,-0.335358,-2,2,-1.30103,1.30103
3783,-0.3306831,-2,2,-1.30103,1.30103
3785,0.3716111,-2,2,-1.30103,1.30103
3787,0.3746876,-2,2,-1.30103,1.30103
3789,0.3851028,-2,2,-1.30103,1.30103
3791,0.3316141,-2,2,-1.30103,1.30103
3793,0.3585259,-2,2,-1.30103,1.30103
3795,0.3615108,-2,2,-1.30103,1.30103
3797,0.3615108,-2,2,-1.30103,1.30103
3799,0.3595186,-2,2,-1.30103,1.30103
3801,0.3297541,-2,2,-1.30103,1.30103
3803,0.3251389,-2,2,-1.30103,1.30103
3805,0.348722,-2,2,-1.30103,1.30103
3807,0.5171264,-2,2,-1.30103,1.30103
3809,0.5114493,-2,2,-1.30103,1.30103
3811,0.7544873,-2,2,-1.30103,1.30103
3813,0.7544873,-2,2,-1.30103,1.30103
3815,0.7351822,-2,2,-1.30103,1.30103
3817,0.7351822,-2,2,-1.30103,1.30103
3819,0.7544873,-2,2,-1.30103,1.30103
3821,0.9625735,-2,2,-1.30103,1.30103
3823,0.9136401,-2,2,-1.30103,1.30103
3825,0.950782,-2,2,-1.30103,1.30103
3827,0.950782,-2,2,-1.30103,1.30103
3829,1,-2,2,-1.30103,1.30103
3831,0.9788107,-2,2,-1.30103,1.30103
3833,0.9586073,-2,2,-1.30103,1.30103
3835,0.935542,-2,2,-1.30103,1.30103
3837,1.259637,-2,2,-1.30103,1.30103
3839,1.251812,-2,2,-1.30103,1.30103
3841,1.267606,-2,2,-1.30103,1.30103
3843,1.267606,-2,2,-1.30103,1.30103
3845,1.30103,-2,2,-1.30103,1.30103
3847,1.455932,-2,2,-1.30103,1.30103
3849,1.468521,-2,2,-1.30103,1.30103
3851,1.468521,-2,2,-1.30103,1.30103
3853,1.468521,-2,2,-1.30103,1.30103
3855,1.408935,-2,2,-1.30103,1.30103
3857,1.366531,-2,2,-1.30103,1.30103
3859,2.221849,-2,2,-1.30103,1.30103
3861,2.221849,-2,2,-1.30103,1.30103
3863,2.09691,-2,2,-1.30103,1.30103
3865,2.09691,-2,2,-1.30103,1.30103
3867,2.09691,-2,2,-1.30103,1.30103
3869,2.09691,-2,2,-1.30103,1.30103
3871,2.09691,-2,2,-1.30103,1.30103
3873,2.045758,-2,2,-1.30103,1.30103
3875,2,-2,2,-1.30103,1.30103
3877,2.09691,-2,2,-1.30103,1.30103
3879,2.221849,-2,2,-1.30103,1.30103
3881,2.221849,-2,2,-1.30103,1.30103
3883,1.79588,-2,2,-1.30103,1.30103
3885,1.79588,-2,2,-1.30103,1.30103
3887,1.79588,-2,2,-1.30103,1.30103
3889,1.443697,-2,2,-1.30103,1.30103
3891,1.443697,-2,2,-1.30103,1.30103
3893,1.408935,-2,2,-1.30103,1.30103
3895,1.39794,-2,2,-1.30103,1.30103
3897,1.420216,-2,2,-1.30103,1.30103
3899,1.920819,-2,2,-1.30103,1.30103
3901,2.69897,-2,2,-1.30103,1.30103
3903,2.69897,-2,2,-1.30103,1.30103
3905,2.09691,-2,2,-1.30103,1.30103
3907,2.154902,-2,2,-1.30103,1.30103
3909,2.221849,-2,2,-1.30103,1.30103
3911,2.221849,-2,2,-1.30103,1.30103
3913,2.30103,-2,2,-1.30103,1.30103
3915,2.39794,-2,2,-1.30103,1.30103
3917,2.39794,-2,2,-1.30103,1.30103
3919,2.69897,-2,2,-1.30103,1.30103
3921,2.39794,-2,2,-1.30103,1.30103
3923,2.39794,-2,2,-1.30103,1.30103
3925,2.39794,-2,2,-1.30103,1.30103
3927,2.39794,-2,2,-1.30103,1.30103
3929,2.39794,-2,2,-1.30103,1.30103
3931,2.39794,-2,2,-1.30103,1.30103
3933,2.39794,-2,2,-1.30103,1.30103
3935,1.886057,-2,2,-1.30103,1.30103
3937,1.886057,-2,2,-1.30103,1.30103
3939,1.79588,-2,2,-1.30103,1.30103
3941,1.79588,-2,2,-1.30103,1.30103
3943,1.920819,-2,2,-1.30103,1.30103
3945,2.09691,-2,2,-1.30103,1.30103
3947,2,-2,2,-1.30103,1.30103
3949,2.221849,-2,2,-1.30103,1.30103
3951,1.853872,-2,2,-1.30103,1.30103
3953,1.853872,-2,2,-1.30103,1.30103
3955,1.920819,-2,2,-1.30103,1.30103
3957,1.886057,-2,2,-1.30103,1.30103
3959,1.79588,-2,2,-1.30103,1.30103
3961,1.744727,-2,2,-1.30103,1.30103
3963,1.69897,-2,2,-1.30103,1.30103
3965,1.677781,-2,2,-1.30103,1.30103
3967,1.69897,-2,2,-1.30103,1.30103
3969,1.721246,-2,2,-1.30103,1.30103
3971,1.376751,-2,2,-1.30103,1.30103
3973,1.376751,-2,2,-1.30103,1.30103
3975,1.318759,-2,2,-1.30103,1.30103
3977,1.318759,-2,2,-1.30103,1.30103
3979,1.30103,-2,2,-1.30103,1.30103
3981,1.267606,-2,2,-1.30103,1.30103
3983,1.267606,-2,2,-1.30103,1.30103
3985,1.259637,-2,2,-1.30103,1.30103
3987,1.30103,-2,2,-1.30103,1.30103
3989,1.30103,-2,2,-1.30103,1.30103
3991,1.236572,-2,2,-1.30103,1.30103
3993,1.19382,-2,2,-1.30103,1.30103
3995,1.207608,-2,2,-1.30103,1.30103
3997,1.21467,-2,2,-1.30103,1.30103
3999,1.221849,-2,2,-1.30103,1.30103
4001,1.221849,-2,2,-1.30103,1.30103
4003,1.283997,-2,2,-1.30103,1.30103
4005,1.236572,-2,2,-1.30103,1.30103
4007,1.568636,-2,2,-1.30103,1.30103
4009,1.522879,-2,2,-1.30103,1.30103
4011,1.522879,-2,2,-1.30103,1.30103
4013,1.19382,-2,2,-1.30103,1.30103
4015,1.207608,-2,2,-1.30103,1.30103
4017,1.236572,-2,2,-1.30103,1.30103
4019,1.236572,-2,2,-1.30103,1.30103
4021,1.21467,-2,2,-1.30103,1.30103
4023,0.9393021,-2,2,-1.30103,1.30103
4025,0.9430951,-2,2,-1.30103,1.30103
4027,0.9829667,-2,2,-1.30103,1.30103
4029,0.9430951,-2,2,-1.30103,1.30103
4031,0.5718652,-2,2,-1.30103,1.30103
4033,0.5436339,-2,2,-1.30103,1.30103
4035,0.5654311,-2,2,-1.30103,1.30103
4037,0.5850267,-2,2,-1.30103,1.30103
4039,0.5734887,-2,2,-1.30103,1.30103
4041,0.5783961,-2,2,-1.30103,1.30103
4043,0.5734887,-2,2,-1.30103,1.30103
4045,0.5590909,-2,2,-1.30103,1.30103
4047,0.5142786,-2,2,-1.30103,1.30103
4049,0.4841262,-2,2,-1.30103,1.30103
4051,0.4775558,-2,2,-1.30103,1.30103
4053,0.4867824,-2,2,-1.30103,1.30103
4055,0.4762535,-2,2,-1.30103,1.30103
4057,0.5114493,-2,2,-1.30103,1.30103
4059,0.5157002,-2,2,-1.30103,1.30103
4061,0.3767507,-2,2,-1.30103,1.30103
4063,0.3893398,-2,2,-1.30103,1.30103
4065,0.3829997,-2,2,-1.30103,1.30103
4067,0.3829997,-2,2,-1.30103,1.30103
4069,0.3829997,-2,2,-1.30103,1.30103
4071,0.3936186,-2,2,-1.30103,1.30103
4073,0.3936186,-2,2,-1.30103,1.30103
4075,0.3767507,-2,2,-1.30103,1.30103
4077,0.3625103,-2,2,-1.30103,1.30103
4079,0.3362991,-2,2,-1.30103,1.30103
4081,0.3196645,-2,2,-1.30103,1.30103
4083,0.4271284,-2,2,-1.30103,1.30103
4085,0.4294571,-2,2,-1.30103,1.30103
4087,0.4001169,-2,2,-1.30103,1.30103
4089,0.5559552,-2,2,-1.30103,1.30103
4091,0.5543958,-2,2,-1.30103,1.30103
4093,0.5391021,-2,2,-1.30103,1.30103
4095,0.5287083,-2,2,-1.30103,1.30103
4097,0.5287083,-2,2,-1.30103,1.30103
4099,0.489455,-2,2,-1.30103,1.30103
4101,0.455932,-2,2,-1.30103,1.30103
4103,0.4584208,-2,2,-1.30103,1.30103
4105,0.5985994,-2,2,-1.30103,1.30103
4107,0.59176,-2,2,-1.30103,1.30103
4109,0.5800443,-2,2,-1.30103,1.30103
4111,0.5686362,-2,2,-1.30103,1.30103
4113,0.5228788,-2,2,-1.30103,1.30103
4115,0.4659739,-2,2,-1.30103,1.30103
4117,0.4341522,-2,2,-1.30103,1.30103
4119,0.4067139,-2,2,-1.30103,1.30103
4121,0.4001169,-2,2,-1.30103,1.30103
4123,0.3957739,-2,2,-1.30103,1.30103
4125,0.348722,-2,2,-1.30103,1.30103
4127,0.352617,-2,2,-1.30103,1.30103
4129,0.3242217,-2,2,-1.30103,1.30103
4131,0.3115802,-2,2,-1.30103,1.30103
4133,0.3115802,-2,2,-1.30103,1.30103
4135,0.44855,-2,2,-1.30103,1.30103
4137,0.4534573,-2,2,-1.30103,1.30103
4139,0.4534573,-2,2,-1.30103,1.30103
4141,0.455932,-2,2,-1.30103,1.30103
4143,0.4271284,-2,2,-1.30103,1.30103
4145,0.3716111,-2,2,-1.30103,1.30103
4147,-0.30103,-2,2,-1.30103,1.30103
4149,0.3133637,-2,2,-1.30103,1.30103
4151,0.3851028,-2,2,-1.30103,1.30103
4153,0.3448616,-2,2,-1.30103,1.30103
4155,-0.333482,-2,2,-1.30103,1.30103
4157,-0.326058,-2,2,-1.30103,1.30103
4159,-0.3214816,-2,2,-1.30103,1.30103
4161,-0.3297541,-2,2,-1.30103,1.30103
4163,-0.4546929,-2,2,-1.30103,1.30103
4165,-0.6798537,-2,2,-1.30103,1.30103
4167,-0.7235382,-2,2,-1.30103,1.30103
4169,-0.7258422,-2,2,-1.30103,1.30103
4171,-0.530178,-2,2,-1.30103,1.30103
4173,-0.5199931,-2,2,-1.30103,1.30103
4175,-0.4881167,-2,2,-1.30103,1.30103
4177,-0.493495,-2,2,-1.30103,1.30103
4179,-0.6736642,-2,2,-1.30103,1.30103
4181,-0.6126102,-2,2,-1.30103,1.30103
4183,-0.6126102,-2,2,-1.30103,1.30103
4185,-0.6420652,-2,2,-1.30103,1.30103
4187,-0.636388,-2,2,-1.30103,1.30103
4189,-0.8601209,-2,2,-1.30103,1.30103
4191,-0.8416375,-2,2,-1.30103,1.30103
4193,-0.8297383,-2,2,-1.30103,1.30103
4195,-0.7931741,-2,2,-1.30103,1.30103
4197,-0.8013429,-2,2,-1.30103,1.30103
4199,-0.7986029,-2,2,-1.30103,1.30103
4201,-0.8041003,-2,2,-1.30103,1.30103
4203,-0.8477117,-2,2,-1.30103,1.30103
4205,-1.05061,-2,2,-1.30103,1.30103
4207,-1.045758,-2,2,-1.30103,1.30103
4209,-1.05061,-2,2,-1.30103,1.30103
4211,-1.026872,-2,2,-1.30103,1.30103
4213,-0.8416375,-2,2,-1.30103,1.30103
4215,-0.8728952,-2,2,-1.30103,1.30103
4217,-0.89279,-2,2,-1.30103,1.30103
4219,-0.9100949,-2,2,-1.30103,1.30103
4221,-1.19382,-2,2,-1.30103,1.30103
4223,-0.935542,-2,2,-1.30103,1.30103
4225,-0.9586073,-2,2,-1.30103,1.30103
4227,-1.080922,-2,2,-1.30103,1.30103
4229,-1.036212,-2,2,-1.30103,1.30103
4231,-0.5751184,-2,2,-1.30103,1.30103
4233,-0.6575773,-2,2,-1.30103,1.30103
4235,-0.6556077,-2,2,-1.30103,1.30103
4237,-0.7077439,-2,2,-1.30103,1.30103
4239,-0.730487,-2,2,-1.30103,1.30103
4241,-0.6556077,-2,2,-1.30103,1.30103
4243,-0.6556077,-2,2,-1.30103,1.30103
4245,-0.653647,-2,2,-1.30103,1.30103
4247,-0.6439741,-2,2,-1.30103,1.30103
4249,-0.9172146,-2,2,-1.30103,1.30103
4251,-0.935542,-2,2,-1.30103,1.30103
4253,-0.928118,-2,2,-1.30103,1.30103
4255,-1.017729,-2,2,-1.30103,1.30103
4257,-1.161151,-2,2,-1.30103,1.30103
4259,-1.173925,-2,2,-1.30103,1.30103
4261,-0.8153086,-2,2,-1.30103,1.30103
4263,-0.8860567,-2,2,-1.30103,1.30103
4265,-0.7670039,-2,2,-1.30103,1.30103
4267,-0.6675615,-2,2,-1.30103,1.30103
4269,-0.6655462,-2,2,-1.30103,1.30103
4271,-0.623423,-2,2,-1.30103,1.30103
4273,-0.6326441,-2,2,-1.30103,1.30103
4275,-0.6655462,-2,2,-1.30103,1.30103
4277,-0.6655462,-2,2,-1.30103,1.30103
4279,-0.6655462,-2,2,-1.30103,1.30103
4281,-0.6655462,-2,2,-1.30103,1.30103
4283,-0.9706162,-2,2,-1.30103,1.30103
4285,-1.283997,-2,2,-1.30103,1.30103
4287,-1.657577,-2,2,-1.30103,1.30103
4289,-1.657577,-2,2,-1.30103,1.30103
4291,-1.79588,-2,2,-1.30103,1.30103
4293,-1.79588,-2,2,-1.30103,1.30103
4295,-1.721246,-2,2,-1.30103,1.30103
4297,-1.69897,-2,2,-1.30103,1.30103
4299,-1.69897,-2,2,-1.30103,1.30103
4301,-1.522879,-2,2,-1.30103,1.30103
4303,-1.481486,-2,2,-1.30103,1.30103
4305,-1.481486,-2,2,-1.30103,1.30103
4307,-1.431798,-2,2,-1.30103,1.30103
4309,-1.356547,-2,2,-1.30103,1.30103
4311,-1.356547,-2,2,-1.30103,1.30103
4313,-1.221849,-2,2,-1.30103,1.30103
4315,-1.221849,-2,2,-1.30103,1.30103
4317,-1.221849,-2,2,-1.30103,1.30103
4319,-1.124939,-2,2,-1.30103,1.30103
4321,-1.130768,-2,2,-1.30103,1.30103
4323,-1.229148,-2,2,-1.30103,1.30103
4325,-1.130768,-2,2,-1.30103,1.30103
4327,-1.431798,-2,2,-1.30103,1.30103
4329,-1.69897,-2,2,-1.30103,1.30103
4331,-1.657577,-2,2,-1.30103,1.30103
4333,-1.638272,-2,2,-1.30103,1.30103
4335,-1.657577,-2,2,-1.30103,1.30103
4337,-2.09691,-2,2,-1.30103,1.30103
4339,-2.221849,-2,2,-1.30103,1.30103
4341,-2.221849,-2,2,-1.30103,1.30103
4343,-2.09691,-2,2,-1.30103,1.30103
4345,-2.09691,-2,2,-1.30103,1.30103
4347,-2.045758,-2,2,-1.30103,1.30103
4349,-1.958607,-2,2,-1.30103,1.30103
4351,-1.79588,-2,2,-1.30103,1.30103
4353,-1.79588,-2,2,-1.30103,1.30103
4355,-1.638272,-2,2,-1.30103,1.30103
4357,-1.638272,-2,2,-1.30103,1.30103
4359,-1.638272,-2,2,-1.30103,1.30103
4361,-1.657577,-2,2,-1.30103,1.30103
4363,-1.346787,-2,2,-1.30103,1.30103
4365,-1.124939,-2,2,-1.30103,1.30103
4367,-1.113509,-2,2,-1.30103,1.30103
4369,-1.124939,-2,2,-1.30103,1.30103
4371,-1.130768,-2,2,-1.30103,1.30103
4373,-1.130768,-2,2,-1.30103,1.30103
4375,-1.124939,-2,2,-1.30103,1.30103
4377,-1.19382,-2,2,-1.30103,1.30103
4379,-0.935542,-2,2,-1.30103,1.30103
4381,-0.9913998,-2,2,-1.30103,1.30103
4383,-1,-2,2,-1.30103,1.30103
4385,-0.9625735,-2,2,-1.30103,1.30103
4387,-0.9706162,-2,2,-1.30103,1.30103
4389,-0.7569619,-2,2,-1.30103,1.30103
4391,-0.7055338,-2,2,-1.30103,1.30103
4393,-0.7328283,-2,2,-1.30103,1.30103
4395,-0.7423214,-2,2,-1.30103,1.30103
4397,-0.821023,-2,2,-1.30103,1.30103
4399,-1.075721,-2,2,-1.30103,1.30103
4401,-1.070581,-2,2,-1.30103,1.30103
4403,-1.853872,-2,2,-1.30103,1.30103
4405,-1.309804,-2,2,-1.30103,1.30103
4407,-1.886057,-2,2,-1.30103,1.30103
4409,-1.920819,-2,2,-1.30103,1.30103
4411,-1.744727,-2,2,-1.30103,1.30103
4413,-1.69897,-2,2,-1.30103,1.30103
4415,-1.721246,-2,2,-1.30103,1.30103
4417,-1.721246,-2,2,-1.30103,1.30103
4419,-1.677781,-2,2,-1.30103,1.30103
4421,-1.309804,-2,2,-1.30103,1.30103
4423,-1.327902,-2,2,-1.30103,1.30103
4425,-1.283997,-2,2,-1.30103,1.30103
4427,-1.283997,-2,2,-1.30103,1.30103
4429,-1.346787,-2,2,-1.30103,1.30103
4431,-1.638272,-2,2,-1.30103,1.30103
4433,-1.568636,-2,2,-1.30103,1.30103
4435,-1.537602,-2,2,-1.30103,1.30103
4437,-1.376751,-2,2,-1.30103,1.30103
4439,-1.366531,-2,2,-1.30103,1.30103
4441,-1.455932,-2,2,-1.30103,1.30103
4443,-1.387216,-2,2,-1.30103,1.30103
4445,-2.045758,-2,2,-1.30103,1.30103
4447,-1.886057,-2,2,-1.30103,1.30103
4449,-1.958607,-2,2,-1.30103,1.30103
4451,-1.920819,-2,2,-1.30103,1.30103
4453,-1.853872,-2,2,-1.30103,1.30103
4455,-1.79588,-2,2,-1.30103,1.30103
4457,-1.677781,-2,2,-1.30103,1.30103
4459,-1.677781,-2,2,-1.30103,1.30103
4461,-1.49485,-2,2,-1.30103,1.30103
4463,-1.387216,-2,2,-1.30103,1.30103
4465,-1.327902,-2,2,-1.30103,1.30103
4467,-1.229148,-2,2,-1.30103,1.30103
4469,-1.366531,-2,2,-1.30103,1.30103
4471,-1.309804,-2,2,-1.30103,1.30103
4473,-1.60206,-2,2,-1.30103,1.30103
4475,-1.508638,-2,2,-1.30103,1.30103
4477,-1.431798,-2,2,-1.30103,1.30103
4479,-1.420216,-2,2,-1.30103,1.30103
4481,-1.387216,-2,2,-1.30103,1.30103
4483,-1.124939,-2,2,-1.30103,1.30103
4485,-0.8326827,-2,2,-1.30103,1.30103
4487,-0.5816987,-2,2,-1.30103,1.30103
4489,-0.5734887,-2,2,-1.30103,1.30103
4491,-0.5272436,-2,2,-1.30103,1.30103
4493,-0.5100415,-2,2,-1.30103,1.30103
4495,-0.4473318,-2,2,-1.30103,1.30103
4497,-0.3904056,-2,2,-1.30103,1.30103
4499,-0.3798639,-2,2,-1.30103,1.30103
4501,-0.4045038,-2,2,-1.30103,1.30103
4503,-0.4023048,-2,2,-1.30103,1.30103
4505,-0.4001169,-2,2,-1.30103,1.30103
4507,-0.3645163,-2,2,-1.30103,1.30103
4509,-0.4841262,-2,2,-1.30103,1.30103
4511,-0.455932,-2,2,-1.30103,1.30103
4513,-0.5128616,-2,2,-1.30103,1.30103
4515,-0.4975729,-2,2,-1.30103,1.30103
4517,-0.49485,-2,2,-1.30103,1.30103
4519,-0.5316527,-2,2,-1.30103,1.30103
4521,-0.5257837,-2,2,-1.30103,1.30103
4523,-0.5114493,-2,2,-1.30103,1.30103
4525,-0.5543958,-2,2,-1.30103,1.30103
4527,-0.3861582,-2,2,-1.30103,1.30103
4529,-0.3391345,-2,2,-1.30103,1.30103
4531,-0.3400838,-2,2,-1.30103,1.30103
4533,-0.333482,-2,2,-1.30103,1.30103
4535,-0.3098039,-2,2,-1.30103,1.30103
4537,0.4067139,-2,2,-1.30103,1.30103
4539,0.5702477,-2,2,-1.30103,1.30103
4541,0.5686362,-2,2,-1.30103,1.30103
4543,0.5406075,-2,2,-1.30103,1.30103
4545,0.5406075,-2,2,-1.30103,1.30103
4547,0.537602,-2,2,-1.30103,1.30103
4549,0.5900669,-2,2,-1.30103,1.30103
4551,0.6420652,-2,2,-1.30103,1.30103
4553,0.6615435,-2,2,-1.30103,1.30103
4555,0.6420652,-2,2,-1.30103,1.30103
4557,0.6840296,-2,2,-1.30103,1.30103
4559,-0.3316141,-2,2,-1.30103,1.30103
4561,0.3115802,-2,2,-1.30103,1.30103
4563,0.3151546,-2,2,-1.30103,1.30103
4565,-0.333482,-2,2,-1.30103,1.30103
4567,-0.3429441,-2,2,-1.30103,1.30103
4569,-0.334419,-2,2,-1.30103,1.30103
4571,-0.333482,-2,2,-1.30103,1.30103
4573,-0.332547,-2,2,-1.30103,1.30103
4575,-0.3506652,-2,2,-1.30103,1.30103
4577,-0.3506652,-2,2,-1.30103,1.30103
4579,-0.3045183,-2,2,-1.30103,1.30103
4581,-0.3187588,-2,2,-1.30103,1.30103
4583,-0.316953,-2,2,-1.30103,1.30103
4585,-0.316953,-2,2,-1.30103,1.30103
4587,-0.3242217,-2,2,-1.30103,1.30103
4589,-0.3736596,-2,2,-1.30103,1.30103
4591,-0.3362991,-2,2,-1.30103,1.30103
4593,-0.334419,-2,2,-1.30103,1.30103
4595,-0.3448616,-2,2,-1.30103,1.30103
4597,-0.3467875,-2,2,-1.30103,1.30103
4599,0.3496925,-2,2,-1.30103,1.30103
4601,0.3809067,-2,2,-1.30103,1.30103
4603,0.6819367,-2,2,-1.30103,1.30103
4605,0.69897,-2,2,-1.30103,1.30103
4607,1.107905,-2,2,-1.30103,1.30103
4609,0.8827287,-2,2,-1.30103,1.30103
4611,0.9208187,-2,2,-1.30103,1.30103
4613,0.8860567,-2,2,-1.30103,1.30103
4615,0.89279,-2,2,-1.30103,1.30103
4617,0.8996295,-2,2,-1.30103,1.30103
4619,0.9065783,-2,2,-1.30103,1.30103
4621,0.9065783,-2,2,-1.30103,1.30103
4623,0.8356472,-2,2,-1.30103,1.30103
4625,0.8297383,-2,2,-1.30103,1.30103
4627,0.8124793,-2,2,-1.30103,1.30103
4629,0.634512,-2,2,-1.30103,1.30103
4631,0.8416375,-2,2,-1.30103,1.30103
4633,0.7544873,-2,2,-1.30103,1.30103
4635,0.79588,-2,2,-1.30103,1.30103
4637,0.8416375,-2,2,-1.30103,1.30103
4639,0.8961963,-2,2,-1.30103,1.30103
4641,0.924453,-2,2,-1.30103,1.30103
4643,0.9136401,-2,2,-1.30103,1.30103
4645,1.148742,-2,2,-1.30103,1.30103
4647,1.154902,-2,2,-1.30103,1.30103
4649,1.522879,-2,2,-1.30103,1.30103
4651,1.522879,-2,2,-1.30103,1.30103
4653,1.60206,-2,2,-1.30103,1.30103
4655,1.522879,-2,2,-1.30103,1.30103
4657,1.49485,-2,2,-1.30103,1.30103
4659,1.537602,-2,2,-1.30103,1.30103
4661,1.49485,-2,2,-1.30103,1.30103
4663,1.283997,-2,2,-1.30103,1.30103
4665,1.026872,-2,2,-1.30103,1.30103
4667,0.950782,-2,2,-1.30103,1.30103
4669,0.950782,-2,2,-1.30103,1.30103
4671,0.9172146,-2,2,-1.30103,1.30103
4673,1.031517,-2,2,-1.30103,1.30103
4675,1.055517,-2,2,-1.30103,1.30103
4677,1.080922,-2,2,-1.30103,1.30103
4679,1.102373,-2,2,-1.30103,1.30103
4681,1.09691,-2,2,-1.30103,1.30103
4683,1.107905,-2,2,-1.30103,1.30103
4685,1.075721,-2,2,-1.30103,1.30103
4687,1.113509,-2,2,-1.30103,1.30103
4689,1.008774,-2,2,-1.30103,1.30103
4691,0.8096683,-2,2,-1.30103,1.30103
4693,0.8013429,-2,2,-1.30103,1.30103
4695,0.7695511,-2,2,-1.30103,1.30103
4697,0.5086383,-2,2,-1.30103,1.30103
4699,0.4921441,-2,2,-1.30103,1.30103
4701,0.5436339,-2,2,-1.30103,1.30103
4703,0.5406075,-2,2,-1.30103,1.30103
4705,0.5086383,-2,2,-1.30103,1.30103
4707,0.4436975,-2,2,-1.30103,1.30103
4709,0.6055483,-2,2,-1.30103,1.30103
4711,0.6055483,-2,2,-1.30103,1.30103
4713,0.6216021,-2,2,-1.30103,1.30103
4715,0.6161847,-2,2,-1.30103,1.30103
4717,0.617983,-2,2,-1.30103,1.30103
4719,0.653647,-2,2,-1.30103,1.30103
4721,0.6478175,-2,2,-1.30103,1.30103
4723,0.3861582,-2,2,-1.30103,1.30103
4725,0.4045038,-2,2,-1.30103,1.30103
4727,0.4067139,-2,2,-1.30103,1.30103
4729,0.3233064,-2,2,-1.30103,1.30103
4731,-0.3036436,-2,2,-1.30103,1.30103
4733,0.3053948,-2,2,-1.30103,1.30103
4735,0.3080349,-2,2,-1.30103,1.30103
4737,-0.3187588,-2,2,-1.30103,1.30103
4739,-0.3142582,-2,2,-1.30103,1.30103
4741,-0.3045183,-2,2,-1.30103,1.30103
4743,0.3187588,-2,2,-1.30103,1.30103
4745,0.3575355,-2,2,-1.30103,1.30103
4747,0.3585259,-2,2,-1.30103,1.30103
4749,-0.306273,-2,2,-1.30103,1.30103
4751,-0.3316141,-2,2,-1.30103,1.30103
4753,-0.3429441,-2,2,-1.30103,1.30103
4755,-0.5243288,-2,2,-1.30103,1.30103
4757,-0.6289321,-2,2,-1.30103,1.30103
4759,-0.392545,-2,2,-1.30103,1.30103
4761,-0.3990271,-2,2,-1.30103,1.30103
4763,-0.4023048,-2,2,-1.30103,1.30103
4765,-0.316953,-2,2,-1.30103,1.30103
4767,-0.3098039,-2,2,-1.30103,1.30103
4769,0.3045183,-2,2,-1.30103,1.30103
4771,0.3316141,-2,2,-1.30103,1.30103
4773,0.333482,-2,2,-1.30103,1.30103
4775,0.3071531,-2,2,-1.30103,1.30103
4777,-0.348722,-2,2,-1.30103,1.30103
4779,-0.3506652,-2,2,-1.30103,1.30103
4781,-0.3645163,-2,2,-1.30103,1.30103
4783,-0.4473318,-2,2,-1.30103,1.30103
4785,-0.4473318,-2,2,-1.30103,1.30103
4787,-0.446117,-2,2,-1.30103,1.30103
4789,-0.3477537,-2,2,-1.30103,1.30103
4791,-0.3496925,-2,2,-1.30103,1.30103
4793,-0.4034029,-2,2,-1.30103,1.30103
4795,-0.3882767,-2,2,-1.30103,1.30103
4797,-0.4023048,-2,2,-1.30103,1.30103
4799,-0.5128616,-2,2,-1.30103,1.30103
4801,-0.6420652,-2,2,-1.30103,1.30103
4803,-0.6840296,-2,2,-1.30103,1.30103
4805,-0.692504,-2,2,-1.30103,1.30103
4807,-0.627088,-2,2,-1.30103,1.30103
4809,-0.5016894,-2,2,-1.30103,1.30103
4811,-0.5346171,-2,2,-1.30103,1.30103
4813,-0.5072396,-2,2,-1.30103,1.30103
4815,-0.634512,-2,2,-1.30103,1.30103
4817,-0.5816987,-2,2,-1.30103,1.30103
4819,-0.5734887,-2,2,-1.30103,1.30103
4821,-0.5734887,-2,2,-1.30103,1.30103
4823,-0.5606673,-2,2,-1.30103,1.30103
4825,-0.4989407,-2,2,-1.30103,1.30103
4827,-0.4814861,-2,2,-1.30103,1.30103
4829,-0.4294571,-2,2,-1.30103,1.30103
4831,-0.4145393,-2,2,-1.30103,1.30103
4833,-0.3726341,-2,2,-1.30103,1.30103
4835,-0.4078232,-2,2,-1.30103,1.30103
4837,-0.4621809,-2,2,-1.30103,1.30103
4839,-0.5016894,-2,2,-1.30103,1.30103
4841,-0.5100415,-2,2,-1.30103,1.30103
4843,-0.4921441,-2,2,-1.30103,1.30103
4845,-0.5867003,-2,2,-1.30103,1.30103
4847,-0.6126102,-2,2,-1.30103,1.30103
4849,-0.7375489,-2,2,-1.30103,1.30103
4851,-0.7423214,-2,2,-1.30103,1.30103
4853,-0.7569619,-2,2,-1.30103,1.30103
4855,-0.7746907,-2,2,-1.30103,1.30103
4857,-0.74958,-2,2,-1.30103,1.30103
4859,-0.8181564,-2,2,-1.30103,1.30103
4861,-0.8068754,-2,2,-1.30103,1.30103
4863,-0.6556077,-2,2,-1.30103,1.30103
4865,-0.5767542,-2,2,-1.30103,1.30103
4867,-0.5622494,-2,2,-1.30103,1.30103
4869,-0.5346171,-2,2,-1.30103,1.30103
4871,-0.6458915,-2,2,-1.30103,1.30103
4873,-0.5816987,-2,2,-1.30103,1.30103
4875,-0.5482135,-2,2,-1.30103,1.30103
4877,-0.4975729,-2,2,-1.30103,1.30103
4879,-0.6478175,-2,2,-1.30103,1.30103
4881,-0.6143937,-2,2,-1.30103,1.30103
4883,-0.6326441,-2,2,-1.30103,1.30103
4885,-0.5934598,-2,2,-1.30103,1.30103
4887,-0.6757175,-2,2,-1.30103,1.30103
4889,-0.5702477,-2,2,-1.30103,1.30103
4891,-0.6161847,-2,2,-1.30103,1.30103
4893,-0.8041003,-2,2,-1.30103,1.30103
4895,-0.790485,-2,2,-1.30103,1.30103
4897,-0.6289321,-2,2,-1.30103,1.30103
4899,-0.6326441,-2,2,-1.30103,1.30103
4901,-0.653647,-2,2,-1.30103,1.30103
4903,-0.6903698,-2,2,-1.30103,1.30103
4905,-0.6382722,-2,2,-1.30103,1.30103
4907,-0.6161847,-2,2,-1.30103,1.30103
4909,-0.6420652,-2,2,-1.30103,1.30103
4911,-0.5900669,-2,2,-1.30103,1.30103
4913,-0.5767542,-2,2,-1.30103,1.30103
4915,-0.6458915,-2,2,-1.30103,1.30103
4917,-0.6038007,-2,2,-1.30103,1.30103
4919,-0.5985994,-2,2,-1.30103,1.30103
4921,-0.6458915,-2,2,-1.30103,1.30103
4923,-0.3439018,-2,2,-1.30103,1.30103
4925,-0.3115802,-2,2,-1.30103,1.30103
4927,-0.3419886,-2,2,-1.30103,1.30103
4929,-0.30103,-2,2,-1.30103,1.30103
4931,0.3045183,-2,2,-1.30103,1.30103
4933,-0.30103,-2,2,-1.30103,1.30103
4935,-0.3089185,-2,2,-1.30103,1.30103
4937,0.306273,-2,2,-1.30103,1.30103
4939,0.3045183,-2,2,-1.30103,1.30103
4941,0.3151546,-2,2,-1.30103,1.30103
4943,0.3178549,-2,2,-1.30103,1.30103
4945,-0.3242217,-2,2,-1.30103,1.30103
4947,-0.3957739,-2,2,-1.30103,1.30103
4949,-0.3151546,-2,2,-1.30103,1.30103
4951,-0.3655227,-2,2,-1.30103,1.30103
4953,-0.3757179,-2,2,-1.30103,1.30103
4955,0.3605135,-2,2,-1.30103,1.30103
4957,0.4698003,-2,2,-1.30103,1.30103
4959,0.5883803,-2,2,-1.30103,1.30103
4961,0.623423,-2,2,-1.30103,1.30103
4963,0.5951663,-2,2,-1.30103,1.30103
4965,0.5512937,-2,2,-1.30103,1.30103
4967,0.5686362,-2,2,-1.30103,1.30103
4969,0.4921441,-2,2,-1.30103,1.30103
4971,0.4921441,-2,2,-1.30103,1.30103
4973,0.4584208,-2,2,-1.30103,1.30103
4975,0.4571746,-2,2,-1.30103,1.30103
4977,0.6126102,-2,2,-1.30103,1.30103
4979,0.6458915,-2,2,-1.30103,1.30103
4981,0.6401645,-2,2,-1.30103,1.30103
4983,0.5985994,-2,2,-1.30103,1.30103
4985,0.634512,-2,2,-1.30103,1.30103
4987,0.6252517,-2,2,-1.30103,1.30103
4989,0.6307842,-2,2,-1.30103,1.30103
4991,0.6458915,-2,2,-1.30103,1.30103
4993,0.649752,-2,2,-1.30103,1.30103
4995,0.69897,-2,2,-1.30103,1.30103
4997,0.627088,-2,2,-1.30103,1.30103
4999,0.7189666,-2,2,-1.30103,1.30103
5001,0.89279,-2,2,-1.30103,1.30103
5003,0.89279,-2,2,-1.30103,1.30103
5005,0.9065783,-2,2,-1.30103,1.30103
5007,0.8794261,-2,2,-1.30103,1.30103
5009,0.928118,-2,2,-1.30103,1.30103
5011,1.008774,-2,2,-1.30103,1.30103
5013,1.026872,-2,2,-1.30103,1.30103
5015,1.251812,-2,2,-1.30103,1.30103
5017,1.142668,-2,2,-1.30103,1.30103
5019,1.124939,-2,2,-1.30103,1.30103
5021,1.19382,-2,2,-1.30103,1.30103
5023,1.180456,-2,2,-1.30103,1.30103
5025,1.154902,-2,2,-1.30103,1.30103
5027,1.065502,-2,2,-1.30103,1.30103
5029,1.356547,-2,2,-1.30103,1.30103
5031,1.366531,-2,2,-1.30103,1.30103
5033,1.356547,-2,2,-1.30103,1.30103
5035,1.468521,-2,2,-1.30103,1.30103
5037,1.356547,-2,2,-1.30103,1.30103
5039,1.356547,-2,2,-1.30103,1.30103
5041,1.346787,-2,2,-1.30103,1.30103
5043,1.337242,-2,2,-1.30103,1.30103
5045,1.537602,-2,2,-1.30103,1.30103
5047,1.552842,-2,2,-1.30103,1.30103
5049,1.79588,-2,2,-1.30103,1.30103
5051,1.958607,-2,2,-1.30103,1.30103
5053,1.920819,-2,2,-1.30103,1.30103
5055,1.958607,-2,2,-1.30103,1.30103
5057,1.920819,-2,2,-1.30103,1.30103
5059,2.045758,-2,2,-1.30103,1.30103
5061,2.045758,-2,2,-1.30103,1.30103
5063,2.154902,-2,2,-1.30103,1.30103
5065,2.221849,-2,2,-1.30103,1.30103
5067,2.221849,-2,2,-1.30103,1.30103
5069,2,-2,2,-1.30103,1.30103
5071,1.958607,-2,2,-1.30103,1.30103
5073,2,-2,2,-1.30103,1.30103
5075,1.657577,-2,2,-1.30103,1.30103
5077,1.677781,-2,2,-1.30103,1.30103
5079,2,-2,2,-1.30103,1.30103
5081,2,-2,2,-1.30103,1.30103
5083,1.60206,-2,2,-1.30103,1.30103
5085,1.537602,-2,2,-1.30103,1.30103
5087,1.522879,-2,2,-1.30103,1.30103
5089,1.585027,-2,2,-1.30103,1.30103
5091,2,-2,2,-1.30103,1.30103
5093,2.39794,-2,2,-1.30103,1.30103
5095,2,-2,2,-1.30103,1.30103
5097,2.045758,-2,2,-1.30103,1.30103
5099,2.045758,-2,2,-1.30103,1.30103
5101,2,-2,2,-1.30103,1.30103
5103,2,-2,2,-1.30103,1.30103
5105,1.920819,-2,2,-1.30103,1.30103
5107,1.920819,-2,2,-1.30103,1.30103
5109,1.853872,-2,2,-1.30103,1.30103
5111,1.769551,-2,2,-1.30103,1.30103
5113,1.769551,-2,2,-1.30103,1.30103
5115,1.744727,-2,2,-1.30103,1.30103
5117,1.552842,-2,2,-1.30103,1.30103
5119,1.443697,-2,2,-1.30103,1.30103
5121,1.443697,-2,2,-1.30103,1.30103
5123,1.337242,-2,2,-1.30103,1.30103
5125,1.346787,-2,2,-1.30103,1.30103
5127,1.30103,-2,2,-1.30103,1.30103
5129,1.283997,-2,2,-1.30103,1.30103
5131,1.200659,-2,2,-1.30103,1.30103
5133,1.187087,-2,2,-1.30103,1.30103
5135,1.229148,-2,2,-1.30103,1.30103
5137,0.9625735,-2,2,-1.30103,1.30103
5139,0.7851561,-2,2,-1.30103,1.30103
5141,0.7011469,-2,2,-1.30103,1.30103
5143,0.7121983,-2,2,-1.30103,1.30103
5145,0.6439741,-2,2,-1.30103,1.30103
5147,0.8013429,-2,2,-1.30103,1.30103
5149,0.8013429,-2,2,-1.30103,1.30103
5151,0.7447275,-2,2,-1.30103,1.30103
5153,0.6946486,-2,2,-1.30103,1.30103
5155,0.5171264,-2,2,-1.30103,1.30103
5157,0.5086383,-2,2,-1.30103,1.30103
5159,0.5199931,-2,2,-1.30103,1.30103
5161,0.3448616,-2,2,-1.30103,1.30103
5163,0.3187588,-2,2,-1.30103,1.30103
5165,0.3297541,-2,2,-1.30103,1.30103
5167,0.333482,-2,2,-1.30103,1.30103
5169,0.4546929,-2,2,-1.30103,1.30103
5171,-0.3160529,-2,2,-1.30103,1.30103
5173,-0.3316141,-2,2,-1.30103,1.30103
5175,-0.333482,-2,2,-1.30103,1.30103
5177,-0.3316141,-2,2,-1.30103,1.30103
5179,-0.3316141,-2,2,-1.30103,1.30103
5181,-0.3053948,-2,2,-1.30103,1.30103
5183,0.3655227,-2,2,-1.30103,1.30103
5185,0.3893398,-2,2,-1.30103,1.30103
5187,0.4045038,-2,2,-1.30103,1.30103
5189,0.4001169,-2,2,-1.30103,1.30103
5191,0.4001169,-2,2,-1.30103,1.30103
5193,0.3904056,-2,2,-1.30103,1.30103
5195,0.3685562,-2,2,-1.30103,1.30103
5197,0.4179366,-2,2,-1.30103,1.30103
5199,0.3798639,-2,2,-1.30103,1.30103
5201,0.3829997,-2,2,-1.30103,1.30103
5203,0.3872162,-2,2,-1.30103,1.30103
5205,0.3565473,-2,2,-1.30103,1.30103
5207,0.4156688,-2,2,-1.30103,1.30103
5209,0.4045038,-2,2,-1.30103,1.30103
5211,0.3605135,-2,2,-1.30103,1.30103
5213,0.3665316,-2,2,-1.30103,1.30103
5215,0.3535963,-2,2,-1.30103,1.30103
5217,0.3585259,-2,2,-1.30103,1.30103
5219,0.3565473,-2,2,-1.30103,1.30103
5221,0.3027706,-2,2,-1.30103,1.30103
5223,0.3053948,-2,2,-1.30103,1.30103
5225,-0.335358,-2,2,-1.30103,1.30103
5227,-0.4509967,-2,2,-1.30103,1.30103
5229,-0.419075,-2,2,-1.30103,1.30103
5231,-0.4584208,-2,2,-1.30103,1.30103
5233,-0.5199931,-2,2,-1.30103,1.30103
5235,-0.5622494,-2,2,-1.30103,1.30103
5237,-0.653647,-2,2,-1.30103,1.30103
5239,-0.6478175,-2,2,-1.30103,1.30103
5241,-0.6516951,-2,2,-1.30103,1.30103
5243,-0.552842,-2,2,-1.30103,1.30103
5245,-0.5654311,-2,2,-1.30103,1.30103
5247,-0.5497509,-2,2,-1.30103,1.30103
5249,-0.5421181,-2,2,-1.30103,1.30103
5251,-0.5734887,-2,2,-1.30103,1.30103
5253,-0.623423,-2,2,-1.30103,1.30103
5255,-0.5543958,-2,2,-1.30103,1.30103
5257,-0.552842,-2,2,-1.30103,1.30103
5259,-0.552842,-2,2,-1.30103,1.30103
5261,-0.5287083,-2,2,-1.30103,1.30103
5263,-0.6252517,-2,2,-1.30103,1.30103
5265,-0.653647,-2,2,-1.30103,1.30103
5267,-0.6556077,-2,2,-1.30103,1.30103
5269,-0.790485,-2,2,-1.30103,1.30103
5271,-0.6675615,-2,2,-1.30103,1.30103
5273,-0.5638373,-2,2,-1.30103,1.30103
5275,-0.4596705,-2,2,-1.30103,1.30103
5277,-0.4497716,-2,2,-1.30103,1.30103
5279,-0.4867824,-2,2,-1.30103,1.30103
5281,-0.4634416,-2,2,-1.30103,1.30103
5283,-0.3391345,-2,2,-1.30103,1.30103
5285,-0.335358,-2,2,-1.30103,1.30103
5287,-0.3585259,-2,2,-1.30103,1.30103
5289,-0.5800443,-2,2,-1.30103,1.30103
5291,-0.5466816,-2,2,-1.30103,1.30103
5293,-0.480172,-2,2,-1.30103,1.30103
5295,-0.35164,-2,2,-1.30103,1.30103
5297,-0.3555614,-2,2,-1.30103,1.30103
5299,-0.3736596,-2,2,-1.30103,1.30103
5301,-0.3133637,-2,2,-1.30103,1.30103
5303,-0.3545777,-2,2,-1.30103,1.30103
5305,-0.3233064,-2,2,-1.30103,1.30103
5307,-0.3882767,-2,2,-1.30103,1.30103
5309,-0.49485,-2,2,-1.30103,1.30103
5311,-0.4907975,-2,2,-1.30103,1.30103
5313,-0.489455,-2,2,-1.30103,1.30103
5315,-0.6143937,-2,2,-1.30103,1.30103
5317,-0.5228788,-2,2,-1.30103,1.30103
5319,-0.4546929,-2,2,-1.30103,1.30103
5321,-0.4775558,-2,2,-1.30103,1.30103
5323,-0.5638373,-2,2,-1.30103,1.30103
5325,-0.552842,-2,2,-1.30103,1.30103
5327,-0.5638373,-2,2,-1.30103,1.30103
5329,-0.5670307,-2,2,-1.30103,1.30103
5331,-0.5670307,-2,2,-1.30103,1.30103
5333,-0.7121983,-2,2,-1.30103,1.30103
5335,-0.8632795,-2,2,-1.30103,1.30103
5337,-0.7328283,-2,2,-1.30103,1.30103
5339,-0.623423,-2,2,-1.30103,1.30103
5341,-0.7258422,-2,2,-1.30103,1.30103
5343,-0.7851561,-2,2,-1.30103,1.30103
5345,-0.692504,-2,2,-1.30103,1.30103
5347,-0.692504,-2,2,-1.30103,1.30103
5349,-0.6882461,-2,2,-1.30103,1.30103
5351,-0.5228788,-2,2,-1.30103,1.30103
5353,-0.623423,-2,2,-1.30103,1.30103
5355,-0.5142786,-2,2,-1.30103,1.30103
5357,-0.5114493,-2,2,-1.30103,1.30103
5359,-0.4710833,-2,2,-1.30103,1.30103
5361,-0.4078232,-2,2,-1.30103,1.30103
5363,-0.4271284,-2,2,-1.30103,1.30103
5365,-0.455932,-2,2,-1.30103,1.30103
5367,-0.4168012,-2,2,-1.30103,1.30103
5369,-0.5622494,-2,2,-1.30103,1.30103
5371,-0.3851028,-2,2,-1.30103,1.30103
5373,-0.4881167,-2,2,-1.30103,1.30103
5375,-0.4634416,-2,2,-1.30103,1.30103
5377,-0.3904056,-2,2,-1.30103,1.30103
5379,-0.3695721,-2,2,-1.30103,1.30103
5381,-0.348722,-2,2,-1.30103,1.30103
5383,-0.5171264,-2,2,-1.30103,1.30103
5385,-0.5058454,-2,2,-1.30103,1.30103
5387,-0.5003129,-2,2,-1.30103,1.30103
5389,-0.4854522,-2,2,-1.30103,1.30103
5391,-0.6289321,-2,2,-1.30103,1.30103
5393,-0.623423,-2,2,-1.30103,1.30103
5395,-0.6575773,-2,2,-1.30103,1.30103
5397,-0.607303,-2,2,-1.30103,1.30103
5399,-0.8632795,-2,2,-1.30103,1.30103
5401,-0.9430951,-2,2,-1.30103,1.30103
5403,-1.259637,-2,2,-1.30103,1.30103
5405,-1.251812,-2,2,-1.30103,1.30103
5407,-1.267606,-2,2,-1.30103,1.30103
5409,-1.337242,-2,2,-1.30103,1.30103
5411,-1.337242,-2,2,-1.30103,1.30103
5413,-1.318759,-2,2,-1.30103,1.30103
5415,-1.376751,-2,2,-1.30103,1.30103
5417,-1.39794,-2,2,-1.30103,1.30103
5419,-1.39794,-2,2,-1.30103,1.30103
5421,-1.420216,-2,2,-1.30103,1.30103
5423,-1.769551,-2,2,-1.30103,1.30103
5425,-1.481486,-2,2,-1.30103,1.30103
5427,-1.387216,-2,2,-1.30103,1.30103
5429,-1.481486,-2,2,-1.30103,1.30103
5431,-1.481486,-2,2,-1.30103,1.30103
5433,-1.522879,-2,2,-1.30103,1.30103
5435,-1.552842,-2,2,-1.30103,1.30103
5437,-1.337242,-2,2,-1.30103,1.30103
5439,-1.356547,-2,2,-1.30103,1.30103
5441,-1.327902,-2,2,-1.30103,1.30103
5443,-1.431798,-2,2,-1.30103,1.30103
5445,-1.481486,-2,2,-1.30103,1.30103
5447,-2.045758,-2,2,-1.30103,1.30103
5449,-2,-2,2,-1.30103,1.30103
5451,-1.920819,-2,2,-1.30103,1.30103
5453,-1.744727,-2,2,-1.30103,1.30103
5455,-1.677781,-2,2,-1.30103,1.30103
5457,-1.744727,-2,2,-1.30103,1.30103
5459,-1.721246,-2,2,-1.30103,1.30103
5461,-1.537602,-2,2,-1.30103,1.30103
5463,-1.309804,-2,2,-1.30103,1.30103
5465,-1.259637,-2,2,-1.30103,1.30103
5467,-1.19382,-2,2,-1.30103,1.30103
5469,-1.124939,-2,2,-1.30103,1.30103
5471,-0.9625735,-2,2,-1.30103,1.30103
5473,-1.040959,-2,2,-1.30103,1.30103
5475,-1.004365,-2,2,-1.30103,1.30103
5477,-0.8961963,-2,2,-1.30103,1.30103
5479,-0.8632795,-2,2,-1.30103,1.30103
5481,-0.8297383,-2,2,-1.30103,1.30103
5483,-0.9172146,-2,2,-1.30103,1.30103
5485,-0.9065783,-2,2,-1.30103,1.30103
5487,-0.8569852,-2,2,-1.30103,1.30103
5489,-0.60206,-2,2,-1.30103,1.30103
5491,-0.5686362,-2,2,-1.30103,1.30103
5493,-0.5951663,-2,2,-1.30103,1.30103
5495,-0.6252517,-2,2,-1.30103,1.30103
5497,-0.6090649,-2,2,-1.30103,1.30103
5499,-0.617983,-2,2,-1.30103,1.30103
5501,-0.6326441,-2,2,-1.30103,1.30103
5503,-0.5243288,-2,2,-1.30103,1.30103
5505,-0.5272436,-2,2,-1.30103,1.30103
5507,-0.4881167,-2,2,-1.30103,1.30103
5509,-0.3297541,-2,2,-1.30103,1.30103
5511,-0.3372422,-2,2,-1.30103,1.30103
5513,-0.332547,-2,2,-1.30103,1.30103
5515,0.3214816,-2,2,-1.30103,1.30103
5517,0.3187588,-2,2,-1.30103,1.30103
5519,0.335358,-2,2,-1.30103,1.30103
5521,0.3506652,-2,2,-1.30103,1.30103
5523,0.4388986,-2,2,-1.30103,1.30103
5525,0.335358,-2,2,-1.30103,1.30103
5527,0.3429441,-2,2,-1.30103,1.30103
5529,0.377786,-2,2,-1.30103,1.30103
5531,0.38405,-2,2,-1.30103,1.30103
5533,0.3861582,-2,2,-1.30103,1.30103
5535,0.4975729,-2,2,-1.30103,1.30103
5537,0.5985994,-2,2,-1.30103,1.30103
5539,0.5185574,-2,2,-1.30103,1.30103
5541,0.6458915,-2,2,-1.30103,1.30103
5543,0.634512,-2,2,-1.30103,1.30103
5545,0.6197888,-2,2,-1.30103,1.30103
5547,0.6326441,-2,2,-1.30103,1.30103
5549,0.6840296,-2,2,-1.30103,1.30103
5551,0.692504,-2,2,-1.30103,1.30103
5553,0.6861328,-2,2,-1.30103,1.30103
5555,0.7235382,-2,2,-1.30103,1.30103
5557,0.8181564,-2,2,-1.30103,1.30103
5559,0.8239087,-2,2,-1.30103,1.30103
5561,0.9829667,-2,2,-1.30103,1.30103
5563,1.013228,-2,2,-1.30103,1.30103
5565,1.031517,-2,2,-1.30103,1.30103
5567,0.7544873,-2,2,-1.30103,1.30103
5569,0.89279,-2,2,-1.30103,1.30103
5571,0.7644715,-2,2,-1.30103,1.30103
5573,0.8996295,-2,2,-1.30103,1.30103
5575,0.6055483,-2,2,-1.30103,1.30103
5577,0.5559552,-2,2,-1.30103,1.30103
5579,0.446117,-2,2,-1.30103,1.30103
5581,0.4341522,-2,2,-1.30103,1.30103
5583,0.59176,-2,2,-1.30103,1.30103
5585,0.6090649,-2,2,-1.30103,1.30103
5587,0.49485,-2,2,-1.30103,1.30103
5589,0.4111683,-2,2,-1.30103,1.30103
5591,0.5016894,-2,2,-1.30103,1.30103
5593,-0.3957739,-2,2,-1.30103,1.30103
5595,-0.4145393,-2,2,-1.30103,1.30103
5597,-0.4179366,-2,2,-1.30103,1.30103
5599,-0.3027706,-2,2,-1.30103,1.30103
5601,0.3565473,-2,2,-1.30103,1.30103
5603,0.5482135,-2,2,-1.30103,1.30103
5605,0.4179366,-2,2,-1.30103,1.30103
5607,0.419075,-2,2,-1.30103,1.30103
5609,0.4168012,-2,2,-1.30103,1.30103
5611,0.4179366,-2,2,-1.30103,1.30103
5613,0.335358,-2,2,-1.30103,1.30103
5615,0.3297541,-2,2,-1.30103,1.30103
5617,-0.3133637,-2,2,-1.30103,1.30103
5619,-0.3391345,-2,2,-1.30103,1.30103
5621,-0.38405,-2,2,-1.30103,1.30103
5623,-0.3391345,-2,2,-1.30103,1.30103
5625,-0.3391345,-2,2,-1.30103,1.30103
5627,-0.3372422,-2,2,-1.30103,1.30103
5629,-0.3798639,-2,2,-1.30103,1.30103
5631,-0.3685562,-2,2,-1.30103,1.30103
5633,-0.3685562,-2,2,-1.30103,1.30103
5635,-0.3605135,-2,2,-1.30103,1.30103
5637,-0.3279021,-2,2,-1.30103,1.30103
5639,-0.4134127,-2,2,-1.30103,1.30103
5641,-0.39794,-2,2,-1.30103,1.30103
5643,-0.3893398,-2,2,-1.30103,1.30103
5645,-0.352617,-2,2,-1.30103,1.30103
5647,0.4436975,-2,2,-1.30103,1.30103
5649,0.4412914,-2,2,-1.30103,1.30103
5651,0.4023048,-2,2,-1.30103,1.30103
5653,0.3716111,-2,2,-1.30103,1.30103
5655,-0.3635121,-2,2,-1.30103,1.30103
5657,-0.3506652,-2,2,-1.30103,1.30103
5659,-0.3400838,-2,2,-1.30103,1.30103
5661,-0.3214816,-2,2,-1.30103,1.30103
5663,-0.35164,-2,2,-1.30103,1.30103
5665,-0.3655227,-2,2,-1.30103,1.30103
5667,-0.3882767,-2,2,-1.30103,1.30103
5669,-0.3196645,-2,2,-1.30103,1.30103
5671,-0.3809067,-2,2,-1.30103,1.30103
5673,-0.4400934,-2,2,-1.30103,1.30103
5675,-0.4698003,-2,2,-1.30103,1.30103
5677,-0.552842,-2,2,-1.30103,1.30103
5679,-0.6401645,-2,2,-1.30103,1.30103
5681,-0.6716204,-2,2,-1.30103,1.30103
5683,-0.6946486,-2,2,-1.30103,1.30103
5685,-0.6252517,-2,2,-1.30103,1.30103
5687,-0.6478175,-2,2,-1.30103,1.30103
5689,-0.6478175,-2,2,-1.30103,1.30103
5691,-0.7144427,-2,2,-1.30103,1.30103
5693,-0.6675615,-2,2,-1.30103,1.30103
5695,-0.692504,-2,2,-1.30103,1.30103
5697,-0.649752,-2,2,-1.30103,1.30103
5699,-0.5883803,-2,2,-1.30103,1.30103
5701,-0.5686362,-2,2,-1.30103,1.30103
5703,-0.6736642,-2,2,-1.30103,1.30103
5705,-0.69897,-2,2,-1.30103,1.30103
5707,-0.7055338,-2,2,-1.30103,1.30103
5709,-0.7077439,-2,2,-1.30103,1.30103
5711,-0.6903698,-2,2,-1.30103,1.30103
5713,-0.649752,-2,2,-1.30103,1.30103
5715,-0.7931741,-2,2,-1.30103,1.30103
5717,-0.7569619,-2,2,-1.30103,1.30103
5719,-0.7878124,-2,2,-1.30103,1.30103
5721,-0.8124793,-2,2,-1.30103,1.30103
5723,-0.8153086,-2,2,-1.30103,1.30103
5725,-0.838632,-2,2,-1.30103,1.30103
5727,-1.130768,-2,2,-1.30103,1.30103
5729,-1.080922,-2,2,-1.30103,1.30103
5731,-1.346787,-2,2,-1.30103,1.30103
5733,-1.267606,-2,2,-1.30103,1.30103
5735,-1.267606,-2,2,-1.30103,1.30103
5737,-1.309804,-2,2,-1.30103,1.30103
5739,-1.318759,-2,2,-1.30103,1.30103
5741,-1.431798,-2,2,-1.30103,1.30103
5743,-1.522879,-2,2,-1.30103,1.30103
5745,-1.721246,-2,2,-1.30103,1.30103
5747,-1.79588,-2,2,-1.30103,1.30103
5749,-1.823909,-2,2,-1.30103,1.30103
5751,-2.522879,-2,2,-1.30103,1.30103
5753,-2.39794,-2,2,-1.30103,1.30103
5755,-2.522879,-2,2,-1.30103,1.30103
5757,-3,-2,2,-1.30103,1.30103
5759,-3.004365,-2,2,-1.30103,1.30103
5761,-3.004365,-2,2,-1.30103,1.30103
5763,-3.004365,-2,2,-1.30103,1.30103
5765,-3.004365,-2,2,-1.30103,1.30103
5767,-3,-2,2,-1.30103,1.30103
5769,-3.004365,-2,2,-1.30103,1.30103
5771,-3.004365,-2,2,-1.30103,1.30103
5773,-3.004365,-2,2,-1.30103,1.30103
5775,-3.004365,-2,2,-1.30103,1.30103
5777,-3.004365,-2,2,-1.30103,1.30103
5779,-3.004365,-2,2,-1.30103,1.30103
5781,-3.004365,-2,2,-1.30103,1.30103
5783,-3.004365,-2,2,-1.30103,1.30103
5785,-3.004365,-2,2,-1.30103,1.30103
5787,-3.004365,-2,2,-1.30103,1.30103
5789,-3.004365,-2,2,-1.30103,1.30103
5791,-3.004365,-2,2,-1.30103,1.30103
5793,-2.69897,-2,2,-1.30103,1.30103
5795,-2.39794,-2,2,-1.30103,1.30103
5797,-2.221849,-2,2,-1.30103,1.30103
5799,-2.69897,-2,2,-1.30103,1.30103
5801,-3,-2,2,-1.30103,1.30103
5803,-3,-2,2,-1.30103,1.30103
5805,-3,-2,2,-1.30103,1.30103
5807,-3,-2,2,-1.30103,1.30103
5809,-2.69897,-2,2,-1.30103,1.30103
5811,-2.69897,-2,2,-1.30103,1.30103
5813,-2.522879,-2,2,-1.30103,1.30103
5815,-2.69897,-2,2,-1.30103,1.30103
5817,-2.154902,-2,2,-1.30103,1.30103
5819,-2.522879,-2,2,-1.30103,1.30103
5821,-2.09691,-2,2,-1.30103,1.30103
5823,-2.69897,-2,2,-1.30103,1.30103
5825,-2.522879,-2,2,-1.30103,1.30103
5827,-2.69897,-2,2,-1.30103,1.30103
5829,-2.522879,-2,2,-1.30103,1.30103
5831,-2.39794,-2,2,-1.30103,1.30103
5833,-2.39794,-2,2,-1.30103,1.30103
5835,-2.522879,-2,2,-1.30103,1.30103
5837,-2.221849,-2,2,-1.30103,1.30103
5839,-2.154902,-2,2,-1.30103,1.30103
5841,-2,-2,2,-1.30103,1.30103
5843,-1.958607,-2,2,-1.30103,1.30103
5845,-2.09691,-2,2,-1.30103,1.30103
5847,-2.69897,-2,2,-1.30103,1.30103
5849,-2.522879,-2,2,-1.30103,1.30103
5851,-2.522879,-2,2,-1.30103,1.30103
5853,-2.522879,-2,2,-1.30103,1.30103
5855,-2.39794,-2,2,-1.30103,1.30103
5857,-2.39794,-2,2,-1.30103,1.30103
5859,-2.522879,-2,2,-1.30103,1.30103
5861,-3,-2,2,-1.30103,1.30103
5863,-3.004365,-2,2,-1.30103,1.30103
5865,-3.004365,-2,2,-1.30103,1.30103
5867,-3.004365,-2,2,-1.30103,1.30103
5869,-3.004365,-2,2,-1.30103,1.30103
5871,-3.004365,-2,2,-1.30103,1.30103
5873,-3.004365,-2,2,-1.30103,1.30103
5875,-3.004365,-2,2,-1.30103,1.30103
5877,-3.004365,-2,2,-1.30103,1.30103
5879,-3.004365,-2,2,-1.30103,1.30103
5881,-3.004365,-2,2,-1.30103,1.30103
5883,-3.004365,-2,2,-1.30103,1.30103
5885,-3.004365,-2,2,-1.30103,1.30103
5887,-3.004365,-2,2,-1.30103,1.30103
5889,-3.004365,-2,2,-1.30103,1.30103
5891,-3.004365,-2,2,-1.30103,1.30103
5893,-3.004365,-2,2,-1.30103,1.30103
5895,-3.004365,-2,2,-1.30103,1.30103
5897,-3.004365,-2,2,-1.30103,1.30103
5899,-3.004365,-2,2,-1.30103,1.30103
5901,-3.004365,-2,2,-1.30103,1.30103
5903,-3.004365,-2,2,-1.30103,1.30103
5905,-3.004365,-2,2,-1.30103,1.30103
5907,-3.004365,-2,2,-1.30103,1.30103
5909,-3.004365,-2,2,-1.30103,1.30103
5911,-3.004365,-2,2,-1.30103,1.30103
5913,-3.004365,-2,2,-1.30103,1.30103
5915,-3.004365,-2,2,-1.30103,1.30103
5917,-3.004365,-2,2,-1.30103,1.30103
5919,-3.004365,-2,2,-1.30103,1.30103
5921,-3.004365,-2,2,-1.30103,1.30103
5923,-3.004365,-2,2,-1.30103,1.30103
5925,-3.004365,-2,2,-1.30103,1.30103
5927,-3.004365,-2,2,-1.30103,1.30103
5929,-3.004365,-2,2,-1.30103,1.30103
5931,-3.004365,-2,2,-1.30103,1.30103
5933,-3.004365,-2,2,-1.30103,1.30103
5935,-3,-2,2,-1.30103,1.30103
5937,-3.004365,-2,2,-1.30103,1.30103
5939,-3.004365,-2,2,-1.30103,1.30103
5941,-3.004365,-2,2,-1.30103,1.30103
5943,-3,-2,2,-1.30103,1.30103
5945,-3.004365,-2,2,-1.30103,1.30103
5947,-3.004365,-2,2,-1.30103,1.30103
5949,-3.004365,-2,2,-1.30103,1.30103
5951,-3,-2,2,-1.30103,1.30103
5953,-3,-2,2,-1.30103,1.30103
5955,-3,-2,2,-1.30103,1.30103
5957,-3,-2,2,-1.30103,1.30103
5959,-2.522879,-2,2,-1.30103,1.30103
5961,-2.522879,-2,2,-1.30103,1.30103
5963,-2.69897,-2,2,-1.30103,1.30103
5965,-2.69897,-2,2,-1.30103,1.30103
5967,-2.69897,-2,2,-1.30103,1.30103
5969,-2,-2,2,-1.30103,1.30103
5971,-2.154902,-2,2,-1.30103,1.30103
5973,-2.154902,-2,2,-1.30103,1.30103
5975,-2.154902,-2,2,-1.30103,1.30103
5977,-2,-2,2,-1.30103,1.30103
5979,-2.09691,-2,2,-1.30103,1.30103
5981,-2.045758,-2,2,-1.30103,1.30103
5983,-2.09691,-2,2,-1.30103,1.30103
5985,-2.045758,-2,2,-1.30103,1.30103
5987,-1.823909,-2,2,-1.30103,1.30103
5989,-1.60206,-2,2,-1.30103,1.30103
5991,-1.387216,-2,2,-1.30103,1.30103
5993,-1.318759,-2,2,-1.30103,1.30103
5995,-1.431798,-2,2,-1.30103,1.30103
5997,-1.431798,-2,2,-1.30103,1.30103
5999,-1.346787,-2,2,-1.30103,1.30103
6001,-0.950782,-2,2,-1.30103,1.30103
6003,-1.055517,-2,2,-1.30103,1.30103
6005,-0.928118,-2,2,-1.30103,1.30103
6007,-1.017729,-2,2,-1.30103,1.30103
6009,-1.013228,-2,2,-1.30103,1.30103
6011,-1.055517,-2,2,-1.30103,1.30103
6013,-1.075721,-2,2,-1.30103,1.30103
6015,-1.065502,-2,2,-1.30103,1.30103
6017,-1.055517,-2,2,-1.30103,1.30103
6019,-0.8794261,-2,2,-1.30103,1.30103
6021,-0.8827287,-2,2,-1.30103,1.30103
6023,-0.7189666,-2,2,-1.30103,1.30103
6025,-0.7011469,-2,2,-1.30103,1.30103
6027,-0.5214335,-2,2,-1.30103,1.30103
6029,-0.607303,-2,2,-1.30103,1.30103
6031,-0.79588,-2,2,-1.30103,1.30103
6033,-0.8124793,-2,2,-1.30103,1.30103
6035,-0.8068754,-2,2,-1.30103,1.30103
6037,-0.8268138,-2,2,-1.30103,1.30103
6039,-0.79588,-2,2,-1.30103,1.30103
6041,-0.838632,-2,2,-1.30103,1.30103
6043,-0.9586073,-2,2,-1.30103,1.30103
6045,-0.9746941,-2,2,-1.30103,1.30103
6047,-0.4353339,-2,2,-1.30103,1.30103
6049,-0.4584208,-2,2,-1.30103,1.30103
6051,-0.4989407,-2,2,-1.30103,1.30103
6053,-0.5346171,-2,2,-1.30103,1.30103
6055,-0.394695,-2,2,-1.30103,1.30103
6057,-0.3419886,-2,2,-1.30103,1.30103
6059,-0.3665316,-2,2,-1.30103,1.30103
6061,-0.3018995,-2,2,-1.30103,1.30103
6063,0.3605135,-2,2,-1.30103,1.30103
6065,0.4111683,-2,2,-1.30103,1.30103
6067,0.60206,-2,2,-1.30103,1.30103
6069,0.7328283,-2,2,-1.30103,1.30103
6071,0.821023,-2,2,-1.30103,1.30103
6073,0.9430951,-2,2,-1.30103,1.30103
6075,1.366531,-2,2,-1.30103,1.30103
6077,1.19382,-2,2,-1.30103,1.30103
6079,1.259637,-2,2,-1.30103,1.30103
6081,1.537602,-2,2,-1.30103,1.30103
6083,1.49485,-2,2,-1.30103,1.30103
6085,1.49485,-2,2,-1.30103,1.30103
6087,1.468521,-2,2,-1.30103,1.30103
6089,1.468521,-2,2,-1.30103,1.30103
6091,1.468521,-2,2,-1.30103,1.30103
6093,1.443697,-2,2,-1.30103,1.30103
6095,1.69897,-2,2,-1.30103,1.30103
6097,1.638272,-2,2,-1.30103,1.30103
6099,1.619789,-2,2,-1.30103,1.30103
6101,2,-2,2,-1.30103,1.30103
6103,1.958607,-2,2,-1.30103,1.30103
6105,1.958607,-2,2,-1.30103,1.30103
6107,1.886057,-2,2,-1.30103,1.30103
6109,1.853872,-2,2,-1.30103,1.30103
6111,2.39794,-2,2,-1.30103,1.30103
6113,2.221849,-2,2,-1.30103,1.30103
6115,2.09691,-2,2,-1.30103,1.30103
6117,2.09691,-2,2,-1.30103,1.30103
6119,2.045758,-2,2,-1.30103,1.30103
6121,2,-2,2,-1.30103,1.30103
6123,2,-2,2,-1.30103,1.30103
6125,2,-2,2,-1.30103,1.30103
6127,1.853872,-2,2,-1.30103,1.30103
6129,1.853872,-2,2,-1.30103,1.30103
6131,1.853872,-2,2,-1.30103,1.30103
6133,1.823909,-2,2,-1.30103,1.30103
6135,1.79588,-2,2,-1.30103,1.30103
6137,1.585027,-2,2,-1.30103,1.30103
6139,1.585027,-2,2,-1.30103,1.30103
6141,1.585027,-2,2,-1.30103,1.30103
6143,1.552842,-2,2,-1.30103,1.30103
6145,1.958607,-2,2,-1.30103,1.30103
6147,1.958607,-2,2,-1.30103,1.30103
6149,1.958607,-2,2,-1.30103,1.30103
6151,1.958607,-2,2,-1.30103,1.30103
6153,1.920819,-2,2,-1.30103,1.30103
6155,1.920819,-2,2,-1.30103,1.30103
6157,2.39794,-2,2,-1.30103,1.30103
6159,2.39794,-2,2,-1.30103,1.30103
6161,2.221849,-2,2,-1.30103,1.30103
6163,2.69897,-2,2,-1.30103,1.30103
6165,2.69897,-2,2,-1.30103,1.30103
6167,2.39794,-2,2,-1.30103,1.30103
6169,2.221849,-2,2,-1.30103,1.30103
6171,2.221849,-2,2,-1.30103,1.30103
6173,2.69897,-2,2,-1.30103,1.30103
6175,2.221849,-2,2,-1.30103,1.30103
6177,2.39794,-2,2,-1.30103,1.30103
6179,2.69897,-2,2,-1.30103,1.30103
6181,2.69897,-2,2,-1.30103,1.30103
6183,2.69897,-2,2,-1.30103,1.30103
6185,3,-2,2,-1.30103,1.30103
6187,3,-2,2,-1.30103,1.30103
6189,3.004365,-2,2,-1.30103,1.30103
6191,3.004365,-2,2,-1.30103,1.30103
6193,3.004365,-2,2,-1.30103,1.30103
6195,3,-2,2,-1.30103,1.30103
6197,3.004365,-2,2,-1.30103,1.30103
6199,3.004365,-2,2,-1.30103,1.30103
6201,3.004365,-2,2,-1.30103,1.30103
6203,3.004365,-2,2,-1.30103,1.30103
6205,3.004365,-2,2,-1.30103,1.30103
6207,3.004365,-2,2,-1.30103,1.30103
6209,3.004365,-2,2,-1.30103,1.30103
6211,3.004365,-2,2,-1.30103,1.30103
6213,3.004365,-2,2,-1.30103,1.30103
6215,3.004365,-2,2,-1.30103,1.30103
6217,3.004365,-2,2,-1.30103,1.30103
6219,3.004365,-2,2,-1.30103,1.30103
6221,3.004365,-2,2,-1.30103,1.30103
6223,3.004365,-2,2,-1.30103,1.30103
6225,3.004365,-2,2,-1.30103,1.30103
6227,3.004365,-2,2,-1.30103,1.30103
6229,3.004365,-2,2,-1.30103,1.30103
6231,3.004365,-2,2,-1.30103,1.30103
6233,3.004365,-2,2,-1.30103,1.30103
6235,3.004365,-2,2,-1.30103,1.30103
6237,3.004365,-2,2,-1.30103,1.30103
6239,3.004365,-2,2,-1.30103,1.30103
6241,3.004365,-2,2,-1.30103,1.30103
6243,3.004365,-2,2,-1.30103,1.30103
6245,3.004365,-2,2,-1.30103,1.30103
6247,3.004365,-2,2,-1.30103,1.30103
6249,3.004365,-2,2,-1.30103,1.30103
6251,3.004365,-2,2,-1.30103,1.30103
6253,3.004365,-2,2,-1.30103,1.30103
6255,3.004365,-2,2,-1.30103,1.30103
6257,3.004365,-2,2,-1.30103,1.30103
6259,3.004365,-2,2,-1.30103,1.30103
6261,3.004365,-2,2,-1.30103,1.30103
6263,3.004365,-2,2,-1.30103,1.30103
6265,3.004365,-2,2,-1.30103,1.30103
6267,3.004365,-2,2,-1.30103,1.30103
6269,3.004365,-2,2,-1.30103,1.30103
6271,3.004365,-2,2,-1.30103,1.30103
6273,3.004365,-2,2,-1.30103,1.30103
6275,3.004365,-2,2,-1.30103,1.30103
6277,3.004365,-2,2,-1.30103,1.30103
6279,3.004365,-2,2,-1.30103,1.30103
6281,3.004365,-2,2,-1.30103,1.30103
6283,3.004365,-2,2,-1.30103,1.30103
6285,3.004365,-2,2,-1.30103,1.30103
6287,3.004365,-2,2,-1.30103,1.30103
6289,3.004365,-2,2,-1.30103,1.30103
6291,3.004365,-2,2,-1.30103,1.30103
6293,3.004365,-2,2,-1.30103,1.30103
6295,3.004365,-2,2,-1.30103,1.30103
6297,3.004365,-2,2,-1.30103,1.30103
6299,3.004365,-2,2,-1.30103,1.30103
6301,3.004365,-2,2,-1.30103,1.30103
6303,3.004365,-2,2,-1.30103,1.30103
6305,3.004365,-2,2,-1.30103,1.30103
6307,3.004365,-2,2,-1.30103,1.30103
6309,3.004365,-2,2,-1.30103,1.30103
6311,3.004365,-2,2,-1.30103,1.30103
6313,3.004365,-2,2,-1.30103,1.30103
6315,3.004365,-2,2,-1.30103,1.30103
6317,3.004365,-2,2,-1.30103,1.30103
6319,3.004365,-2,2,-1.30103,1.30103
6321,3.004365,-2,2,-1.30103,1.30103
6323,3.004365,-2,2,-1.30103,1.30103
6325,3.004365,-2,2,-1.30103,1.30103
6327,3.004365,-2,2,-1.30103,1.30103
6329,3.004365,-2,2,-1.30103,1.30103
6331,3.004365,-2,2,-1.30103,1.30103
6333,3.004365,-2,2,-1.30103,1.30103
6335,3.004365,-2,2,-1.30103,1.30103
6337,3.004365,-2,2,-1.30103,1.30103
6339,3.004365,-2,2,-1.30103,1.30103
6341,3.004365,-2,2,-1.30103,1.30103
6343,3.004365,-2,2,-1.30103,1.30103
6345,3.004365,-2,2,-1.30103,1.30103
6347,3.004365,-2,2,-1.30103,1.30103
6349,3.004365,-2,2,-1.30103,1.30103
6351,3.004365,-2,2,-1.30103,1.30103
6353,3.004365,-2,2,-1.30103,1.30103
6355,3.004365,-2,2,-1.30103,1.30103
6357,3.004365,-2,2,-1.30103,1.30103
6359,3.004365,-2,2,-1.30103,1.30103
6361,3.004365,-2,2,-1.30103,1.30103
6363,3.004365,-2,2,-1.30103,1.30103
6365,3.004365,-2,2,-1.30103,1.30103
6367,3.004365,-2,2,-1.30103,1.30103
6369,3.004365,-2,2,-1.30103,1.30103
6371,3.004365,-2,2,-1.30103,1.30103
6373,3.004365,-2,2,-1.30103,1.30103
6375,3.004365,-2,2,-1.30103,1.30103
6377,3.004365,-2,2,-1.30103,1.30103
6379,3.004365,-2,2,-1.30103,1.30103
6381,3.004365,-2,2,-1.30103,1.30103
6383,3.004365,-2,2,-1.30103,1.30103
6385,3.004365,-2,2,-1.30103,1.30103
6387,3.004365,-2,2,-1.30103,1.30103
6389,3.004365,-2,2,-1.30103,1.30103
6391,3.004365,-2,2,-1.30103,1.30103
6393,3.004365,-2,2,-1.30103,1.30103
6395,3.004365,-2,2,-1.30103,1.30103
6397,3.004365,-2,2,-1.30103,1.30103
6399,3.004365,-2,2,-1.30103,1.30103
6401,3.004365,-2,2,-1.30103,1.30103
6403,3.004365,-2,2,-1.30103,1.30103
6405,3.004365,-2,2,-1.30103,1.30103
6407,3.004365,-2,2,-1.30103,1.30103
6409,3.004365,-2,2,-1.30103,1.30103
6411,3.004365,-2,2,-1.30103,1.30103
6413,3.004365,-2,2,-1.30103,1.30103
6415,3.004365,-2,2,-1.30103,1.30103
6417,2.69897,-2,2,-1.30103,1.30103
6419,2.39794,-2,2,-1.30103,1.30103
6421,2.221849,-2,2,-1.30103,1.30103
6423,2.221849,-2,2,-1.30103,1.30103
6425,2.221849,-2,2,-1.30103,1.30103
6427,2.154902,-2,2,-1.30103,1.30103
6429,2.154902,-2,2,-1.30103,1.30103
6431,2.221849,-2,2,-1.30103,1.30103
6433,2.221849,-2,2,-1.30103,1.30103
6435,2.221849,-2,2,-1.30103,1.30103
6437,2.221849,-2,2,-1.30103,1.30103
6439,2.221849,-2,2,-1.30103,1.30103
6441,2,-2,2,-1.30103,1.30103
6443,2.09691,-2,2,-1.30103,1.30103
6445,2.39794,-2,2,-1.30103,1.30103
6447,2.39794,-2,2,-1.30103,1.30103
6449,2.39794,-2,2,-1.30103,1.30103
6451,2.154902,-2,2,-1.30103,1.30103
6453,2.221849,-2,2,-1.30103,1.30103
6455,2.221849,-2,2,-1.30103,1.30103
6457,2.221849,-2,2,-1.30103,1.30103
6459,2.30103,-2,2,-1.30103,1.30103
6461,2.39794,-2,2,-1.30103,1.30103
6463,1.853872,-2,2,-1.30103,1.30103
6465,1.79588,-2,2,-1.30103,1.30103
6467,1.537602,-2,2,-1.30103,1.30103
6469,1.481486,-2,2,-1.30103,1.30103
6471,1.443697,-2,2,-1.30103,1.30103
6473,1.721246,-2,2,-1.30103,1.30103
6475,1.585027,-2,2,-1.30103,1.30103
6477,1.49485,-2,2,-1.30103,1.30103
6479,1.468521,-2,2,-1.30103,1.30103
6481,1.443697,-2,2,-1.30103,1.30103
6483,1.468521,-2,2,-1.30103,1.30103
6485,1.468521,-2,2,-1.30103,1.30103
6487,1.443697,-2,2,-1.30103,1.30103
6489,1.744727,-2,2,-1.30103,1.30103
6491,1.677781,-2,2,-1.30103,1.30103
6493,1.585027,-2,2,-1.30103,1.30103
6495,1.60206,-2,2,-1.30103,1.30103
6497,1.619789,-2,2,-1.30103,1.30103
6499,1.327902,-2,2,-1.30103,1.30103
6501,1.356547,-2,2,-1.30103,1.30103
6503,1.337242,-2,2,-1.30103,1.30103
6505,1.30103,-2,2,-1.30103,1.30103
6507,1.251812,-2,2,-1.30103,1.30103
6509,1.236572,-2,2,-1.30103,1.30103
6511,1.09691,-2,2,-1.30103,1.30103
6513,1.036212,-2,2,-1.30103,1.30103
6515,0.9430951,-2,2,-1.30103,1.30103
6517,0.928118,-2,2,-1.30103,1.30103
6519,0.935542,-2,2,-1.30103,1.30103
6521,0.9430951,-2,2,-1.30103,1.30103
6523,0.9829667,-2,2,-1.30103,1.30103
6525,0.9913998,-2,2,-1.30103,1.30103
6527,0.9913998,-2,2,-1.30103,1.30103
6529,1.008774,-2,2,-1.30103,1.30103
6531,1.119186,-2,2,-1.30103,1.30103
6533,1.173925,-2,2,-1.30103,1.30103
6535,1.251812,-2,2,-1.30103,1.30103
6537,1.318759,-2,2,-1.30103,1.30103
6539,1.443697,-2,2,-1.30103,1.30103
6541,1.49485,-2,2,-1.30103,1.30103
6543,1.552842,-2,2,-1.30103,1.30103
6545,1.585027,-2,2,-1.30103,1.30103
6547,1.585027,-2,2,-1.30103,1.30103
6549,1.69897,-2,2,-1.30103,1.30103
6551,1.744727,-2,2,-1.30103,1.30103
6553,1.79588,-2,2,-1.30103,1.30103
6555,1.853872,-2,2,-1.30103,1.30103
6557,1.886057,-2,2,-1.30103,1.30103
6559,1.920819,-2,2,-1.30103,1.30103
6561,1.920819,-2,2,-1.30103,1.30103
6563,2,-2,2,-1.30103,1.30103
6565,2.09691,-2,2,-1.30103,1.30103
6567,2.09691,-2,2,-1.30103,1.30103
6569,2.09691,-2,2,-1.30103,1.30103
6571,2.221849,-2,2,-1.30103,1.30103
6573,2.221849,-2,2,-1.30103,1.30103
6575,2.221849,-2,2,-1.30103,1.30103
6577,2.221849,-2,2,-1.30103,1.30103
6579,2.30103,-2,2,-1.30103,1.30103
6581,2.30103,-2,2,-1.30103,1.30103
6583,2.39794,-2,2,-1.30103,1.30103
6585,2.39794,-2,2,-1.30103,1.30103
6587,2.39794,-2,2,-1.30103,1.30103
6589,2.39794,-2,2,-1.30103,1.30103
6591,2.39794,-2,2,-1.30103,1.30103
6593,2.39794,-2,2,-1.30103,1.30103
6595,2.045758,-2,2,-1.30103,1.30103
6597,2,-2,2,-1.30103,1.30103
6599,2.045758,-2,2,-1.30103,1.30103
6601,2.09691,-2,2,-1.30103,1.30103
6603,1.657577,-2,2,-1.30103,1.30103
6605,1.585027,-2,2,-1.30103,1.30103
6607,1.49485,-2,2,-1.30103,1.30103
6609,1.657577,-2,2,-1.30103,1.30103
6611,1.508638,-2,2,-1.30103,1.30103
6613,1.853872,-2,2,-1.30103,1.30103
6615,1.79588,-2,2,-1.30103,1.30103
6617,2.09691,-2,2,-1.30103,1.30103
6619,2.522879,-2,2,-1.30103,1.30103
6621,3.004365,-2,2,-1.30103,1.30103
6623,3.004365,-2,2,-1.30103,1.30103
6625,3.004365,-2,2,-1.30103,1.30103
6627,3.004365,-2,2,-1.30103,1.30103
6629,3.004365,-2,2,-1.30103,1.30103
6631,3.004365,-2,2,-1.30103,1.30103
6633,3.004365,-2,2,-1.30103,1.30103
6635,3.004365,-2,2,-1.30103,1.30103
6637,3.004365,-2,2,-1.30103,1.30103
6639,3.004365,-2,2,-1.30103,1.30103
6641,2.69897,-2,2,-1.30103,1.30103
6643,2.69897,-2,2,-1.30103,1.30103
6645,2.69897,-2,2,-1.30103,1.30103
6647,2.39794,-2,2,-1.30103,1.30103
6649,2.69897,-2,2,-1.30103,1.30103
6651,2.221849,-2,2,-1.30103,1.30103
6653,2.221849,-2,2,-1.30103,1.30103
6655,2.221849,-2,2,-1.30103,1.30103
6657,2.30103,-2,2,-1.30103,1.30103
6659,1.853872,-2,2,-1.30103,1.30103
6661,1.920819,-2,2,-1.30103,1.30103
6663,2.221849,-2,2,-1.30103,1.30103
6665,2.221849,-2,2,-1.30103,1.30103
6667,2.69897,-2,2,-1.30103,1.30103
6669,2.69897,-2,2,-1.30103,1.30103
6671,2.221849,-2,2,-1.30103,1.30103
6673,2.221849,-2,2,-1.30103,1.30103
6675,1.744727,-2,2,-1.30103,1.30103
6677,1.853872,-2,2,-1.30103,1.30103
6679,1.853872,-2,2,-1.30103,1.30103
6681,1.79588,-2,2,-1.30103,1.30103
6683,1.920819,-2,2,-1.30103,1.30103
6685,2,-2,2,-1.30103,1.30103
6687,1.958607,-2,2,-1.30103,1.30103
6689,2,-2,2,-1.30103,1.30103
6691,2.221849,-2,2,-1.30103,1.30103
6693,2.221849,-2,2,-1.30103,1.30103
6695,2.221849,-2,2,-1.30103,1.30103
6697,2.522879,-2,2,-1.30103,1.30103
6699,3.004365,-2,2,-1.30103,1.30103
6701,3.004365,-2,2,-1.30103,1.30103
6703,3.004365,-2,2,-1.30103,1.30103
6705,3.004365,-2,2,-1.30103,1.30103
6707,3.004365,-2,2,-1.30103,1.30103
6709,3.004365,-2,2,-1.30103,1.30103
6711,3.004365,-2,2,-1.30103,1.30103
6713,3.004365,-2,2,-1.30103,1.30103
6715,3.004365,-2,2,-1.30103,1.30103
6717,3.004365,-2,2,-1.30103,1.30103
6719,3.004365,-2,2,-1.30103,1.30103
6721,3.004365,-2,2,-1.30103,1.30103
6723,3.004365,-2,2,-1.30103,1.30103
6725,3.004365,-2,2,-1.30103,1.30103
6727,3.004365,-2,2,-1.30103,1.30103
6729,3,-2,2,-1.30103,1.30103
6731,2.69897,-2,2,-1.30103,1.30103
6733,2.69897,-2,2,-1.30103,1.30103
6735,2.522879,-2,2,-1.30103,1.30103
6737,2.39794,-2,2,-1.30103,1.30103
6739,2.045758,-2,2,-1.30103,1.30103
6741,1.958607,-2,2,-1.30103,1.30103
6743,2,-2,2,-1.30103,1.30103
6745,2.045758,-2,2,-1.30103,1.30103
6747,2.09691,-2,2,-1.30103,1.30103
6749,2.221849,-2,2,-1.30103,1.30103
6751,2.09691,-2,2,-1.30103,1.30103
6753,2.09691,-2,2,-1.30103,1.30103
6755,2.154902,-2,2,-1.30103,1.30103
6757,2.09691,-2,2,-1.30103,1.30103
6759,1.958607,-2,2,-1.30103,1.30103
6761,2,-2,2,-1.30103,1.30103
6763,2.045758,-2,2,-1.30103,1.30103
6765,1.886057,-2,2,-1.30103,1.30103
6767,2.045758,-2,2,-1.30103,1.30103
6769,2.045758,-2,2,-1.30103,1.30103
6771,2.30103,-2,2,-1.30103,1.30103
6773,2.39794,-2,2,-1.30103,1.30103
6775,2.39794,-2,2,-1.30103,1.30103
6777,2.221849,-2,2,-1.30103,1.30103
6779,2.221849,-2,2,-1.30103,1.30103
6781,2.221849,-2,2,-1.30103,1.30103
6783,2.221849,-2,2,-1.30103,1.30103
6785,2.30103,-2,2,-1.30103,1.30103
6787,2.154902,-2,2,-1.30103,1.30103
6789,2.154902,-2,2,-1.30103,1.30103
6791,2.154902,-2,2,-1.30103,1.30103
6793,2.154902,-2,2,-1.30103,1.30103
6795,2.69897,-2,2,-1.30103,1.30103
6797,2.69897,-2,2,-1.30103,1.30103
6799,2.154902,-2,2,-1.30103,1.30103
6801,2.30103,-2,2,-1.30103,1.30103
6803,3.004365,-2,2,-1.30103,1.30103
6805,3.004365,-2,2,-1.30103,1.30103
6807,3.004365,-2,2,-1.30103,1.30103
6809,3.004365,-2,2,-1.30103,1.30103
6811,3.004365,-2,2,-1.30103,1.30103
6813,3.004365,-2,2,-1.30103,1.30103
6815,3.004365,-2,2,-1.30103,1.30103
6817,3.004365,-2,2,-1.30103,1.30103
6819,3.004365,-2,2,-1.30103,1.30103
6821,3.004365,-2,2,-1.30103,1.30103
6823,3.004365,-2,2,-1.30103,1.30103
6825,3.004365,-2,2,-1.30103,1.30103
6827,3.004365,-2,2,-1.30103,1.30103
6829,3.004365,-2,2,-1.30103,1.30103
6831,3.004365,-2,2,-1.30103,1.30103
6833,3.004365,-2,2,-1.30103,1.30103
6835,3,-2,2,-1.30103,1.30103
6837,3.004365,-2,2,-1.30103,1.30103
6839,2.522879,-2,2,-1.30103,1.30103
6841,2.69897,-2,2,-1.30103,1.30103
6843,2.69897,-2,2,-1.30103,1.30103
6845,2.69897,-2,2,-1.30103,1.30103
6847,3.004365,-2,2,-1.30103,1.30103
6849,3.004365,-2,2,-1.30103,1.30103
6851,3.004365,-2,2,-1.30103,1.30103
6853,3.004365,-2,2,-1.30103,1.30103
6855,3,-2,2,-1.30103,1.30103
6857,3,-2,2,-1.30103,1.30103
6859,3.004365,-2,2,-1.30103,1.30103
6861,3.004365,-2,2,-1.30103,1.30103
6863,3.004365,-2,2,-1.30103,1.30103
6865,3.004365,-2,2,-1.30103,1.30103
6867,3.004365,-2,2,-1.30103,1.30103
6869,3.004365,-2,2,-1.30103,1.30103
6871,3.004365,-2,2,-1.30103,1.30103
6873,3.004365,-2,2,-1.30103,1.30103
6875,3.004365,-2,2,-1.30103,1.30103
6877,3.004365,-2,2,-1.30103,1.30103
6879,3.004365,-2,2,-1.30103,1.30103
6881,3.004365,-2,2,-1.30103,1.30103
6883,3.004365,-2,2,-1.30103,1.30103
6885,3.004365,-2,2,-1.30103,1.30103
6887,3.004365,-2,2,-1.30103,1.30103
6889,3.004365,-2,2,-1.30103,1.30103
6891,3.004365,-2,2,-1.30103,1.30103
6893,3.004365,-2,2,-1.30103,1.30103
6895,3.004365,-2,2,-1.30103,1.30103
6897,3.004365,-2,2,-1.30103,1.30103
6899,3.004365,-2,2,-1.30103,1.30103
6901,3.004365,-2,2,-1.30103,1.30103
6903,3.004365,-2,2,-1.30103,1.30103
6905,3.004365,-2,2,-1.30103,1.30103
6907,3.004365,-2,2,-1.30103,1.30103
6909,3.004365,-2,2,-1.30103,1.30103
6911,3.004365,-2,2,-1.30103,1.30103
6913,3.004365,-2,2,-1.30103,1.30103
6915,3.004365,-2,2,-1.30103,1.30103
6917,3.004365,-2,2,-1.30103,1.30103
6919,3.004365,-2,2,-1.30103,1.30103
6921,3.004365,-2,2,-1.30103,1.30103
6923,3.004365,-2,2,-1.30103,1.30103
6925,3.004365,-2,2,-1.30103,1.30103
6927,3.004365,-2,2,-1.30103,1.30103
6929,3.004365,-2,2,-1.30103,1.30103
6931,3.004365,-2,2,-1.30103,1.30103
6933,3.004365,-2,2,-1.30103,1.30103
6935,3.004365,-2,2,-1.30103,1.30103
6937,3.004365,-2,2,-1.30103,1.30103
6939,3.004365,-2,2,-1.30103,1.30103
6941,3.004365,-2,2,-1.30103,1.30103
6943,3.004365,-2,2,-1.30103,1.30103
6945,3.004365,-2,2,-1.30103,1.30103
6947,3.004365,-2,2,-1.30103,1.30103
6949,3.004365,-2,2,-1.30103,1.30103
6951,3.004365,-2,2,-1.30103,1.30103
6953,3.004365,-2,2,-1.30103,1.30103
6955,3.004365,-2,2,-1.30103,1.30103
6957,3.004365,-2,2,-1.30103,1.30103
6959,3.004365,-2,2,-1.30103,1.30103
6961,3.004365,-2,2,-1.30103,1.30103
6963,3.004365,-2,2,-1.30103,1.30103
6965,3.004365,-2,2,-1.30103,1.30103
6967,3.004365,-2,2,-1.30103,1.30103
6969,3.004365,-2,2,-1.30103,1.30103
6971,3.004365,-2,2,-1.30103,1.30103
6973,3,-2,2,-1.30103,1.30103
6975,3,-2,2,-1.30103,1.30103
6977,3,-2,2,-1.30103,1.30103
6979,3,-2,2,-1.30103,1.30103
6981,3,-2,2,-1.30103,1.30103
6983,3,-2,2,-1.30103,1.30103
6985,3,-2,2,-1.30103,1.30103
6987,3,-2,2,-1.30103,1.30103
6989,3,-2,2,-1.30103,1.30103
6991,3,-2,2,-1.30103,1.30103
6993,3,-2,2,-1.30103,1.30103
6995,3,-2,2,-1.30103,1.30103
6997,3,-2,2,-1.30103,1.30103
6999,3,-2,2,-1.30103,1.30103
7001,3,-2,2,-1.30103,1.30103
7003,3,-2,2,-1.30103,1.30103
7005,3,-2,2,-1.30103,1.30103
7007,3,-2,2,-1.30103,1.30103
7009,3,-2,2,-1.30103,1.30103
7011,3,-2,2,-1.30103,1.30103
7013,3,-2,2,-1.30103,1.30103
7015,3.004365,-2,2,-1.30103,1.30103
7017,3.004365,-2,2,-1.30103,1.30103
7019,3.004365,-2,2,-1.30103,1.30103
7021,3.004365,-2,2,-1.30103,1.30103
7023,3.004365,-2,2,-1.30103,1.30103
7025,3.004365,-2,2,-1.30103,1.30103
7027,3.004365,-2,2,-1.30103,1.30103
7029,3.004365,-2,2,-1.30103,1.30103
7031,3.004365,-2,2,-1.30103,1.30103
7033,3,-2,2,-1.30103,1.30103
7035,3.004365,-2,2,-1.30103,1.30103
7037,3,-2,2,-1.30103,1.30103
7039,3.004365,-2,2,-1.30103,1.30103
7041,3.004365,-2,2,-1.30103,1.30103
7043,3.004365,-2,2,-1.30103,1.30103
7045,3.004365,-2,2,-1.30103,1.30103
7047,3.004365,-2,2,-1.30103,1.30103
7049,3.004365,-2,2,-1.30103,1.30103
7051,3.004365,-2,2,-1.30103,1.30103
7053,3,-2,2,-1.30103,1.30103
7055,3.004365,-2,2,-1.30103,1.30103
7057,3.004365,-2,2,-1.30103,1.30103
7059,3.004365,-2,2,-1.30103,1.30103
7061,3.004365,-2,2,-1.30103,1.30103
7063,3.004365,-2,2,-1.30103,1.30103
7065,3.004365,-2,2,-1.30103,1.30103
7067,3.004365,-2,2,-1.30103,1.30103
7069,3.004365,-2,2,-1.30103,1.30103
7071,3.004365,-2,2,-1.30103,1.30103
7073,3.004365,-2,2,-1.30103,1.30103
7075,3.004365,-2,2,-1.30103,1.30103
7077,3.004365,-2,2,-1.30103,1.30103
7079,3.004365,-2,2,-1.30103,1.30103
7081,3.004365,-2,2,-1.30103,1.30103
7083,3.004365,-2,2,-1.30103,1.30103
7085,3.004365,-2,2,-1.30103,1.30103
7087,3.004365,-2,2,-1.30103,1.30103
7089,3.004365,-2,2,-1.30103,1.30103
7091,3.004365,-2,2,-1.30103,1.30103
7093,3.004365,-2,2,-1.30103,1.30103
7095,3,-2,2,-1.30103,1.30103
7097,2.69897,-2,2,-1.30103,1.30103
7099,3,-2,2,-1.30103,1.30103
7101,2.522879,-2,2,-1.30103,1.30103
7103,2.39794,-2,2,-1.30103,1.30103
7105,2.39794,-2,2,-1.30103,1.30103
7107,2.30103,-2,2,-1.30103,1.30103
7109,2.30103,-2,2,-1.30103,1.30103
7111,2.39794,-2,2,-1.30103,1.30103
7113,2.221849,-2,2,-1.30103,1.30103
7115,3.004365,-2,2,-1.30103,1.30103
7117,2.69897,-2,2,-1.30103,1.30103
7119,1.920819,-2,2,-1.30103,1.30103
7121,1.958607,-2,2,-1.30103,1.30103
7123,1.619789,-2,2,-1.30103,1.30103
7125,1.619789,-2,2,-1.30103,1.30103
7127,1.744727,-2,2,-1.30103,1.30103
7129,1.853872,-2,2,-1.30103,1.30103
7131,2.09691,-2,2,-1.30103,1.30103
7133,2.39794,-2,2,-1.30103,1.30103
7135,2.39794,-2,2,-1.30103,1.30103
7137,2.69897,-2,2,-1.30103,1.30103
7139,2.69897,-2,2,-1.30103,1.30103
7141,3,-2,2,-1.30103,1.30103
7143,3.004365,-2,2,-1.30103,1.30103
7145,3.004365,-2,2,-1.30103,1.30103
7147,3.004365,-2,2,-1.30103,1.30103
7149,3.004365,-2,2,-1.30103,1.30103
7151,3.004365,-2,2,-1.30103,1.30103
7153,3.004365,-2,2,-1.30103,1.30103
7155,3,-2,2,-1.30103,1.30103
7157,3,-2,2,-1.30103,1.30103
7159,3.004365,-2,2,-1.30103,1.30103
7161,3.004365,-2,2,-1.30103,1.30103
7163,3.004365,-2,2,-1.30103,1.30103
7165,3.004365,-2,2,-1.30103,1.30103
7167,3.004365,-2,2,-1.30103,1.30103
7169,3.004365,-2,2,-1.30103,1.30103
7171,3.004365,-2,2,-1.30103,1.30103
7173,3,-2,2,-1.30103,1.30103
7175,3,-2,2,-1.30103,1.30103
7177,3,-2,2,-1.30103,1.30103
7179,3,-2,2,-1.30103,1.30103
7181,3,-2,2,-1.30103,1.30103
7183,3,-2,2,-1.30103,1.30103
7185,3,-2,2,-1.30103,1.30103
7187,2.69897,-2,2,-1.30103,1.30103
7189,2.69897,-2,2,-1.30103,1.30103
7191,2.69897,-2,2,-1.30103,1.30103
7193,2.69897,-2,2,-1.30103,1.30103
7195,2.69897,-2,2,-1.30103,1.30103
7197,2.69897,-2,2,-1.30103,1.30103
7199,3,-2,2,-1.30103,1.30103
7201,3,-2,2,-1.30103,1.30103
7203,3,-2,2,-1.30103,1.30103
7205,3,-2,2,-1.30103,1.30103
7207,2.69897,-2,2,-1.30103,1.30103
7209,3,-2,2,-1.30103,1.30103
7211,3,-2,2,-1.30103,1.30103
7213,3,-2,2,-1.30103,1.30103
7215,3,-2,2,-1.30103,1.30103
7217,3,-2,2,-1.30103,1.30103
7219,3,-2,2,-1.30103,1.30103
7221,3,-2,2,-1.30103,1.30103
7223,3,-2,2,-1.30103,1.30103
7225,2.69897,-2,2,-1.30103,1.30103
7227,2.69897,-2,2,-1.30103,1.30103
7229,2.69897,-2,2,-1.30103,1.30103
7231,2.69897,-2,2,-1.30103,1.30103
7233,3,-2,2,-1.30103,1.30103
7235,3.004365,-2,2,-1.30103,1.30103
7237,2.69897,-2,2,-1.30103,1.30103
7239,3,-2,2,-1.30103,1.30103
7241,3,-2,2,-1.30103,1.30103
7243,3,-2,2,-1.30103,1.30103
7245,3,-2,2,-1.30103,1.30103
7247,3,-2,2,-1.30103,1.30103
7249,3,-2,2,-1.30103,1.30103
7251,3,-2,2,-1.30103,1.30103
7253,3,-2,2,-1.30103,1.30103
7255,3,-2,2,-1.30103,1.30103
7257,3.004365,-2,2,-1.30103,1.30103
7259,2.69897,-2,2,-1.30103,1.30103
7261,2.221849,-2,2,-1.30103,1.30103
7263,2.154902,-2,2,-1.30103,1.30103
7265,2.09691,-2,2,-1.30103,1.30103
7267,2.09691,-2,2,-1.30103,1.30103
7269,2.045758,-2,2,-1.30103,1.30103
7271,2.09691,-2,2,-1.30103,1.30103
7273,2.154902,-2,2,-1.30103,1.30103
7275,2.154902,-2,2,-1.30103,1.30103
7277,2.221849,-2,2,-1.30103,1.30103
7279,2,-2,2,-1.30103,1.30103
7281,2,-2,2,-1.30103,1.30103
7283,2.09691,-2,2,-1.30103,1.30103
7285,2.09691,-2,2,-1.30103,1.30103
7287,2.09691,-2,2,-1.30103,1.30103
7289,2.09691,-2,2,-1.30103,1.30103
7291,2.221849,-2,2,-1.30103,1.30103
7293,2.69897,-2,2,-1.30103,1.30103
7295,2.69897,-2,2,-1.30103,1.30103
7297,2.69897,-2,2,-1.30103,1.30103
7299,2.69897,-2,2,-1.30103,1.30103
7301,2.69897,-2,2,-1.30103,1.30103
7303,2.69897,-2,2,-1.30103,1.30103
7305,2.69897,-2,2,-1.30103,1.30103
7307,2.69897,-2,2,-1.30103,1.30103
7309,2.69897,-2,2,-1.30103,1.30103
7311,2.09691,-2,2,-1.30103,1.30103
7313,2.045758,-2,2,-1.30103,1.30103
7315,1.958607,-2,2,-1.30103,1.30103
7317,1.920819,-2,2,-1.30103,1.30103
7319,2.39794,-2,2,-1.30103,1.30103
7321,2.221849,-2,2,-1.30103,1.30103
7323,2.522879,-2,2,-1.30103,1.30103
7325,2.39794,-2,2,-1.30103,1.30103
7327,1.958607,-2,2,-1.30103,1.30103
7329,2,-2,2,-1.30103,1.30103
7331,1.958607,-2,2,-1.30103,1.30103
7333,2.09691,-2,2,-1.30103,1.30103
7335,2,-2,2,-1.30103,1.30103
7337,1.920819,-2,2,-1.30103,1.30103
7339,1.920819,-2,2,-1.30103,1.30103
7341,1.853872,-2,2,-1.30103,1.30103
7343,1.79588,-2,2,-1.30103,1.30103
7345,1.744727,-2,2,-1.30103,1.30103
7347,1.657577,-2,2,-1.30103,1.30103
7349,1.619789,-2,2,-1.30103,1.30103
7351,1.823909,-2,2,-1.30103,1.30103
7353,1.853872,-2,2,-1.30103,1.30103
7355,3,-2,2,-1.30103,1.30103
7357,2.522879,-2,2,-1.30103,1.30103
7359,2.39794,-2,2,-1.30103,1.30103
7361,2.30103,-2,2,-1.30103,1.30103
7363,2.221849,-2,2,-1.30103,1.30103
7365,1.79588,-2,2,-1.30103,1.30103
7367,1.920819,-2,2,-1.30103,1.30103
7369,2.221849,-2,2,-1.30103,1.30103
7371,2.221849,-2,2,-1.30103,1.30103
7373,2.221849,-2,2,-1.30103,1.30103
7375,2.221849,-2,2,-1.30103,1.30103
7377,2.30103,-2,2,-1.30103,1.30103
7379,2.39794,-2,2,-1.30103,1.30103
7381,2.39794,-2,2,-1.30103,1.30103
7383,2.30103,-2,2,-1.30103,1.30103
7385,1.920819,-2,2,-1.30103,1.30103
7387,1.920819,-2,2,-1.30103,1.30103
7389,1.920819,-2,2,-1.30103,1.30103
7391,1.853872,-2,2,-1.30103,1.30103
7393,1.886057,-2,2,-1.30103,1.30103
7395,1.920819,-2,2,-1.30103,1.30103
7397,1.920819,-2,2,-1.30103,1.30103
7399,1.920819,-2,2,-1.30103,1.30103
7401,1.823909,-2,2,-1.30103,1.30103
7403,1.79588,-2,2,-1.30103,1.30103
7405,1.769551,-2,2,-1.30103,1.30103
7407,1.744727,-2,2,-1.30103,1.30103
7409,1.744727,-2,2,-1.30103,1.30103
7411,1.657577,-2,2,-1.30103,1.30103
7413,1.657577,-2,2,-1.30103,1.30103
7415,1.69897,-2,2,-1.30103,1.30103
7417,1.69897,-2,2,-1.30103,1.30103
7419,1.721246,-2,2,-1.30103,1.30103
7421,1.431798,-2,2,-1.30103,1.30103
7423,1.39794,-2,2,-1.30103,1.30103
7425,1.376751,-2,2,-1.30103,1.30103
7427,1.49485,-2,2,-1.30103,1.30103
7429,1.49485,-2,2,-1.30103,1.30103
7431,1.49485,-2,2,-1.30103,1.30103
7433,1.431798,-2,2,-1.30103,1.30103
7435,1.356547,-2,2,-1.30103,1.30103
7437,1.568636,-2,2,-1.30103,1.30103
7439,1.522879,-2,2,-1.30103,1.30103
7441,1.39794,-2,2,-1.30103,1.30103
7443,1.39794,-2,2,-1.30103,1.30103
7445,1.366531,-2,2,-1.30103,1.30103
7447,1.309804,-2,2,-1.30103,1.30103
7449,1.309804,-2,2,-1.30103,1.30103
7451,1.21467,-2,2,-1.30103,1.30103
7453,1.443697,-2,2,-1.30103,1.30103
7455,1.443697,-2,2,-1.30103,1.30103
7457,1.468521,-2,2,-1.30103,1.30103
7459,2.045758,-2,2,-1.30103,1.30103
7461,2.522879,-2,2,-1.30103,1.30103
7463,2.69897,-2,2,-1.30103,1.30103
7465,2.69897,-2,2,-1.30103,1.30103
7467,2.69897,-2,2,-1.30103,1.30103
7469,2.39794,-2,2,-1.30103,1.30103
7471,2.39794,-2,2,-1.30103,1.30103
7473,2.522879,-2,2,-1.30103,1.30103
7475,2.69897,-2,2,-1.30103,1.30103
7477,2.522879,-2,2,-1.30103,1.30103
7479,2.69897,-2,2,-1.30103,1.30103
7481,2.69897,-2,2,-1.30103,1.30103
7483,2.522879,-2,2,-1.30103,1.30103
7485,2.522879,-2,2,-1.30103,1.30103
7487,2.69897,-2,2,-1.30103,1.30103
7489,2.522879,-2,2,-1.30103,1.30103
7491,2.522879,-2,2,-1.30103,1.30103
7493,2.522879,-2,2,-1.30103,1.30103
7495,2.522879,-2,2,-1.30103,1.30103
7497,2.522879,-2,2,-1.30103,1.30103
7499,2.69897,-2,2,-1.30103,1.30103
7501,2.69897,-2,2,-1.30103,1.30103
7503,2.69897,-2,2,-1.30103,1.30103
7505,2.69897,-2,2,-1.30103,1.30103
7507,2.69897,-2,2,-1.30103,1.30103
7509,2.69897,-2,2,-1.30103,1.30103
7511,3.004365,-2,2,-1.30103,1.30103
7513,3.004365,-2,2,-1.30103,1.30103
7515,3.004365,-2,2,-1.30103,1.30103
7517,3.004365,-2,2,-1.30103,1.30103
7519,3.004365,-2,2,-1.30103,1.30103
7521,2.69897,-2,2,-1.30103,1.30103
7523,2.39794,-2,2,-1.30103,1.30103
7525,2.522879,-2,2,-1.30103,1.30103
7527,2.69897,-2,2,-1.30103,1.30103
7529,2.69897,-2,2,-1.30103,1.30103
7531,2.39794,-2,2,-1.30103,1.30103
7533,2.39794,-2,2,-1.30103,1.30103
7535,2.30103,-2,2,-1.30103,1.30103
7537,2.09691,-2,2,-1.30103,1.30103
7539,2,-2,2,-1.30103,1.30103
7541,1.920819,-2,2,-1.30103,1.30103
7543,1.853872,-2,2,-1.30103,1.30103
7545,1.853872,-2,2,-1.30103,1.30103
7547,1.79588,-2,2,-1.30103,1.30103
7549,1.657577,-2,2,-1.30103,1.30103
7551,1.657577,-2,2,-1.30103,1.30103
7553,1.585027,-2,2,-1.30103,1.30103
7555,1.69897,-2,2,-1.30103,1.30103
7557,1.69897,-2,2,-1.30103,1.30103
7559,1.327902,-2,2,-1.30103,1.30103
7561,1.283997,-2,2,-1.30103,1.30103
7563,1.337242,-2,2,-1.30103,1.30103
7565,1.79588,-2,2,-1.30103,1.30103
7567,1.79588,-2,2,-1.30103,1.30103
7569,1.744727,-2,2,-1.30103,1.30103
7571,1.721246,-2,2,-1.30103,1.30103
7573,1.69897,-2,2,-1.30103,1.30103
7575,1.619789,-2,2,-1.30103,1.30103
7577,1.552842,-2,2,-1.30103,1.30103
7579,1.522879,-2,2,-1.30103,1.30103
7581,1.552842,-2,2,-1.30103,1.30103
7583,1.537602,-2,2,-1.30103,1.30103
7585,2,-2,2,-1.30103,1.30103
7587,2.09691,-2,2,-1.30103,1.30103
7589,2.09691,-2,2,-1.30103,1.30103
7591,2.09691,-2,2,-1.30103,1.30103
7593,2.09691,-2,2,-1.30103,1.30103
7595,2.09691,-2,2,-1.30103,1.30103
7597,2.09691,-2,2,-1.30103,1.30103
7599,2.09691,-2,2,-1.30103,1.30103
7601,2.221849,-2,2,-1.30103,1.30103
7603,2.154902,-2,2,-1.30103,1.30103
7605,2.154902,-2,2,-1.30103,1.30103
7607,2.154902,-2,2,-1.30103,1.30103
7609,2.221849,-2,2,-1.30103,1.30103
7611,2.154902,-2,2,-1.30103,1.30103
7613,2.09691,-2,2,-1.30103,1.30103
7615,2.154902,-2,2,-1.30103,1.30103
7617,2.09691,-2,2,-1.30103,1.30103
7619,2.09691,-2,2,-1.30103,1.30103
7621,3,-2,2,-1.30103,1.30103
7623,3,-2,2,-1.30103,1.30103
7625,3,-2,2,-1.30103,1.30103
7627,2.69897,-2,2,-1.30103,1.30103
7629,2.69897,-2,2,-1.30103,1.30103
7631,2.69897,-2,2,-1.30103,1.30103
7633,2.69897,-2,2,-1.30103,1.30103
7635,2.39794,-2,2,-1.30103,1.30103
7637,2.522879,-2,2,-1.30103,1.30103
7639,2.522879,-2,2,-1.30103,1.30103
7641,2.522879,-2,2,-1.30103,1.30103
7643,2.39794,-2,2,-1.30103,1.30103
7645,2.39794,-2,2,-1.30103,1.30103
7647,2.221849,-2,2,-1.30103,1.30103
7649,2.221849,-2,2,-1.30103,1.30103
7651,2.221849,-2,2,-1.30103,1.30103
7653,2.09691,-2,2,-1.30103,1.30103
7655,2.154902,-2,2,-1.30103,1.30103
7657,2.221849,-2,2,-1.30103,1.30103
7659,2.221849,-2,2,-1.30103,1.30103
7661,1.657577,-2,2,-1.30103,1.30103
7663,1.69897,-2,2,-1.30103,1.30103
7665,1.69897,-2,2,-1.30103,1.30103
7667,1.677781,-2,2,-1.30103,1.30103
7669,1.79588,-2,2,-1.30103,1.30103
7671,1.79588,-2,2,-1.30103,1.30103
7673,1.744727,-2,2,-1.30103,1.30103
7675,1.585027,-2,2,-1.30103,1.30103
7677,1.585027,-2,2,-1.30103,1.30103
7679,1.568636,-2,2,-1.30103,1.30103
7681,1.585027,-2,2,-1.30103,1.30103
7683,1.552842,-2,2,-1.30103,1.30103
7685,1.657577,-2,2,-1.30103,1.30103
7687,1.657577,-2,2,-1.30103,1.30103
7689,1.657577,-2,2,-1.30103,1.30103
7691,1.283997,-2,2,-1.30103,1.30103
7693,1.283997,-2,2,-1.30103,1.30103
7695,1.221849,-2,2,-1.30103,1.30103
7697,1.130768,-2,2,-1.30103,1.30103
7699,1.075721,-2,2,-1.30103,1.30103
7701,0.74958,-2,2,-1.30103,1.30103
7703,0.7077439,-2,2,-1.30103,1.30103
7705,0.7166988,-2,2,-1.30103,1.30103
7707,0.7033348,-2,2,-1.30103,1.30103
7709,0.6819367,-2,2,-1.30103,1.30103
7711,0.6655462,-2,2,-1.30103,1.30103
7713,0.6252517,-2,2,-1.30103,1.30103
7715,0.5934598,-2,2,-1.30103,1.30103
7717,0.623423,-2,2,-1.30103,1.30103
7719,0.6307842,-2,2,-1.30103,1.30103
7721,0.8860567,-2,2,-1.30103,1.30103
7723,1.221849,-2,2,-1.30103,1.30103
7725,1.30103,-2,2,-1.30103,1.30103
7727,1.244125,-2,2,-1.30103,1.30103
7729,1.251812,-2,2,-1.30103,1.30103
7731,1.207608,-2,2,-1.30103,1.30103
7733,1.251812,-2,2,-1.30103,1.30103
7735,1.221849,-2,2,-1.30103,1.30103
7737,1.236572,-2,2,-1.30103,1.30103
7739,1.236572,-2,2,-1.30103,1.30103
7741,1.267606,-2,2,-1.30103,1.30103
7743,1.267606,-2,2,-1.30103,1.30103
7745,1.356547,-2,2,-1.30103,1.30103
7747,1.337242,-2,2,-1.30103,1.30103
7749,1.337242,-2,2,-1.30103,1.30103
7751,1.337242,-2,2,-1.30103,1.30103
7753,1.420216,-2,2,-1.30103,1.30103
7755,1.075721,-2,2,-1.30103,1.30103
7757,0.9913998,-2,2,-1.30103,1.30103
7759,1.251812,-2,2,-1.30103,1.30103
7761,1.251812,-2,2,-1.30103,1.30103
7763,1.167491,-2,2,-1.30103,1.30103
7765,1.119186,-2,2,-1.30103,1.30103
7767,1.167491,-2,2,-1.30103,1.30103
7769,1.19382,-2,2,-1.30103,1.30103
7771,1.251812,-2,2,-1.30103,1.30103
7773,1.267606,-2,2,-1.30103,1.30103
7775,1.30103,-2,2,-1.30103,1.30103
7777,0.9956786,-2,2,-1.30103,1.30103
7779,0.9956786,-2,2,-1.30103,1.30103
7781,1.026872,-2,2,-1.30103,1.30103
7783,1.086186,-2,2,-1.30103,1.30103
7785,1.075721,-2,2,-1.30103,1.30103
7787,1.086186,-2,2,-1.30103,1.30103
7789,1.136677,-2,2,-1.30103,1.30103
7791,1.113509,-2,2,-1.30103,1.30103
7793,1.045758,-2,2,-1.30103,1.30103
7795,1.09691,-2,2,-1.30103,1.30103
7797,1.19382,-2,2,-1.30103,1.30103
7799,1.207608,-2,2,-1.30103,1.30103
7801,1.148742,-2,2,-1.30103,1.30103
7803,1.187087,-2,2,-1.30103,1.30103
7805,1.221849,-2,2,-1.30103,1.30103
7807,1.221849,-2,2,-1.30103,1.30103
7809,1.21467,-2,2,-1.30103,1.30103
7811,1.19382,-2,2,-1.30103,1.30103
7813,1.207608,-2,2,-1.30103,1.30103
7815,1.207608,-2,2,-1.30103,1.30103
7817,1.173925,-2,2,-1.30103,1.30103
7819,1.167491,-2,2,-1.30103,1.30103
7821,1.200659,-2,2,-1.30103,1.30103
7823,0.9665762,-2,2,-1.30103,1.30103
7825,1.130768,-2,2,-1.30103,1.30103
7827,1.275724,-2,2,-1.30103,1.30103
7829,1.39794,-2,2,-1.30103,1.30103
7831,1.408935,-2,2,-1.30103,1.30103
7833,1.408935,-2,2,-1.30103,1.30103
7835,1.420216,-2,2,-1.30103,1.30103
7837,1.39794,-2,2,-1.30103,1.30103
7839,1.537602,-2,2,-1.30103,1.30103
7841,1.657577,-2,2,-1.30103,1.30103
7843,1.619789,-2,2,-1.30103,1.30103
7845,1.619789,-2,2,-1.30103,1.30103
7847,1.585027,-2,2,-1.30103,1.30103
7849,1.552842,-2,2,-1.30103,1.30103
7851,1.552842,-2,2,-1.30103,1.30103
7853,1.552842,-2,2,-1.30103,1.30103
7855,1.60206,-2,2,-1.30103,1.30103
7857,1.522879,-2,2,-1.30103,1.30103
7859,1.552842,-2,2,-1.30103,1.30103
7861,1.920819,-2,2,-1.30103,1.30103
7863,2,-2,2,-1.30103,1.30103
7865,2,-2,2,-1.30103,1.30103
7867,2,-2,2,-1.30103,1.30103
7869,2,-2,2,-1.30103,1.30103
7871,2.09691,-2,2,-1.30103,1.30103
7873,2.09691,-2,2,-1.30103,1.30103
7875,2.221849,-2,2,-1.30103,1.30103
7877,2.221849,-2,2,-1.30103,1.30103
7879,2.221849,-2,2,-1.30103,1.30103
7881,2.221849,-2,2,-1.30103,1.30103
7883,2.221849,-2,2,-1.30103,1.30103
7885,1.920819,-2,2,-1.30103,1.30103
7887,1.920819,-2,2,-1.30103,1.30103
7889,1.886057,-2,2,-1.30103,1.30103
7891,2.221849,-2,2,-1.30103,1.30103
7893,2.30103,-2,2,-1.30103,1.30103
7895,2.39794,-2,2,-1.30103,1.30103
7897,2.39794,-2,2,-1.30103,1.30103
7899,2.522879,-2,2,-1.30103,1.30103
7901,3,-2,2,-1.30103,1.30103
7903,3,-2,2,-1.30103,1.30103
7905,3,-2,2,-1.30103,1.30103
7907,3.004365,-2,2,-1.30103,1.30103
7909,3.004365,-2,2,-1.30103,1.30103
7911,3.004365,-2,2,-1.30103,1.30103
7913,3.004365,-2,2,-1.30103,1.30103
7915,3.004365,-2,2,-1.30103,1.30103
7917,3.004365,-2,2,-1.30103,1.30103
7919,3.004365,-2,2,-1.30103,1.30103
7921,3.004365,-2,2,-1.30103,1.30103
7923,3.004365,-2,2,-1.30103,1.30103
7925,3.004365,-2,2,-1.30103,1.30103
7927,3.004365,-2,2,-1.30103,1.30103
7929,3.004365,-2,2,-1.30103,1.30103
7931,3.004365,-2,2,-1.30103,1.30103
7933,3.004365,-2,2,-1.30103,1.30103
7935,3.004365,-2,2,-1.30103,1.30103
7937,3.004365,-2,2,-1.30103,1.30103
7939,3.004365,-2,2,-1.30103,1.30103
7941,3.004365,-2,2,-1.30103,1.30103
7943,3.004365,-2,2,-1.30103,1.30103
7945,3.004365,-2,2,-1.30103,1.30103
7947,3.004365,-2,2,-1.30103,1.30103
7949,3.004365,-2,2,-1.30103,1.30103
7951,3.004365,-2,2,-1.30103,1.30103
7953,3.004365,-2,2,-1.30103,1.30103
7955,3.004365,-2,2,-1.30103,1.30103
7957,3.004365,-2,2,-1.30103,1.30103
7959,3.004365,-2,2,-1.30103,1.30103
7961,3.004365,-2,2,-1.30103,1.30103
7963,3.004365,-2,2,-1.30103,1.30103
7965,3.004365,-2,2,-1.30103,1.30103
7967,3.004365,-2,2,-1.30103,1.30103
7969,3.004365,-2,2,-1.30103,1.30103
7971,3.004365,-2,2,-1.30103,1.30103
7973,3.004365,-2,2,-1.30103,1.30103
7975,3.004365,-2,2,-1.30103,1.30103
7977,3.004365,-2,2,-1.30103,1.30103
7979,3.004365,-2,2,-1.30103,1.30103
7981,3,-2,2,-1.30103,1.30103
7983,2.69897,-2,2,-1.30103,1.30103
7985,2.69897,-2,2,-1.30103,1.30103
7987,2.30103,-2,2,-1.30103,1.30103
7989,2.39794,-2,2,-1.30103,1.30103
7991,2.154902,-2,2,-1.30103,1.30103
7993,2.154902,-2,2,-1.30103,1.30103
7995,1.853872,-2,2,-1.30103,1.30103
7997,1.744727,-2,2,-1.30103,1.30103
7999,1.769551,-2,2,-1.30103,1.30103
8001,1.585027,-2,2,-1.30103,1.30103
8003,1.638272,-2,2,-1.30103,1.30103
8005,1.585027,-2,2,-1.30103,1.30103
8007,1.60206,-2,2,-1.30103,1.30103
8009,1.657577,-2,2,-1.30103,1.30103
8011,1.657577,-2,2,-1.30103,1.30103
8013,1.420216,-2,2,-1.30103,1.30103
8015,1.244125,-2,2,-1.30103,1.30103
8017,1.244125,-2,2,-1.30103,1.30103
8019,1.017729,-2,2,-1.30103,1.30103
8021,0.8181564,-2,2,-1.30103,1.30103
8023,0.9829667,-2,2,-1.30103,1.30103
8025,0.9208187,-2,2,-1.30103,1.30103
8027,0.838632,-2,2,-1.30103,1.30103
8029,0.6108339,-2,2,-1.30103,1.30103
8031,0.5816987,-2,2,-1.30103,1.30103
8033,0.5883803,-2,2,-1.30103,1.30103
8035,0.5559552,-2,2,-1.30103,1.30103
8037,0.5575202,-2,2,-1.30103,1.30103
8039,0.5257837,-2,2,-1.30103,1.30103
8041,0.3635121,-2,2,-1.30103,1.30103
8043,-0.333482,-2,2,-1.30103,1.30103
8045,-0.394695,-2,2,-1.30103,1.30103
8047,-0.391474,-2,2,-1.30103,1.30103
8049,-0.391474,-2,2,-1.30103,1.30103
8051,-0.3767507,-2,2,-1.30103,1.30103
8053,-0.333482,-2,2,-1.30103,1.30103
8055,-0.3187588,-2,2,-1.30103,1.30103
8057,-0.3410352,-2,2,-1.30103,1.30103
8059,-0.3133637,-2,2,-1.30103,1.30103
8061,-0.3467875,-2,2,-1.30103,1.30103
8063,-0.4841262,-2,2,-1.30103,1.30103
8065,-0.5030704,-2,2,-1.30103,1.30103
8067,-0.4975729,-2,2,-1.30103,1.30103
8069,-0.5867003,-2,2,-1.30103,1.30103
8071,-0.6439741,-2,2,-1.30103,1.30103
8073,-0.6420652,-2,2,-1.30103,1.30103
8075,-0.7746907,-2,2,-1.30103,1.30103
8077,-1.022276,-2,2,-1.30103,1.30103
8079,-1.008774,-2,2,-1.30103,1.30103
8081,-1.207608,-2,2,-1.30103,1.30103
8083,-1.366531,-2,2,-1.30103,1.30103
8085,-1.275724,-2,2,-1.30103,1.30103
8087,-1.229148,-2,2,-1.30103,1.30103
8089,-1.537602,-2,2,-1.30103,1.30103
8091,-1.468521,-2,2,-1.30103,1.30103
8093,-1.39794,-2,2,-1.30103,1.30103
8095,-1.376751,-2,2,-1.30103,1.30103
8097,-1.744727,-2,2,-1.30103,1.30103
8099,-2,-2,2,-1.30103,1.30103
8101,-2.045758,-2,2,-1.30103,1.30103
8103,-2.522879,-2,2,-1.30103,1.30103
8105,-2.522879,-2,2,-1.30103,1.30103
8107,-2.69897,-2,2,-1.30103,1.30103
8109,-3.004365,-2,2,-1.30103,1.30103
8111,-3.004365,-2,2,-1.30103,1.30103
8113,-3.004365,-2,2,-1.30103,1.30103
8115,-3.004365,-2,2,-1.30103,1.30103
8117,-3.004365,-2,2,-1.30103,1.30103
8119,-3.004365,-2,2,-1.30103,1.30103
8121,-3.004365,-2,2,-1.30103,1.30103
8123,-3.004365,-2,2,-1.30103,1.30103
8125,-3.004365,-2,2,-1.30103,1.30103
8127,-3.004365,-2,2,-1.30103,1.30103
8129,-3.004365,-2,2,-1.30103,1.30103
8131,-3.004365,-2,2,-1.30103,1.30103
8133,-3.004365,-2,2,-1.30103,1.30103
8135,-3.004365,-2,2,-1.30103,1.30103
8137,-3.004365,-2,2,-1.30103,1.30103
8139,-3.004365,-2,2,-1.30103,1.30103
8141,-3.004365,-2,2,-1.30103,1.30103
8143,-3.004365,-2,2,-1.30103,1.30103
8145,-3,-2,2,-1.30103,1.30103
8147,-3,-2,2,-1.30103,1.30103
8149,-3,-2,2,-1.30103,1.30103
8151,-3.004365,-2,2,-1.30103,1.30103
8153,-3.004365,-2,2,-1.30103,1.30103
8155,-3,-2,2,-1.30103,1.30103
8157,-3,-2,2,-1.30103,1.30103
8159,-3.004365,-2,2,-1.30103,1.30103
8161,-3,-2,2,-1.30103,1.30103
8163,-3,-2,2,-1.30103,1.30103
8165,-3.004365,-2,2,-1.30103,1.30103
8167,-3.004365,-2,2,-1.30103,1.30103
8169,-3.004365,-2,2,-1.30103,1.30103
8171,-3.004365,-2,2,-1.30103,1.30103
8173,-3.004365,-2,2,-1.30103,1.30103
8175,-3.004365,-2,2,-1.30103,1.30103
8177,-3.004365,-2,2,-1.30103,1.30103
8179,-2.69897,-2,2,-1.30103,1.30103
8181,-2.522879,-2,2,-1.30103,1.30103
8183,-2.69897,-2,2,-1.30103,1.30103
8185,-2.69897,-2,2,-1.30103,1.30103
8187,-2.30103,-2,2,-1.30103,1.30103
8189,-2.221849,-2,2,-1.30103,1.30103
8191,-2.221849,-2,2,-1.30103,1.30103
8193,-2.221849,-2,2,-1.30103,1.30103
8195,-2,-2,2,-1.30103,1.30103
8197,-2,-2,2,-1.30103,1.30103
8199,-2.154902,-2,2,-1.30103,1.30103
8201,-1.958607,-2,2,-1.30103,1.30103
8203,-2,-2,2,-1.30103,1.30103
8205,-2,-2,2,-1.30103,1.30103
8207,-1.958607,-2,2,-1.30103,1.30103
8209,-1.958607,-2,2,-1.30103,1.30103
8211,-1.886057,-2,2,-1.30103,1.30103
8213,-1.886057,-2,2,-1.30103,1.30103
8215,-1.568636,-2,2,-1.30103,1.30103
8217,-1.468521,-2,2,-1.30103,1.30103
8219,-1.275724,-2,2,-1.30103,1.30103
8221,-1.065502,-2,2,-1.30103,1.30103
8223,-1.065502,-2,2,-1.30103,1.30103
8225,-0.9625735,-2,2,-1.30103,1.30103
8227,-1.318759,-2,2,-1.30103,1.30103
8229,-1.09691,-2,2,-1.30103,1.30103
8231,-1.229148,-2,2,-1.30103,1.30103
8233,-1.259637,-2,2,-1.30103,1.30103
8235,-1.251812,-2,2,-1.30103,1.30103
8237,-1.187087,-2,2,-1.30103,1.30103
8239,-1.136677,-2,2,-1.30103,1.30103
8241,-0.9829667,-2,2,-1.30103,1.30103
8243,-0.7931741,-2,2,-1.30103,1.30103
8245,-0.5883803,-2,2,-1.30103,1.30103
8247,-0.5833595,-2,2,-1.30103,1.30103
8249,-0.653647,-2,2,-1.30103,1.30103
8251,-0.653647,-2,2,-1.30103,1.30103
8253,-0.6439741,-2,2,-1.30103,1.30103
8255,-0.8356472,-2,2,-1.30103,1.30103
8257,-0.7619539,-2,2,-1.30103,1.30103
8259,-0.7670039,-2,2,-1.30103,1.30103
8261,-0.7986029,-2,2,-1.30103,1.30103
8263,-0.6126102,-2,2,-1.30103,1.30103
8265,-0.6161847,-2,2,-1.30103,1.30103
8267,-0.7258422,-2,2,-1.30103,1.30103
8269,-0.5497509,-2,2,-1.30103,1.30103
8271,-0.5559552,-2,2,-1.30103,1.30103
8273,-0.5575202,-2,2,-1.30103,1.30103
8275,-0.419075,-2,2,-1.30103,1.30103
8277,-0.4306261,-2,2,-1.30103,1.30103
8279,-0.4329736,-2,2,-1.30103,1.30103
8281,-0.3716111,-2,2,-1.30103,1.30103
8283,-0.3746876,-2,2,-1.30103,1.30103
8285,-0.38405,-2,2,-1.30103,1.30103
8287,-0.6216021,-2,2,-1.30103,1.30103
8289,-0.4881167,-2,2,-1.30103,1.30103
8291,-0.5016894,-2,2,-1.30103,1.30103
8293,-0.537602,-2,2,-1.30103,1.30103
8295,-0.5257837,-2,2,-1.30103,1.30103
8297,-0.4259687,-2,2,-1.30103,1.30103
8299,-0.4045038,-2,2,-1.30103,1.30103
8301,-0.4045038,-2,2,-1.30103,1.30103
8303,0.3467875,-2,2,-1.30103,1.30103
8305,0.3565473,-2,2,-1.30103,1.30103
8307,-0.3071531,-2,2,-1.30103,1.30103
8309,-0.3071531,-2,2,-1.30103,1.30103
8311,-0.3391345,-2,2,-1.30103,1.30103
8313,0.3027706,-2,2,-1.30103,1.30103
8315,-0.30103,-2,2,-1.30103,1.30103
8317,0.3288271,-2,2,-1.30103,1.30103
8319,0.3410352,-2,2,-1.30103,1.30103
8321,0.316953,-2,2,-1.30103,1.30103
8323,0.3251389,-2,2,-1.30103,1.30103
8325,0.3545777,-2,2,-1.30103,1.30103
8327,0.3316141,-2,2,-1.30103,1.30103
8329,-0.3372422,-2,2,-1.30103,1.30103
8331,-0.3018995,-2,2,-1.30103,1.30103
8333,-0.3242217,-2,2,-1.30103,1.30103
8335,-0.3297541,-2,2,-1.30103,1.30103
8337,-0.316953,-2,2,-1.30103,1.30103
8339,-0.3036436,-2,2,-1.30103,1.30103
8341,-0.3726341,-2,2,-1.30103,1.30103
8343,-0.3957739,-2,2,-1.30103,1.30103
8345,-0.4685211,-2,2,-1.30103,1.30103
8347,-0.5185574,-2,2,-1.30103,1.30103
8349,-0.4749552,-2,2,-1.30103,1.30103
8351,-0.3635121,-2,2,-1.30103,1.30103
8353,-0.3585259,-2,2,-1.30103,1.30103
8355,-0.3788237,-2,2,-1.30103,1.30103
8357,-0.4353339,-2,2,-1.30103,1.30103
8359,-0.4509967,-2,2,-1.30103,1.30103
8361,-0.4788619,-2,2,-1.30103,1.30103
8363,-0.4881167,-2,2,-1.30103,1.30103
8365,-0.4854522,-2,2,-1.30103,1.30103
8367,-0.4814861,-2,2,-1.30103,1.30103
8369,-0.6161847,-2,2,-1.30103,1.30103
8371,-0.6382722,-2,2,-1.30103,1.30103
8373,-0.5816987,-2,2,-1.30103,1.30103
8375,-0.5751184,-2,2,-1.30103,1.30103
8377,-0.5783961,-2,2,-1.30103,1.30103
8379,-0.6038007,-2,2,-1.30103,1.30103
8381,-0.60206,-2,2,-1.30103,1.30103
8383,-0.607303,-2,2,-1.30103,1.30103
8385,-0.7670039,-2,2,-1.30103,1.30103
8387,-0.7212464,-2,2,-1.30103,1.30103
8389,-0.7423214,-2,2,-1.30103,1.30103
8391,-0.8664611,-2,2,-1.30103,1.30103
8393,-0.821023,-2,2,-1.30103,1.30103
8395,-0.8013429,-2,2,-1.30103,1.30103
8397,-0.7931741,-2,2,-1.30103,1.30103
8399,-0.7212464,-2,2,-1.30103,1.30103
8401,-0.7121983,-2,2,-1.30103,1.30103
8403,-0.7121983,-2,2,-1.30103,1.30103
8405,-0.7189666,-2,2,-1.30103,1.30103
8407,-0.69897,-2,2,-1.30103,1.30103
8409,-0.7121983,-2,2,-1.30103,1.30103
8411,-0.6757175,-2,2,-1.30103,1.30103
8413,-0.8181564,-2,2,-1.30103,1.30103
8415,-1.102373,-2,2,-1.30103,1.30103
8417,-1.136677,-2,2,-1.30103,1.30103
8419,-1.161151,-2,2,-1.30103,1.30103
8421,-1.173925,-2,2,-1.30103,1.30103
8423,-1.30103,-2,2,-1.30103,1.30103
8425,-1.30103,-2,2,-1.30103,1.30103
8427,-1.119186,-2,2,-1.30103,1.30103
8429,-1.408935,-2,2,-1.30103,1.30103
8431,-1.180456,-2,2,-1.30103,1.30103
8433,-1.154902,-2,2,-1.30103,1.30103
8435,-1.408935,-2,2,-1.30103,1.30103
8437,-1.657577,-2,2,-1.30103,1.30103
8439,-1.585027,-2,2,-1.30103,1.30103
8441,-1.585027,-2,2,-1.30103,1.30103
8443,-1.619789,-2,2,-1.30103,1.30103
8445,-1.958607,-2,2,-1.30103,1.30103
8447,-1.886057,-2,2,-1.30103,1.30103
8449,-1.886057,-2,2,-1.30103,1.30103
8451,-2.09691,-2,2,-1.30103,1.30103
8453,-3.004365,-2,2,-1.30103,1.30103
8455,-3.004365,-2,2,-1.30103,1.30103
8457,-3.004365,-2,2,-1.30103,1.30103
8459,-3.004365,-2,2,-1.30103,1.30103
8461,-3.004365,-2,2,-1.30103,1.30103
8463,-3.004365,-2,2,-1.30103,1.30103
8465,-3.004365,-2,2,-1.30103,1.30103
8467,-3.004365,-2,2,-1.30103,1.30103
8469,-3.004365,-2,2,-1.30103,1.30103
8471,-3.004365,-2,2,-1.30103,1.30103
8473,-3.004365,-2,2,-1.30103,1.30103
8475,-3.004365,-2,2,-1.30103,1.30103
8477,-3,-2,2,-1.30103,1.30103
8479,-3,-2,2,-1.30103,1.30103
8481,-2.69897,-2,2,-1.30103,1.30103
8483,-2.30103,-2,2,-1.30103,1.30103
8485,-1.920819,-2,2,-1.30103,1.30103
8487,-1.677781,-2,2,-1.30103,1.30103
8489,-1.69897,-2,2,-1.30103,1.30103
8491,-1.721246,-2,2,-1.30103,1.30103
8493,-1.958607,-2,2,-1.30103,1.30103
8495,-1.958607,-2,2,-1.30103,1.30103
8497,-1.958607,-2,2,-1.30103,1.30103
8499,-1.886057,-2,2,-1.30103,1.30103
8501,-1.886057,-2,2,-1.30103,1.30103
8503,-1.823909,-2,2,-1.30103,1.30103
8505,-2.09691,-2,2,-1.30103,1.30103
8507,-1.744727,-2,2,-1.30103,1.30103
8509,-1.744727,-2,2,-1.30103,1.30103
8511,-1.79588,-2,2,-1.30103,1.30103
8513,-2.154902,-2,2,-1.30103,1.30103
8515,-2.09691,-2,2,-1.30103,1.30103
8517,-2.154902,-2,2,-1.30103,1.30103
8519,-1.958607,-2,2,-1.30103,1.30103
8521,-2,-2,2,-1.30103,1.30103
8523,-2.09691,-2,2,-1.30103,1.30103
8525,-2.221849,-2,2,-1.30103,1.30103
8527,-2.221849,-2,2,-1.30103,1.30103
8529,-1.79588,-2,2,-1.30103,1.30103
8531,-1.79588,-2,2,-1.30103,1.30103
8533,-2.221849,-2,2,-1.30103,1.30103
8535,-2.30103,-2,2,-1.30103,1.30103
8537,-2,-2,2,-1.30103,1.30103
8539,-1.920819,-2,2,-1.30103,1.30103
8541,-1.677781,-2,2,-1.30103,1.30103
8543,-1.69897,-2,2,-1.30103,1.30103
8545,-1.721246,-2,2,-1.30103,1.30103
8547,-2,-2,2,-1.30103,1.30103
8549,-1.886057,-2,2,-1.30103,1.30103
8551,-2,-2,2,-1.30103,1.30103
8553,-1.958607,-2,2,-1.30103,1.30103
8555,-1.958607,-2,2,-1.30103,1.30103
8557,-1.769551,-2,2,-1.30103,1.30103
8559,-1.744727,-2,2,-1.30103,1.30103
8561,-1.744727,-2,2,-1.30103,1.30103
8563,-1.769551,-2,2,-1.30103,1.30103
8565,-1.769551,-2,2,-1.30103,1.30103
8567,-1.744727,-2,2,-1.30103,1.30103
8569,-1.366531,-2,2,-1.30103,1.30103
8571,-1.356547,-2,2,-1.30103,1.30103
8573,-1.431798,-2,2,-1.30103,1.30103
8575,-1.49485,-2,2,-1.30103,1.30103
8577,-1.376751,-2,2,-1.30103,1.30103
8579,-1.376751,-2,2,-1.30103,1.30103
8581,-1.366531,-2,2,-1.30103,1.30103
8583,-1.408935,-2,2,-1.30103,1.30103
8585,-1.408935,-2,2,-1.30103,1.30103
8587,-1.537602,-2,2,-1.30103,1.30103
8589,-1.568636,-2,2,-1.30103,1.30103
8591,-1.244125,-2,2,-1.30103,1.30103
8593,-1.356547,-2,2,-1.30103,1.30103
8595,-1.356547,-2,2,-1.30103,1.30103
8597,-1.49485,-2,2,-1.30103,1.30103
8599,-1.537602,-2,2,-1.30103,1.30103
8601,-1.619789,-2,2,-1.30103,1.30103
8603,-1.677781,-2,2,-1.30103,1.30103
8605,-1.677781,-2,2,-1.30103,1.30103
8607,-1.744727,-2,2,-1.30103,1.30103
8609,-1.744727,-2,2,-1.30103,1.30103
8611,-2,-2,2,-1.30103,1.30103
8613,-1.468521,-2,2,-1.30103,1.30103
8615,-1.21467,-2,2,-1.30103,1.30103
8617,-1.267606,-2,2,-1.30103,1.30103
8619,-1.29243,-2,2,-1.30103,1.30103
8621,-1.29243,-2,2,-1.30103,1.30103
8623,-1.148742,-2,2,-1.30103,1.30103
8625,-1.207608,-2,2,-1.30103,1.30103
8627,-1.060481,-2,2,-1.30103,1.30103
8629,-0.8728952,-2,2,-1.30103,1.30103
8631,-0.8996295,-2,2,-1.30103,1.30103
8633,-1.022276,-2,2,-1.30103,1.30103
8635,-1.455932,-2,2,-1.30103,1.30103
8637,-1.29243,-2,2,-1.30103,1.30103
8639,-1.366531,-2,2,-1.30103,1.30103
8641,-1.387216,-2,2,-1.30103,1.30103
8643,-1.387216,-2,2,-1.30103,1.30103
8645,-1.173925,-2,2,-1.30103,1.30103
8647,-1.200659,-2,2,-1.30103,1.30103
8649,-1.200659,-2,2,-1.30103,1.30103
8651,-1.060481,-2,2,-1.30103,1.30103
8653,-0.5497509,-2,2,-1.30103,1.30103
8655,-0.5606673,-2,2,-1.30103,1.30103
8657,-0.4497716,-2,2,-1.30103,1.30103
8659,-0.5185574,-2,2,-1.30103,1.30103
8661,-0.5228788,-2,2,-1.30103,1.30103
8663,-0.3851028,-2,2,-1.30103,1.30103
8665,-0.3882767,-2,2,-1.30103,1.30103
8667,-0.4145393,-2,2,-1.30103,1.30103
8669,-0.3819519,-2,2,-1.30103,1.30103
8671,-0.3936186,-2,2,-1.30103,1.30103
8673,-0.5272436,-2,2,-1.30103,1.30103
8675,-0.7399286,-2,2,-1.30103,1.30103
8677,-0.9586073,-2,2,-1.30103,1.30103
8679,-0.8569852,-2,2,-1.30103,1.30103
8681,-0.7258422,-2,2,-1.30103,1.30103
8683,-0.7328283,-2,2,-1.30103,1.30103
8685,-0.8794261,-2,2,-1.30103,1.30103
8687,-0.6655462,-2,2,-1.30103,1.30103
8689,-0.8728952,-2,2,-1.30103,1.30103
8691,-0.8664611,-2,2,-1.30103,1.30103
8693,-0.6556077,-2,2,-1.30103,1.30103
8695,-0.617983,-2,2,-1.30103,1.30103
8697,-0.5850267,-2,2,-1.30103,1.30103
8699,-0.9746941,-2,2,-1.30103,1.30103
8701,-0.9136401,-2,2,-1.30103,1.30103
8703,-0.9172146,-2,2,-1.30103,1.30103
8705,-0.7594507,-2,2,-1.30103,1.30103
8707,-0.8153086,-2,2,-1.30103,1.30103
8709,-0.8632795,-2,2,-1.30103,1.30103
8711,-0.7670039,-2,2,-1.30103,1.30103
8713,-0.8013429,-2,2,-1.30103,1.30103
8715,-0.649752,-2,2,-1.30103,1.30103
8717,-0.7166988,-2,2,-1.30103,1.30103
8719,-0.7851561,-2,2,-1.30103,1.30103
8721,-0.838632,-2,2,-1.30103,1.30103
8723,-0.9318141,-2,2,-1.30103,1.30103
8725,-0.9829667,-2,2,-1.30103,1.30103
8727,-0.9871628,-2,2,-1.30103,1.30103
8729,-1,-2,2,-1.30103,1.30103
8731,-1.09691,-2,2,-1.30103,1.30103
8733,-0.9065783,-2,2,-1.30103,1.30103
8735,-0.9665762,-2,2,-1.30103,1.30103
8737,-1.075721,-2,2,-1.30103,1.30103
8739,-1.113509,-2,2,-1.30103,1.30103
8741,-1.119186,-2,2,-1.30103,1.30103
8743,-1.124939,-2,2,-1.30103,1.30103
8745,-1.119186,-2,2,-1.30103,1.30103
8747,-0.89279,-2,2,-1.30103,1.30103
8749,-0.9318141,-2,2,-1.30103,1.30103
8751,-0.9913998,-2,2,-1.30103,1.30103
8753,-1.161151,-2,2,-1.30103,1.30103
8755,-1.09691,-2,2,-1.30103,1.30103
8757,-0.950782,-2,2,-1.30103,1.30103
8759,-1.180456,-2,2,-1.30103,1.30103
8761,-1.173925,-2,2,-1.30103,1.30103
8763,-1.39794,-2,2,-1.30103,1.30103
8765,-1.387216,-2,2,-1.30103,1.30103
8767,-1.657577,-2,2,-1.30103,1.30103
8769,-1.60206,-2,2,-1.30103,1.30103
8771,-1.69897,-2,2,-1.30103,1.30103
8773,-1.79588,-2,2,-1.30103,1.30103
8775,-1.853872,-2,2,-1.30103,1.30103
8777,-1.958607,-2,2,-1.30103,1.30103
8779,-1.958607,-2,2,-1.30103,1.30103
8781,-1.920819,-2,2,-1.30103,1.30103
8783,-2.522879,-2,2,-1.30103,1.30103
8785,-2.045758,-2,2,-1.30103,1.30103
8787,-2.09691,-2,2,-1.30103,1.30103
8789,-1.886057,-2,2,-1.30103,1.30103
8791,-1.721246,-2,2,-1.30103,1.30103
8793,-1.920819,-2,2,-1.30103,1.30103
8795,-1.823909,-2,2,-1.30103,1.30103
8797,-1.79588,-2,2,-1.30103,1.30103
8799,-1.657577,-2,2,-1.30103,1.30103
8801,-1.552842,-2,2,-1.30103,1.30103
8803,-1.468521,-2,2,-1.30103,1.30103
8805,-1.376751,-2,2,-1.30103,1.30103
8807,-1.376751,-2,2,-1.30103,1.30103
8809,-1.309804,-2,2,-1.30103,1.30103
8811,-1.309804,-2,2,-1.30103,1.30103
8813,-1.283997,-2,2,-1.30103,1.30103
8815,-1.187087,-2,2,-1.30103,1.30103
8817,-1.187087,-2,2,-1.30103,1.30103
8819,-1.173925,-2,2,-1.30103,1.30103
8821,-1.119186,-2,2,-1.30103,1.30103
8823,-1.113509,-2,2,-1.30103,1.30103
8825,-1.022276,-2,2,-1.30103,1.30103
8827,-0.9871628,-2,2,-1.30103,1.30103
8829,-0.9829667,-2,2,-1.30103,1.30103
8831,-0.9706162,-2,2,-1.30103,1.30103
8833,-0.8416375,-2,2,-1.30103,1.30103
8835,-0.3635121,-2,2,-1.30103,1.30103
8837,-0.335358,-2,2,-1.30103,1.30103
8839,-0.3036436,-2,2,-1.30103,1.30103
8841,-0.3506652,-2,2,-1.30103,1.30103
8843,-0.3819519,-2,2,-1.30103,1.30103
8845,-0.3757179,-2,2,-1.30103,1.30103
8847,-0.333482,-2,2,-1.30103,1.30103
8849,0.3205721,-2,2,-1.30103,1.30103
8851,-0.3288271,-2,2,-1.30103,1.30103
8853,-0.3133637,-2,2,-1.30103,1.30103
8855,-0.3297541,-2,2,-1.30103,1.30103
8857,-0.4546929,-2,2,-1.30103,1.30103
8859,-0.552842,-2,2,-1.30103,1.30103
8861,-0.5199931,-2,2,-1.30103,1.30103
8863,-0.6382722,-2,2,-1.30103,1.30103
8865,-0.6968039,-2,2,-1.30103,1.30103
8867,-0.7055338,-2,2,-1.30103,1.30103
8869,-0.9100949,-2,2,-1.30103,1.30103
8871,-1.107905,-2,2,-1.30103,1.30103
8873,-1.060481,-2,2,-1.30103,1.30103
8875,-0.8268138,-2,2,-1.30103,1.30103
8877,-0.6840296,-2,2,-1.30103,1.30103
8879,-0.821023,-2,2,-1.30103,1.30103
8881,-0.8761483,-2,2,-1.30103,1.30103
8883,-0.935542,-2,2,-1.30103,1.30103
8885,-1.004365,-2,2,-1.30103,1.30103
8887,-1.05061,-2,2,-1.30103,1.30103
8889,-1.05061,-2,2,-1.30103,1.30103
8891,-1.086186,-2,2,-1.30103,1.30103
8893,-1.05061,-2,2,-1.30103,1.30103
8895,-1.05061,-2,2,-1.30103,1.30103
8897,-1.318759,-2,2,-1.30103,1.30103
8899,-0.928118,-2,2,-1.30103,1.30103
8901,-0.9956786,-2,2,-1.30103,1.30103
8903,-1.455932,-2,2,-1.30103,1.30103
8905,-1.443697,-2,2,-1.30103,1.30103
8907,-1.420216,-2,2,-1.30103,1.30103
8909,-1.568636,-2,2,-1.30103,1.30103
8911,-1.537602,-2,2,-1.30103,1.30103
8913,-1.744727,-2,2,-1.30103,1.30103
8915,-1.721246,-2,2,-1.30103,1.30103
8917,-2.09691,-2,2,-1.30103,1.30103
8919,-2.221849,-2,2,-1.30103,1.30103
8921,-2.09691,-2,2,-1.30103,1.30103
8923,-2.09691,-2,2,-1.30103,1.30103
8925,-2.09691,-2,2,-1.30103,1.30103
8927,-2.09691,-2,2,-1.30103,1.30103
8929,-2.09691,-2,2,-1.30103,1.30103
8931,-2.045758,-2,2,-1.30103,1.30103
8933,-2.045758,-2,2,-1.30103,1.30103
8935,-2.045758,-2,2,-1.30103,1.30103
8937,-2,-2,2,-1.30103,1.30103
8939,-1.823909,-2,2,-1.30103,1.30103
8941,-1.823909,-2,2,-1.30103,1.30103
8943,-1.853872,-2,2,-1.30103,1.30103
8945,-1.823909,-2,2,-1.30103,1.30103
8947,-1.823909,-2,2,-1.30103,1.30103
8949,-1.721246,-2,2,-1.30103,1.30103
8951,-1.677781,-2,2,-1.30103,1.30103
8953,-1.39794,-2,2,-1.30103,1.30103
8955,-1.481486,-2,2,-1.30103,1.30103
8957,-1.60206,-2,2,-1.30103,1.30103
8959,-1.568636,-2,2,-1.30103,1.30103
8961,-1.886057,-2,2,-1.30103,1.30103
8963,-1.886057,-2,2,-1.30103,1.30103
8965,-1.886057,-2,2,-1.30103,1.30103
8967,-1.69897,-2,2,-1.30103,1.30103
8969,-1.69897,-2,2,-1.30103,1.30103
8971,-1.79588,-2,2,-1.30103,1.30103
8973,-1.60206,-2,2,-1.30103,1.30103
8975,-1.657577,-2,2,-1.30103,1.30103
8977,-1.769551,-2,2,-1.30103,1.30103
8979,-1.79588,-2,2,-1.30103,1.30103
8981,-1.823909,-2,2,-1.30103,1.30103
8983,-1.537602,-2,2,-1.30103,1.30103
8985,-1.619789,-2,2,-1.30103,1.30103
8987,-1.744727,-2,2,-1.30103,1.30103
8989,-1.769551,-2,2,-1.30103,1.30103
8991,-1.744727,-2,2,-1.30103,1.30103
8993,-1.769551,-2,2,-1.30103,1.30103
8995,-1.920819,-2,2,-1.30103,1.30103
8997,-1.920819,-2,2,-1.30103,1.30103
8999,-2,-2,2,-1.30103,1.30103
9001,-2.09691,-2,2,-1.30103,1.30103
9003,-2.09691,-2,2,-1.30103,1.30103
9005,-2.09691,-2,2,-1.30103,1.30103
9007,-2.154902,-2,2,-1.30103,1.30103
9009,-2.045758,-2,2,-1.30103,1.30103
9011,-2.221849,-2,2,-1.30103,1.30103
9013,-2.09691,-2,2,-1.30103,1.30103
9015,-2.09691,-2,2,-1.30103,1.30103
9017,-2.221849,-2,2,-1.30103,1.30103
9019,-2.221849,-2,2,-1.30103,1.30103
9021,-2.221849,-2,2,-1.30103,1.30103
9023,-2.39794,-2,2,-1.30103,1.30103
9025,-2.39794,-2,2,-1.30103,1.30103
9027,-2.522879,-2,2,-1.30103,1.30103
9029,-2.522879,-2,2,-1.30103,1.30103
9031,-2.522879,-2,2,-1.30103,1.30103
9033,-2.522879,-2,2,-1.30103,1.30103
9035,-3,-2,2,-1.30103,1.30103
9037,-3,-2,2,-1.30103,1.30103
9039,-3.004365,-2,2,-1.30103,1.30103
9041,-3.004365,-2,2,-1.30103,1.30103
9043,-3.004365,-2,2,-1.30103,1.30103
9045,-3.004365,-2,2,-1.30103,1.30103
9047,-3.004365,-2,2,-1.30103,1.30103
9049,-3.004365,-2,2,-1.30103,1.30103
9051,-3.004365,-2,2,-1.30103,1.30103
9053,-3.004365,-2,2,-1.30103,1.30103
9055,-3.004365,-2,2,-1.30103,1.30103
9057,-3.004365,-2,2,-1.30103,1.30103
9059,-3.004365,-2,2,-1.30103,1.30103
9061,-3.004365,-2,2,-1.30103,1.30103
9063,-3.004365,-2,2,-1.30103,1.30103
9065,-3,-2,2,-1.30103,1.30103
9067,-3.004365,-2,2,-1.30103,1.30103
9069,-3,-2,2,-1.30103,1.30103
9071,-3.004365,-2,2,-1.30103,1.30103
9073,-3,-2,2,-1.30103,1.30103
9075,-3,-2,2,-1.30103,1.30103
9077,-2.69897,-2,2,-1.30103,1.30103
9079,-2.522879,-2,2,-1.30103,1.30103
9081,-2.522879,-2,2,-1.30103,1.30103
9083,-2.69897,-2,2,-1.30103,1.30103
9085,-2.69897,-2,2,-1.30103,1.30103
9087,-2.69897,-2,2,-1.30103,1.30103
9089,-2.30103,-2,2,-1.30103,1.30103
9091,-2.30103,-2,2,-1.30103,1.30103
9093,-2.69897,-2,2,-1.30103,1.30103
9095,-3,-2,2,-1.30103,1.30103
9097,-2.69897,-2,2,-1.30103,1.30103
9099,-2.522879,-2,2,-1.30103,1.30103
9101,-2.522879,-2,2,-1.30103,1.30103
9103,-1.823909,-2,2,-1.30103,1.30103
9105,-2,-2,2,-1.30103,1.30103
9107,-2,-2,2,-1.30103,1.30103
9109,-2.30103,-2,2,-1.30103,1.30103
9111,-2.221849,-2,2,-1.30103,1.30103
9113,-1.958607,-2,2,-1.30103,1.30103
9115,-2,-2,2,-1.30103,1.30103
9117,-1.79588,-2,2,-1.30103,1.30103
9119,-1.39794,-2,2,-1.30103,1.30103
9121,-1.455932,-2,2,-1.30103,1.30103
9123,-1.585027,-2,2,-1.30103,1.30103
9125,-1.619789,-2,2,-1.30103,1.30103
9127,-1.619789,-2,2,-1.30103,1.30103
9129,-1.619789,-2,2,-1.30103,1.30103
9131,-1.657577,-2,2,-1.30103,1.30103
9133,-1.657577,-2,2,-1.30103,1.30103
9135,-1.657577,-2,2,-1.30103,1.30103
9137,-1.657577,-2,2,-1.30103,1.30103
9139,-1.79588,-2,2,-1.30103,1.30103
9141,-1.823909,-2,2,-1.30103,1.30103
9143,-1.823909,-2,2,-1.30103,1.30103
9145,-2.045758,-2,2,-1.30103,1.30103
9147,-2.09691,-2,2,-1.30103,1.30103
9149,-2.154902,-2,2,-1.30103,1.30103
9151,-2.39794,-2,2,-1.30103,1.30103
9153,-2.69897,-2,2,-1.30103,1.30103
9155,-3,-2,2,-1.30103,1.30103
9157,-3,-2,2,-1.30103,1.30103
9159,-3,-2,2,-1.30103,1.30103
9161,-1.769551,-2,2,-1.30103,1.30103
9163,-1.552842,-2,2,-1.30103,1.30103
9165,-1.552842,-2,2,-1.30103,1.30103
9167,-1.552842,-2,2,-1.30103,1.30103
9169,-1.552842,-2,2,-1.30103,1.30103
9171,-1.552842,-2,2,-1.30103,1.30103
9173,-1.552842,-2,2,-1.30103,1.30103
9175,-1.552842,-2,2,-1.30103,1.30103
9177,-1.585027,-2,2,-1.30103,1.30103
9179,-1.585027,-2,2,-1.30103,1.30103
9181,-1.585027,-2,2,-1.30103,1.30103
9183,-1.585027,-2,2,-1.30103,1.30103
9185,-1.585027,-2,2,-1.30103,1.30103
9187,-1.619789,-2,2,-1.30103,1.30103
9189,-1.619789,-2,2,-1.30103,1.30103
9191,-1.677781,-2,2,-1.30103,1.30103
9193,-1.677781,-2,2,-1.30103,1.30103
9195,-1.769551,-2,2,-1.30103,1.30103
9197,-1.79588,-2,2,-1.30103,1.30103
9199,-1.823909,-2,2,-1.30103,1.30103
9201,-2,-2,2,-1.30103,1.30103
9203,-2.221849,-2,2,-1.30103,1.30103
9205,-2.221849,-2,2,-1.30103,1.30103
9207,-2.522879,-2,2,-1.30103,1.30103
9209,-2.522879,-2,2,-1.30103,1.30103
9211,-1.920819,-2,2,-1.30103,1.30103
9213,-2.221849,-2,2,-1.30103,1.30103
9215,-2.39794,-2,2,-1.30103,1.30103
9217,-2.39794,-2,2,-1.30103,1.30103
9219,-2.69897,-2,2,-1.30103,1.30103
9221,-2.69897,-2,2,-1.30103,1.30103
9223,-1.920819,-2,2,-1.30103,1.30103
9225,-2.09691,-2,2,-1.30103,1.30103
9227,-2.154902,-2,2,-1.30103,1.30103
9229,-2.154902,-2,2,-1.30103,1.30103
9231,-2.045758,-2,2,-1.30103,1.30103
9233,-2,-2,2,-1.30103,1.30103
9235,-1.619789,-2,2,-1.30103,1.30103
9237,-1.721246,-2,2,-1.30103,1.30103
9239,-1.259637,-2,2,-1.30103,1.30103
9241,-1.79588,-2,2,-1.30103,1.30103
9243,-1.853872,-2,2,-1.30103,1.30103
9245,-2.154902,-2,2,-1.30103,1.30103
9247,-1.619789,-2,2,-1.30103,1.30103
9249,-1.657577,-2,2,-1.30103,1.30103
9251,-1.657577,-2,2,-1.30103,1.30103
9253,-1.585027,-2,2,-1.30103,1.30103
9255,-1.60206,-2,2,-1.30103,1.30103
9257,-1.677781,-2,2,-1.30103,1.30103
9259,-1.30103,-2,2,-1.30103,1.30103
9261,-1.318759,-2,2,-1.30103,1.30103
9263,-1.259637,-2,2,-1.30103,1.30103
9265,-1.21467,-2,2,-1.30103,1.30103
9267,-0.7931741,-2,2,-1.30103,1.30103
9269,-0.7798919,-2,2,-1.30103,1.30103
9271,-0.7851561,-2,2,-1.30103,1.30103
9273,-0.7569619,-2,2,-1.30103,1.30103
9275,-0.7189666,-2,2,-1.30103,1.30103
9277,-0.6882461,-2,2,-1.30103,1.30103
9279,-0.7121983,-2,2,-1.30103,1.30103
9281,-0.7144427,-2,2,-1.30103,1.30103
9283,-0.692504,-2,2,-1.30103,1.30103
9285,-0.6757175,-2,2,-1.30103,1.30103
9287,-0.6458915,-2,2,-1.30103,1.30103
9289,-0.6126102,-2,2,-1.30103,1.30103
9291,-0.6108339,-2,2,-1.30103,1.30103
9293,-0.3115802,-2,2,-1.30103,1.30103
9295,-0.3851028,-2,2,-1.30103,1.30103
9297,0.4202164,-2,2,-1.30103,1.30103
9299,0.391474,-2,2,-1.30103,1.30103
9301,0.3957739,-2,2,-1.30103,1.30103
9303,0.3851028,-2,2,-1.30103,1.30103
9305,0.617983,-2,2,-1.30103,1.30103
9307,0.6575773,-2,2,-1.30103,1.30103
9309,0.6575773,-2,2,-1.30103,1.30103
9311,0.627088,-2,2,-1.30103,1.30103
9313,0.6420652,-2,2,-1.30103,1.30103
9315,0.6819367,-2,2,-1.30103,1.30103
9317,0.7055338,-2,2,-1.30103,1.30103
9319,0.7351822,-2,2,-1.30103,1.30103
9321,0.7594507,-2,2,-1.30103,1.30103
9323,0.7931741,-2,2,-1.30103,1.30103
9325,0.8068754,-2,2,-1.30103,1.30103
9327,0.5030704,-2,2,-1.30103,1.30103
9329,0.5030704,-2,2,-1.30103,1.30103
9331,0.5751184,-2,2,-1.30103,1.30103
9333,0.60206,-2,2,-1.30103,1.30103
9335,0.6307842,-2,2,-1.30103,1.30103
9337,0.6478175,-2,2,-1.30103,1.30103
9339,0.7121983,-2,2,-1.30103,1.30103
9341,0.7121983,-2,2,-1.30103,1.30103
9343,0.7166988,-2,2,-1.30103,1.30103
9345,0.7351822,-2,2,-1.30103,1.30103
9347,0.7594507,-2,2,-1.30103,1.30103
9349,0.7798919,-2,2,-1.30103,1.30103
9351,0.8181564,-2,2,-1.30103,1.30103
9353,0.8181564,-2,2,-1.30103,1.30103
9355,0.3861582,-2,2,-1.30103,1.30103
9357,0.4449055,-2,2,-1.30103,1.30103
9359,0.4571746,-2,2,-1.30103,1.30103
9361,0.4907975,-2,2,-1.30103,1.30103
9363,0.5128616,-2,2,-1.30103,1.30103
9365,0.5142786,-2,2,-1.30103,1.30103
9367,0.348722,-2,2,-1.30103,1.30103
9369,0.3506652,-2,2,-1.30103,1.30103
9371,0.3545777,-2,2,-1.30103,1.30103
9373,0.3705904,-2,2,-1.30103,1.30103
9375,0.3716111,-2,2,-1.30103,1.30103
9377,0.3767507,-2,2,-1.30103,1.30103
9379,0.377786,-2,2,-1.30103,1.30103
9381,0.377786,-2,2,-1.30103,1.30103
9383,0.3809067,-2,2,-1.30103,1.30103
9385,0.3819519,-2,2,-1.30103,1.30103
9387,0.3819519,-2,2,-1.30103,1.30103
9389,0.3819519,-2,2,-1.30103,1.30103
9391,0.3829997,-2,2,-1.30103,1.30103
9393,0.3851028,-2,2,-1.30103,1.30103
9395,0.392545,-2,2,-1.30103,1.30103
9397,0.3957739,-2,2,-1.30103,1.30103
9399,0.3990271,-2,2,-1.30103,1.30103
9401,0.3990271,-2,2,-1.30103,1.30103
9403,0.4023048,-2,2,-1.30103,1.30103
9405,0.4111683,-2,2,-1.30103,1.30103
9407,0.4168012,-2,2,-1.30103,1.30103
9409,0.4179366,-2,2,-1.30103,1.30103
9411,0.4179366,-2,2,-1.30103,1.30103
9413,0.4248122,-2,2,-1.30103,1.30103
9415,0.4306261,-2,2,-1.30103,1.30103
9417,0.4317983,-2,2,-1.30103,1.30103
9419,0.4365189,-2,2,-1.30103,1.30103
9421,0.4412914,-2,2,-1.30103,1.30103
9423,0.446117,-2,2,-1.30103,1.30103
9425,0.4509967,-2,2,-1.30103,1.30103
9427,0.4534573,-2,2,-1.30103,1.30103
9429,0.4534573,-2,2,-1.30103,1.30103
9431,0.4534573,-2,2,-1.30103,1.30103
9433,0.4388986,-2,2,-1.30103,1.30103
9435,0.4134127,-2,2,-1.30103,1.30103
9437,0.4100504,-2,2,-1.30103,1.30103
9439,0.412289,-2,2,-1.30103,1.30103
9441,0.5968795,-2,2,-1.30103,1.30103
9443,0.5968795,-2,2,-1.30103,1.30103
9445,0.5968795,-2,2,-1.30103,1.30103
9447,0.5951663,-2,2,-1.30103,1.30103
9449,0.5718652,-2,2,-1.30103,1.30103
9451,0.5622494,-2,2,-1.30103,1.30103
9453,0.5497509,-2,2,-1.30103,1.30103
9455,0.5466816,-2,2,-1.30103,1.30103
9457,0.5436339,-2,2,-1.30103,1.30103
9459,0.5287083,-2,2,-1.30103,1.30103
9461,0.5287083,-2,2,-1.30103,1.30103
9463,0.5228788,-2,2,-1.30103,1.30103
9465,0.4975729,-2,2,-1.30103,1.30103
9467,0.4685211,-2,2,-1.30103,1.30103
9469,0.4609239,-2,2,-1.30103,1.30103
9471,0.4571746,-2,2,-1.30103,1.30103
9473,0.4571746,-2,2,-1.30103,1.30103
9475,0.4412914,-2,2,-1.30103,1.30103
9477,0.4034029,-2,2,-1.30103,1.30103
9479,0.3893398,-2,2,-1.30103,1.30103
9481,0.3957739,-2,2,-1.30103,1.30103
9483,-0.3160529,-2,2,-1.30103,1.30103
9485,-0.335358,-2,2,-1.30103,1.30103
9487,-0.3269791,-2,2,-1.30103,1.30103
9489,-0.3585259,-2,2,-1.30103,1.30103
9491,-0.3467875,-2,2,-1.30103,1.30103
9493,-0.3665316,-2,2,-1.30103,1.30103
9495,-0.3098039,-2,2,-1.30103,1.30103
9497,-0.3448616,-2,2,-1.30103,1.30103
9499,-0.3306831,-2,2,-1.30103,1.30103
9501,-0.3716111,-2,2,-1.30103,1.30103
9503,-0.3036436,-2,2,-1.30103,1.30103
9505,-0.3115802,-2,2,-1.30103,1.30103
9507,-0.3133637,-2,2,-1.30103,1.30103
9509,0.352617,-2,2,-1.30103,1.30103
9511,0.3605135,-2,2,-1.30103,1.30103
9513,0.3615108,-2,2,-1.30103,1.30103
9515,0.3872162,-2,2,-1.30103,1.30103
9517,0.3746876,-2,2,-1.30103,1.30103
9519,0.3767507,-2,2,-1.30103,1.30103
9521,0.3851028,-2,2,-1.30103,1.30103
9523,0.3535963,-2,2,-1.30103,1.30103
9525,0.35164,-2,2,-1.30103,1.30103
9527,0.5543958,-2,2,-1.30103,1.30103
9529,0.5543958,-2,2,-1.30103,1.30103
9531,0.5199931,-2,2,-1.30103,1.30103
9533,0.49485,-2,2,-1.30103,1.30103
9535,0.4788619,-2,2,-1.30103,1.30103
9537,0.455932,-2,2,-1.30103,1.30103
9539,0.4698003,-2,2,-1.30103,1.30103
9541,0.4814861,-2,2,-1.30103,1.30103
9543,0.4814861,-2,2,-1.30103,1.30103
9545,0.489455,-2,2,-1.30103,1.30103
9547,0.5406075,-2,2,-1.30103,1.30103
9549,0.5734887,-2,2,-1.30103,1.30103
9551,0.6161847,-2,2,-1.30103,1.30103
9553,0.5900669,-2,2,-1.30103,1.30103
9555,1.275724,-2,2,-1.30103,1.30103

Breakpoint positions
 26
 121
 237
 265
 276
 304
 310
 316
 318
 341
 348
 352
 384
 386
 388
 390
 400
 437
 442
 444
 446
 460
 462
 464
 468
 473
 484
 510
 514
 528
 538
 550
 584
 620
 639
 660
 693
 722
 748
 752
 819
 869
 874
 1002
 1018
 1019
 1056
 1079
 1085
 1088
 1090
 1094
 1106
 1109
 1116
 1118
 1132
 1136
 1139
 1140
 1145
 1156
 1160
 1200
 1204
 1226
 1242
 1247
 1251
 1282
 1302
 1308
 1312
 1316
 1352
 1354
 1356
 1376
 1388
 1398
 1401
 1408
 1410
 1418
 1431
 1434
 1436
 1444
 1450
 1484
 1499
 1518
 1523
 1528
 1563
 1564
 1565
 1569
 1570
 1594
 1625
 1627
 1630
 1642
 1662
 1690
 1706
 1748
 1777
 1782
 1796
 1812
 1826
 1858
 1862
 1870
 1926
 1933
 1934
 1940
 1951
 1956
 1970
 1977
 1983
 1990
 2006
 2016
 2022
 2048
 2060
 2061
 2062
 2070
 2076
 2077
 2078
 2084
 2088
 2095
 2143
 2173
 2176
 2190
 2192
 2214
 2221
 2224
 2226
 2230
 2250
 2265
 2292
 2308
 2316
 2318
 2320
 2322
 2326
 2328
 2332
 2350
 2362
 2392
 2424
 2440
 2478
 2480
 2520
 2553
 2563
 2566
 2572
 2584
 2600
 2607
 2626
 2628
 2650
 2652
 2704
 2726
 2778
 2781
 2827
 2835
 2846
 2856
 2866
 2875
 2890
 2892
 2894
 2896
 2902
 2912
 2923
 2930
 2936
 3081
 3093
 3102
 3112
 3120
 3131
 3158
 3170
 3171
 3178
 3184
 3193
 3218
 3239
 3290
 3298
 3337
 3339
 3351
 3410
 3417
 3428
 3466
 3520
 3538
 3542
 3544
 3560
 3562
 3584
 3596
 3598
 3658
 3662
 3669
 3675
 3683
 3705
 3710
 3720
 3736
 3758
 3797
 3799
 3906
 3981
 3988
 4004
 4034
 4050
 4069
 4112
 4122
 4129
 4130
 4159
 4254
 4262
 4264
 4278
 4288
 4304
 4319
 4348
 4382
 4384
 4386
 4425
 4428
 4436
 4438
 4498
 4501
 4502
 4506
 4529
 4544
 4547
 4572
 4608
 4657
 4658
 4664
 4688
 4708
 4728
 4732
 4762
 4764
 4788
 4790
 4795
 4822
 4828
 4848
 4854
 4855
 4857
 4876
 4882
 4898
 4900
 4914
 4928
 4944
 4948
 4970
 4978
 4990
 4992
 5046
 5049
 5068
 5082
 5096
 5170
 5174
 5182
 5194
 5216
 5217
 5236
 5237
 5239
 5250
 5254
 5259
 5270
 5324
 5326
 5335
 5362
 5368
 5388
 5402
 5406
 5407
 5413
 5422
 5432
 5433
 5440
 5451
 5459
 5467
 5471
 5481
 5482
 5490
 5494
 5497
 5498
 5500
 5502
 5521
 5546
 5567
 5624
 5632
 5637
 5652
 5666
 5669
 5673
 5674
 5678
 5686
 5688
 5691
 5692
 5693
 5704
 5712
 5716
 5720
 5728
 5738
 5753
 5754
 5801
 5814
 5823
 5826
 5830
 5832
 5838
 5840
 5842
 5844
 5850
 5854
 5856
 5857
 5867
 5868
 5872
 5885
 5887
 5890
 5898
 5899
 5904
 5918
 5922
 5926
 5945
 5946
 5954
 5959
 5965
 5973
 5980
 5994
 6000
 6010
 6044
 6056
 6061
 6072
 6077
 6127
 6130
 6176
 6274
 6292
 6344
 6372
 6387
 6508
 6512
 6516
 6517
 6520
 6562
 6565
 6597
 6693
 6702
 6746
 6749
 6758
 6770
 6773
 6822
 6828
 6838
 6898
 6934
 6938
 6954
 6966
 6977
 7014
 7052
 7057
 7066
 7070
 7131
 7152
 7192
 7218
 7221
 7250
 7253
 7254
 7268
 7335
 7352
 7357
 7358
 7360
 7378
 7410
 7426
 7464
 7484
 7520
 7619
 7622
 7658
 7760
 7789
 7800
 7854
 7876
 7922
 7984
 8029
 8076
 8078
 8079
 8082
 8086
 8094
 8100
 8111
 8114
 8117
 8120
 8128
 8140
 8142
 8144
 8162
 8168
 8174
 8176
 8179
 8182
 8188
 8195
 8202
 8214
 8238
 8249
 8311
 8326
 8330
 8348
 8354
 8366
 8376
 8381
 8386
 8405
 8414
 8428
 8440
 8468
 8484
 8490
 8512
 8514
 8522
 8526
 8528
 8534
 8536
 8543
 8548
 8550
 8552
 8555
 8561
 8586
 8592
 8603
 8610
 8614
 8632
 8646
 8684
 8732
 8734
 8748
 8772
 8773
 8775
 8788
 8798
 8851
 8857
 8862
 8866
 8872
 8881
 8942
 8949
 8955
 8957
 8961
 8967
 8969
 8971
 8978
 8987
 8996
 9002
 9008
 9011
 9016
 9017
 9059
 9062
 9109
 9122
 9134
 9138
 9145
 9158
 9166
 9192
 9196
 9204
 9208
 9339
 9408
 9426
 9454
 9465
